name,address_street,city,state,zip,country,phone,website,google_maps_url,category_primary,category_secondary,google_rating,google_reviews_count,hours,review_keywords,hour
3G Asian Mini Mart - Filipino Oriental,6350 W Ramsey St Ste K,Banning,CA,92220,US,(951) 381-1022,,https://www.google.com/maps/place/3G+Asian+Mini+Mart+-+Filipino+Oriental/data=!4m7!3m6!1s0x80db436f78fe5c87:0xc2a1807a5960dab!8m2!3d33.9285868!4d-116.9460833!16s%2Fg%2F11l27vqrr8!19sChIJh1z-eG9D24ARqw2WpQcYKgw?authuser=0&hl=en&rclk=1,Supermarket & Grocery,,4.9,11,10 AM-8 PM,"snacks, fresh produce",
ADOruBOwl,1044 Shary Cir,Concord,CA,94518,US,(925) 381-1470,https://www.adorubowl.com/,https://www.google.com/maps/place/ADOruBOwl/data=!4m7!3m6!1s0x808561ce70bb3243:0x697f6a305f5c9d5!8m2!3d37.953658!4d-122.0319158!16s%2Fg%2F11lp7yw1hg!19sChIJQzK7cM5hhYAR1cn1BaP2lwY?authuser=0&hl=en&rclk=1,Restaurant,,0,0,9:30 AM-4:30 PM,,
American Ranch & Seafood Market,19105 Pioneer Blvd,Artesia,CA,90701,US,(562) 924-7000,http://americanranchmarket.com/,https://www.google.com/maps/place/American+Ranch+%26+Seafood+Market/data=!4m7!3m6!1s0x80dd2da6a5e71595:0xf3dced68ef7b6fe7!8m2!3d33.85702!4d-118.0825637!16s%2Fg%2F1tftlj5h!19sChIJlRXnpaYt3YAR529772jt3PM?authuser=0&hl=en&rclk=1,Supermarket & Grocery,Quick Bites & Turo-Turo,4.1,515,9 AM-7 PM,"filipino food, groceries, fresh, servers, fast food, cashier, to go, pork, breakfast, clean",
Arko Foods International,1425 E Colorado St,Glendale,CA,91205,US,(818) 242-5921,,https://www.google.com/maps/place/Arko+Foods+International/data=!4m7!3m6!1s0x80c2c10d90806e33:0xb5821ec1ef30a52d!8m2!3d34.143!4d-118.2329!16s%2Fg%2F1tfydvgt!19sChIJM26AkA3BwoARLaUw78EegrU?authuser=0&hl=en&rclk=1,Supermarket & Grocery,Quick Bites & Turo-Turo,4.2,528,8:30 AM-8 PM,"filipino food, to go, fish, fresh, kare kare, sisig, home, wash your hands, fast food, parties",
Asian Pride,15885 Main St #210,Hesperia,CA,92345,US,(760) 949-8789,,https://www.google.com/maps/place/Asian+Pride/data=!4m7!3m6!1s0x80c36782298e6dab:0xedb86c75e1f7fcbd!8m2!3d34.4230374!4d-117.3171835!16s%2Fg%2F1tj73wjf!19sChIJq22OKYJnw4ARvfz34XVsuO0?authuser=0&hl=en&rclk=1,Supermarket & Grocery,,4.3,114,10 AM-6 PM,"prices, noodles, filipino food, spicy, asian food, ube, asian market",
Auntie Dees' Pan de Manila,3756 W Ave 40 #1G,Los Angeles,CA,90065,US,(323) 478-9284,http://auntiedees.com/,https://www.google.com/maps/place/Auntie+Dees%27+Pan+de+Manila/data=!4m7!3m6!1s0x80c2c149c1ad1e65:0x3a0b8931623756a4!8m2!3d34.1197127!4d-118.227394!16s%2Fg%2F1tg81qx1!19sChIJZR6twUnBwoARpFY3YjGJCzo?authuser=0&hl=en&rclk=1,"Bakery, Dessert & Cafe",,4.1,82,7 AM-6 PM,"pandesal, ube, lumpia, ensaymada, pancit, filipino, egg rolls, empanadas, siopao, breakfast",
Aurelia's Restaurant & Catering Services,4463 Beverly Blvd Suite B,Los Angeles,CA,90004,US,(323) 620-3306,https://www.facebook.com/aurelia54beverly/,https://www.google.com/maps/place/Aurelia%27s+Restaurant+%26+Catering+Services/data=!4m7!3m6!1s0x80c2b9601aba7a47:0x867e801fc630186a!8m2!3d34.0764952!4d-118.3059133!16s%2Fg%2F11jv4p6px4!19sChIJR3q6GmC5woARahgwxh-AfoY?authuser=0&hl=en&rclk=1,Quick Bites & Turo-Turo,Restaurant,4.3,3,7 AM-12 PM,,
Bahay Natin Food Mart,9903 Venice Blvd.,Los Angeles,CA,90034,US,(213) 493-4587,,https://www.google.com/maps/place/Bahay+Natin+Food+Mart/data=!4m7!3m6!1s0x80c2ba2eada40bcb:0x5e74145c7f70b607!8m2!3d34.023508!4d-118.3991949!16s%2Fg%2F1v6l7rq9!19sChIJywukrS66woARB7Zwf1wUdF4?authuser=0&hl=en&rclk=1,Supermarket & Grocery,Quick Bites & Turo-Turo,4.3,81,10 AM-6:30 PM,"filipino, lumpia, snacks, ube, selection, turon, tocino, halo halo, prices",
Bakers & Baristas,11700 South St,Artesia,CA,90701,US,(562) 865-6903,http://www.bakersandbaristas.net/,https://www.google.com/maps/place/Bakers+%26+Baristas/data=!4m7!3m6!1s0x80dd2da1414de345:0xc95186492c8cfdba!8m2!3d33.8572439!4d-118.0844076!16s%2Fg%2F11b8_nkbfj!19sChIJReNNQaEt3YARuv2MLEmGUck?authuser=0&hl=en&rclk=1,"Bakery, Dessert & Cafe",Restaurant,4.4,792,8 AM-4 PM,"pastries, brunch, avocado toast, chicken and waffles, cereal, macarons, breakfast bowl, fruity pebbles, tapsilog, chilaquiles",
Bella's Bakery,155 Lathrop Rd,Lathrop,CA,95330,US,(209) 858-9192,https://www.facebook.com/bellasbakery209/,https://www.google.com/maps/place/Bella%27s+Bakery/data=!4m7!3m6!1s0x809015151769b61b:0x9f219817986aad65!8m2!3d37.8269088!4d-121.2872462!16s%2Fg%2F1v6l7q_t!19sChIJG7ZpFxUVkIARZa1qmBeYIZ8?authuser=0&hl=en&rclk=1,"Bakery, Dessert & Cafe",,4.6,156,5 AM-6 PM,"pandesal, rolls, spanish bread, baked, morning, muffins, puto, filipino food, ube cheesecake, ensaymada",
Bernard's Pinoy Food,1650 May Ave,Chula Vista,CA,91913,US,,,https://www.google.com/maps/place/Bernard%27s+Pinoy+Food/data=!4m7!3m6!1s0x80d9451438727a35:0x8f91cc1bd9266dab!8m2!3d32.6166907!4d-116.9803902!16s%2Fg%2F11mcvqxj02!19sChIJNXpyOBRF2YARq20m2RvMkY8?authuser=0&hl=en&rclk=1,Restaurant,,0,0,,,
Bread and Butter,4573 N Fresno St #102,Fresno,CA,93726,US,(559) 712-0221,,https://www.google.com/maps/place/Bread+and+Butter/data=!4m7!3m6!1s0x80945d27457e4f79:0x766e4448f6ef4437!8m2!3d36.8006643!4d-119.7819893!16s%2Fg%2F11jsvsm2qs!19sChIJeU9-RSddlIARN0Tv9khEbnY?authuser=0&hl=en&rclk=1,"Bakery, Dessert & Cafe",,4.8,67,10 AM-5 PM,"senorita bread, ube bread, farmers market, cinnamon, ube brownies, sweet, pandesal, star bread, filipino, jam",
Bulacan Bakeshop & Catering,2256 Colorado Blvd #110,Los Angeles,CA,90041,US,(323) 255-0888,,https://www.google.com/maps/place/Bulacan+Bakeshop+%26+Catering/data=!4m7!3m6!1s0x80c2c1664ca4cdab:0x95c0a32077b9e057!8m2!3d34.1389332!4d-118.2157478!16s%2Fg%2F11gbs4gnt1!19sChIJq82kTGbBwoARV-C5dyCjwJU?authuser=0&hl=en&rclk=1,"Bakery, Dessert & Cafe",Quick Bites & Turo-Turo,3.9,61,7 AM-4 PM,"price, breakfast, filipino food, bangus, hopia, comfort food, fast food",
Bulan Filipino Grill,956 W Foothill Blvd,Claremont,CA,91711,US,(909) 276-8995,https://www.facebook.com/profile.php?id=61562147706114&mibextid=ZbWKwL,https://www.google.com/maps/place/Bulan+Filipino+Grill/data=!4m7!3m6!1s0x80c33b6c3078fbad:0xac638568773a1d95!8m2!3d34.1067867!4d-117.7331557!16s%2Fg%2F11y95cm1l1!19sChIJrft4MGw7w4ARlR06d2iFY6w?authuser=0&hl=en&rclk=1,Quick Bites & Turo-Turo,Restaurant,4.7,48,10 AM-8 PM,"pork, filipino food, pancit, prices, lumpia, plate, garlic fried rice, chicken skewers, chicken adobo, silog",
Cabalen sweets&savory,1419 San Carlos Ave,Concord,CA,94518,US,(510) 200-2951,https://www.cabalensweetandsavory.com/,https://www.google.com/maps/place/Cabalen+sweets%26savory/data=!4m7!3m6!1s0x808567e753e706df:0xd6446e2bc06b0dc4!8m2!3d37.9720132!4d-122.0253102!16s%2Fg%2F11hhmrk7nb!19sChIJ3wbnU-dnhYARxA1rwCtuRNY?authuser=0&hl=en&rclk=1,Restaurant,"Bakery, Dessert & Cafe",5,1,,,
Casa Filipina Restaurant & Bke,22102 Main St,Carson,CA,90745,US,(310) 835-2193,,https://www.google.com/maps/place/Casa+Filipina+Restaurant+%26+Bke/data=!4m7!3m6!1s0x80dd3512cb42ba0f:0x8818cd44ecd7e6e0!8m2!3d33.8266845!4d-118.2762786!16s%2Fg%2F1w0p5yfn!19sChIJD7pCyxI13YAR4ObX7ETNGIg?authuser=0&hl=en&rclk=1,Restaurant,"Bakery, Dessert & Cafe",4.4,21,9 AM-6:30 PM,,
Claire's Pastries & Restaurant,6259 Mission St #6255,Daly City,CA,94014,US,(650) 758-4500,,https://www.google.com/maps/place/Claire%27s+Pastries+%26+Restaurant/data=!4m7!3m6!1s0x808f7c3c8d66f621:0x3918e0344129346a!8m2!3d37.7060921!4d-122.460297!16s%2Fg%2F1tfppy6f!19sChIJIfZmjTx8j4ARajQpQTTgGDk?authuser=0&hl=en&rclk=1,Restaurant,,4.4,24,8 AM-2 PM,,
Daniela's Kitchenette (Inside of Fresh Catch Market),11618 South St,Artesia,CA,90701,US,(562) 402-6727,https://cyrusramsey.com/places/danielas-kitchenette-inside-of-fresh-catch-market/,https://www.google.com/maps/place/Daniela%27s+Kitchenette+%28Inside+of+Fresh+Catch+Market%29/data=!4m7!3m6!1s0x80dd2da0543b2fd1:0x69b38bce42d033a3!8m2!3d33.8571101!4d-118.0856569!16s%2Fg%2F1tj5lg9v!19sChIJ0S87VKAt3YARozPQQs6Ls2k?authuser=0&hl=en&rclk=1,Restaurant,Supermarket & Grocery,4.6,32,7 AM-2 PM,"breakfast, price",
Dollar Hits,2432 W Temple St,Los Angeles,CA,90026,US,(213) 908-6000,http://dollarhitsstreetfood.com/,https://www.google.com/maps/place/Dollar+Hits/data=!4m7!3m6!1s0x80c2c712656a04df:0x7f1d74345761c7a2!8m2!3d34.0714639!4d-118.2729285!16s%2Fg%2F11b77pb6c7!19sChIJ3wRqZRLHwoARosdhVzR0HX8?authuser=0&hl=en&rclk=1,Restaurant,Quick Bites & Turo-Turo,4.4,944,7 AM-11 PM,"street food, grill, skewers, balut, cucumber, pork blood, quail eggs, netflix, pig ears, tokneneng",
Donutealo,56 San Pedro Rd,Daly City,CA,94014,US,(650) 488-0888,,https://www.google.com/maps/place/Donutealo/data=!4m7!3m6!1s0x808f7c0d6c8b0001:0x559bce01b6e760ac!8m2!3d37.6895138!4d-122.4675224!16s%2Fg%2F11fll61xdt!19sChIJAQCLbA18j4ARrGDntgHOm1U?authuser=0&hl=en&rclk=1,Supermarket & Grocery,"Bakery, Dessert & Cafe",3.4,5,7 AM-6 PM,hopia,
Elay's Oriental Store,671 1st St,Gilroy,CA,95020,US,(669) 239-0930,,"https://www.google.com/maps/place/Elay%E2%80%99s+Oriental+Store/@37.0139323,-121.5811376,17z/data=!3m1!4b1!4m6!3m5!1s0x8091e18abf8e7487:0x4bce627f865e371e!8m2!3d37.0139323!4d-121.5811376!16s%2Fg%2F11lrf7z6k8?authuser=0&hl=en&entry=ttu&g_ep=EgoyMDI1MDgyNS4wIKXMDSoASAFQAw%3D%3D",Supermarket & Grocery,"Bakery, Dessert & Cafe",4.8,36,9:30 AM-6:30 PM,"filipino food, ice cream",
Fil Am Oriental Market,34010 Date Palm Dr,Cathedral City,CA,92234,US,(760) 770-4569,,https://www.google.com/maps/place/Fil+Am+Oriental+Market/data=!4m7!3m6!1s0x80db1d2ef67fcaab:0x55a2d59a20f6d8ce!8m2!3d33.8011621!4d-116.4576436!16s%2Fg%2F1tjyn_t9!19sChIJq8p_9i4d24ARztj2IJrVolU?authuser=0&hl=en&rclk=1,Supermarket & Grocery,"Bakery, Dessert & Cafe",4.5,440,9 AM-7 PM,"filipino food, pancit, take out, ingredients, halo-halo, fresh produce, pork, boba, adobo, lumpia",
Fil Bake Shop,441 Cecil Ave,Delano,CA,93215,US,(661) 725-6370,,https://www.google.com/maps/place/Fil+Bake+Shop/data=!4m7!3m6!1s0x80eae5e9f27aff3f:0x6ede2ebeceec4bc1!8m2!3d35.7762197!4d-119.2540829!16s%2Fg%2F1tdv_5y7!19sChIJP_968unl6oARwUvszr4u3m4?authuser=0&hl=en&rclk=1,"Bakery, Dessert & Cafe",,4.7,263,4 AM-3 PM,"lady fingers, pandesal, price, rolls, cream cheese, filipino, lumpia, ube, banana, spanish bread",
Filipino Desserts Plus - Chula Vista,285 E Orange Ave UNIT 104,Chula Vista,CA,91911,US,(619) 420-6748,https://www.filipinodessertsplus.com/,https://www.google.com/maps/place/Filipino+Desserts+Plus+-+Chula+Vista/data=!4m7!3m6!1s0x80d94ee460391201:0xe4bb84db270d8834!8m2!3d32.605275!4d-117.040555!16s%2Fg%2F1261l7rxh!19sChIJARI5YORO2YARNIgNJ9uEu-Q?authuser=0&hl=en&rclk=1,"Bakery, Dessert & Cafe",Quick Bites & Turo-Turo,3.1,14,8 AM-8 PM,"filipino food, seafood, kutsinta, puto, pancit, ube, expiration date, price",
Filipino Store,9522 Chapman Ave Suites A&B,Garden Grove,CA,92841,US,(714) 539-1158,,https://www.google.com/maps/place/Filipino+Store/data=!4m7!3m6!1s0x80dd285e141f3853:0x2120dde36446eaaf!8m2!3d33.788276!4d-117.9669381!16s%2Fg%2F1tf60lh8!19sChIJUzgfFF4o3YARr-pGZOPdICE?authuser=0&hl=en&rclk=1,Supermarket & Grocery,,4.4,42,9:30 AM-5:30 PM,filipino food,
FILLED MARKET / MANILA DISTRICT LA,1801 E 7th St,Los Angeles,CA,90021,US,(213) 550-3318,,"https://www.google.com/maps/place/FILLED+MARKET+%2F+MANILA+DISTRICT+LA/@34.0350182,-118.2342944,17z/data=!3m1!4b1!4m6!3m5!1s0x80c2c70cb6967ba3:0xf0b81d6779fe028a!8m2!3d34.0350182!4d-118.2342944!16s%2Fg%2F11k6n3bbpb?authuser=0&hl=en&entry=ttu&g_ep=EgoyMDI1MDgyNS4wIKXMDSoASAFQAw%3D%3D",Supermarket & Grocery,,4.7,18,,vendors,
Fresh Catch Seafood Market,11618 South St,Artesia,CA,90701,US,(562) 402-2133,,https://www.google.com/maps/place/Fresh+Catch+Seafood+Market/data=!4m7!3m6!1s0x80dd2da10b6249e5:0xb01c80b4f85feffc!8m2!3d33.8572302!4d-118.085727!16s%2Fg%2F11c581_zk9!19sChIJ5UliC6Et3YAR_O9f-LSAHLA?authuser=0&hl=en&rclk=1,Supermarket & Grocery,,4.3,496,8 AM-8 PM,"prices, crabs, asian market, clean, selection, asian food, filipino food, tilapia, fishmonger, halo halo",
Gerry's Grill,11710 South St #107,Artesia,CA,90701,US,(562) 403-1000,https://gerrysgrill.com/usa,https://www.google.com/maps/place/Gerry%27s+Grill/data=!4m7!3m6!1s0x80dd2da12385306b:0x3a052cc75e0ec04c!8m2!3d33.8578822!4d-118.0842034!16s%2Fg%2F1tx_6n_d!19sChIJazCFI6Et3YARTMAOXscsBTo?authuser=0&hl=en&rclk=1,Restaurant,Quick Bites & Turo-Turo,4.4,1144,11 AM-9 PM,"band, grilled squid, tuna, live music, ceviche, tip, sports, course, adobo fried rice, crab",
Hemet Asian Market,1729 W Florida Ave,Hemet,CA,92545,US,(951) 929-6886,,https://www.google.com/maps/place/Hemet+Asian+Market/data=!4m7!3m6!1s0x80db65f9597e8943:0x7885f69bdd570b60!8m2!3d33.746667!4d-116.990707!16s%2Fg%2F1tsr3hgj!19sChIJQ4l-Wfll24ARYAtX3Zv2hXg?authuser=0&hl=en&rclk=1,Supermarket & Grocery,Quick Bites & Turo-Turo,4.3,405,9 AM-5 PM,"prices, filipino food, lumpia, to go, desserts, pancit, sisig, halo halo, lechon, ube",
HuLa Truck,49103 Milmont Dr,Fremont,CA,94538,US,(408) 466-9350,,https://www.google.com/maps/place/HuLa+Truck/data=!4m7!3m6!1s0x808fc97e51eaaaab:0xd8fac447e7a33ffb!8m2!3d37.4584878!4d-121.9211393!16s%2Fg%2F11ghr0cmz5!19sChIJq6rqUX7Jj4AR-z-j50fE-tg?authuser=0&hl=en&rclk=1,Food Truck & Pop-Up,Restaurant,3.8,13,11 AM-5 PM,"tater tots, food truck, hot sauce, pico de gallo, burrito, fried",
Ima's Kusina,2030 Diamond Blvd,Concord,CA,94520,US,(925) 446-6391,https://imaskusina.com/,https://www.google.com/maps/place/Ima%27s+Kusina/data=!4m7!3m6!1s0x808566c6a9d96f3d:0xed7069589cb8aef1!8m2!3d37.9735173!4d-122.0557871!16s%2Fg%2F11gf4xxw0y!19sChIJPW_ZqcZmhYAR8a64nFhpcO0?authuser=0&hl=en&rclk=1,Restaurant,Quick Bites & Turo-Turo,3.2,46,9 AM-7 PM,"price, reviews, halo halo, couple, chicharron, adobo",
J B J's Bakery,860 Carson St,Carson,CA,90745,US,(310) 518-6074,http://j-b-js-bakery.jany.io/,https://www.google.com/maps/place/J+B+J%27s+Bakery/data=!4m7!3m6!1s0x80dd356af99ae439:0x1fc7d0155e0fc785!8m2!3d33.8306694!4d-118.2598914!16s%2Fg%2F1hc59x5_s!19sChIJOeSa-Wo13YARhccPXhXQxx8?authuser=0&hl=en&rclk=1,"Bakery, Dessert & Cafe",,4.6,61,7 AM-7 PM,"empanadas, pandesal, cheese, ube",
Kainan Sa Kanto,5521 Del Amo Blvd,Lakewood,CA,90713,US,(562) 804-7627,,https://www.google.com/maps/place/Kainan+Sa+Kanto/data=!4m7!3m6!1s0x80dd326335f3e41b:0x83e07b2c947ec99f!8m2!3d33.8474436!4d-118.124254!16s%2Fg%2F11d_y75ytk!19sChIJG-TzNWMy3YARn8l-lCx74IM?authuser=0&hl=en&rclk=1,Restaurant,Quick Bites & Turo-Turo,4.4,102,7 AM-7 PM,"empanada, selection, take out, pork, bbq, bangus, turon, strip mall, goat, tripe",
"Kubo Restaurant, formerly Bahay Kubo",2330 W Temple St,Los Angeles,CA,90026,US,(213) 413-4804,https://bahaykuborestaurant.site/,"https://www.google.com/maps/place/Kubo+Restaurant,+formerly+Bahay+Kubo/data=!4m7!3m6!1s0x80c2c712748a9ac5:0xd7a4acec5bea0d6b!8m2!3d34.0712912!4d-118.271631!16s%2Fg%2F1tdwkscc!19sChIJxZqKdBLHwoARaw3qW-yspNc?authuser=0&hl=en&rclk=1",Restaurant,Quick Bites & Turo-Turo,4.1,374,7 AM-7 PM,"price, parking, BBQ, fried chicken, pork, tax, cafeteria, cash, wash, fish ball",
L.A. Chibugan,4110 Verdugo Rd,Los Angeles,CA,90065,US,(323) 274-4053,https://www.instagram.com/la.chibugan,https://www.google.com/maps/place/L.A.+Chibugan/data=!4m7!3m6!1s0x80c2c10022012ee9:0xfeadaf780df622e6!8m2!3d34.1254742!4d-118.2314756!16s%2Fg%2F11wqccf96s!19sChIJ6S4BIgDBwoAR5iL2DXivrf4?authuser=0&hl=en&rclk=1,Quick Bites & Turo-Turo,Restaurant,4.9,35,9 AM-6 PM,"filipino food, price, atmosphere, bank",
La PriMa Food Truck,590 S Burlingame Ave,Los Angeles,CA,90049,US,(323) 679-5075,,https://www.google.com/maps/place/La+PriMa+Food+Truck/data=!4m7!3m6!1s0x80c2bd0015c466fb:0x720b0f63f3c2ff91!8m2!3d34.0499396!4d-118.483501!16s%2Fg%2F11w2zvtk2n!19sChIJ-2bEFQC9woARkf_C82MPC3I?authuser=0&hl=en&rclk=1,Food Truck & Pop-Up,,4.9,8,7:30 AM-5:30 PM,,
Lasang Pinas Fil-Asian Restaurant,8911 De Soto Ave,Canoga Park,CA,91304,US,(818) 998-4100,,https://www.google.com/maps/place/Lasang+Pinas+Fil-Asian+Restaurant/data=!4m7!3m6!1s0x80c29c85d1998e43:0xb809499bae586c3c!8m2!3d34.2321869!4d-118.5889873!16s%2Fg%2F11f39f_pmd!19sChIJQ46Z0YWcwoARPGxYrptJCbg?authuser=0&hl=en&rclk=1,Restaurant,Quick Bites & Turo-Turo,4.5,38,8 AM-5 PM,"price, beef steak",
Luisa & Son Bake Shop,11620 1/2 South St,Artesia,CA,90701,US,(562) 924-8100,,https://www.google.com/maps/place/Luisa+%26+Son+Bake+Shop/data=!4m7!3m6!1s0x80dd2da0558bc355:0xf7e3751ef5e18aff!8m2!3d33.8572527!4d-118.085532!16s%2Fg%2F1tkl3mjk!19sChIJVcOLVaAt3YAR_4rh9R514_c?authuser=0&hl=en&rclk=1,"Bakery, Dessert & Cafe",Quick Bites & Turo-Turo,4.3,203,9 AM-6 PM,"filipino, empanadas, ube, turon, lumpia, hopia, ensaymada, fried, to go, area",
Lutong Bahay Restaurant,3756 W Ave 40,Los Angeles,CA,90065,US,(323) 255-7827,,https://www.google.com/maps/place/Lutong+Bahay+Restaurant/data=!4m7!3m6!1s0x80c2c136f48e0c27:0xf4fcd07febf86ed8!8m2!3d34.1195601!4d-118.2278959!16s%2Fg%2F11cjgc9v_t!19sChIJJwyO9DbBwoAR2G7463_Q_PQ?authuser=0&hl=en&rclk=1,Restaurant,Quick Bites & Turo-Turo,4.2,280,8 AM-7:30 PM,"price, fresh, home, cashier, groceries, cook, shellfish, fried fish, smile, asian",
Mabuhay Kitchen,17220 Norwalk Blvd,Cerritos,CA,90703,US,(562) 924-4600,http://mabuhay-kitchen.keeq.io/,https://www.google.com/maps/place/Mabuhay+Kitchen/data=!4m7!3m6!1s0x80dd2d1b491dee4d:0x23c5c8d1a2fc6f03!8m2!3d33.8737029!4d-118.0710765!16s%2Fg%2F11b88mycyt!19sChIJTe4dSRst3YARA2_8otHIxSM?authuser=0&hl=en&rclk=1,Restaurant,Quick Bites & Turo-Turo,4.1,59,7:30 AM-6 PM,"breakfast, price",
Magat Asian Grocery & Deli,5480 California Ave,Bakersfield,CA,93309,US,(661) 633-0109,,https://www.google.com/maps/place/Magat+Asian+Grocery+%26+Deli/data=!4m7!3m6!1s0x80ea41f64fcda2e7:0xc5295e2ed6e98e0f!8m2!3d35.3577637!4d-119.0616044!16s%2Fg%2F1ths9nzw!19sChIJ56LNT_ZB6oARD47p1i5eKcU?authuser=0&hl=en&rclk=1,Supermarket & Grocery,,4.5,45,8 AM-6 PM,"filipino food, prices",
Mang Indo Asian Market And Restaurant,25069 Redlands Blvd suite b,Loma Linda,CA,92354,US,(909) 674-0110,https://uscompany.business/business/mang-indo-asian-market-and-restaurant-j73i6g,https://www.google.com/maps/place/Mang+Indo+Asian+Market+And+Restaurant/data=!4m7!3m6!1s0x80dcab3c99eef8fd:0xe6a33a5ff0a91dfd!8m2!3d34.0626121!4d-117.2575534!16s%2Fg%2F11h51d0tp9!19sChIJ_fjumTyr3IAR_R2p8F86o-Y?authuser=0&hl=en&rclk=1,Restaurant,"Bakery, Dessert & Cafe",4.4,77,9:30 AM-6 PM,"price, filipino food, halo halo, karaoke, tofu, grocery store, desserts, label, walking",
Manila Oriental Market,950 King Dr Suite 112,Daly City,CA,94015,US,(650) 878-3328,,https://www.google.com/maps/place/Manila+Oriental+Market/data=!4m7!3m6!1s0x808f7bc82471d7e1:0x4f3aef0383048e5d!8m2!3d37.6515514!4d-122.4689707!16s%2Fg%2F1tl0xkym!19sChIJ4ddxJMh7j4ARXY4EgwPvOk8?authuser=0&hl=en&rclk=1,Supermarket & Grocery,,3.9,931,8 AM-7:30 PM,"prices, seafood, aisles, smell, clean, cashier, parking space, deals, check, fresh",
"Max's TO GO, Granada Hills",11130 Balboa Blvd,Granada Hills,CA,91344,US,(818) 488-9313,https://www.maxsrestaurantna.com/,"https://www.google.com/maps/place/Max%27s+TO+GO,+Granada+Hills/data=!4m7!3m6!1s0x80c29abc36350a71:0x19fe5d95d9b76594!8m2!3d34.2731904!4d-118.5004008!16s%2Fg%2F11l2_8rrwh!19sChIJcQo1NryawoARlGW32ZVd_hk?authuser=0&hl=en&rclk=1",Restaurant,,3.8,4,11 AM-8 PM,,
"Max's To Go, Los Angeles",4641 Santa Monica Blvd,Los Angeles,CA,90029,US,(323) 741-0016,https://www.maxstogola.com/,"https://www.google.com/maps/place/Max%27s+To+Go,+Los+Angeles/data=!4m7!3m6!1s0x80c2c7bed297fa77:0xd8b3bb7fbcb63ea7!8m2!3d34.0920829!4d-118.2909401!16s%2Fg%2F11lnv5dxxv!19sChIJd_qX0r7HwoARpz62vH-7s9g?authuser=0&hl=en&rclk=1",Restaurant,,2.9,7,11 AM-8 PM,,
Mekeni Pinoy's Pride,18152 Pioneer Blvd,Artesia,CA,90701,US,(562) 512-0749,http://mekenipinoyspride.com/,https://www.google.com/maps/place/Mekeni+Pinoy%27s+Pride/data=!4m7!3m6!1s0x80dd2d21ccb2297b:0xe5784534e6600a6d!8m2!3d33.8660243!4d-118.0811801!16s%2Fg%2F11jyl2xlwj!19sChIJeymyzCEt3YARbQpg5jRFeOU?authuser=0&hl=en&rclk=1,Restaurant,,3.9,217,11 AM-8 PM,"buffet, kare kare, breakfast, selection, lobster, parking, skin, tip, review, servers",
My Mom's BakeShop,2434 W Temple St,Los Angeles,CA,90026,US,(213) 380-2425,,https://www.google.com/maps/place/My+Mom%27s+BakeShop/data=!4m7!3m6!1s0x80c2c712c231d819:0x7367ea473eec0f1c!8m2!3d34.0714958!4d-118.2730207!16s%2Fg%2F1ts1shj4!19sChIJGdgxwhLHwoARHA_sPkfqZ3M?authuser=0&hl=en&rclk=1,"Bakery, Dessert & Cafe",Restaurant,4,25,7 AM-8 PM,"pandesal, dessert",
Offie's Restaurant & Catering,16723 Bellflower Blvd,Bellflower,CA,90706,US,(562) 925-0980,http://www.offiescatering.com/,https://www.google.com/maps/place/Offie%27s+Restaurant+%26+Catering/data=!4m7!3m6!1s0x80dd32b00d6a535b:0xdecbfcd8daa2c830!8m2!3d33.8825196!4d-118.1254707!16s%2Fg%2F1tt1s_d1!19sChIJW1NqDbAy3YARMMii2tj8y94?authuser=0&hl=en&rclk=1,Restaurant,,4.2,22,10 AM-6 PM,lumpia,
Oi Asian Fusion,4734 Hollywood Blvd,Los Angeles,CA,90027,US,(213) 458-1945,https://babusinfo.com/details/oi-asian-fusion-ChIJl6S,https://www.google.com/maps/place/Oi+Asian+Fusion/data=!4m7!3m6!1s0x80c2c0ac1894a497:0x278b5fd90d08532d!8m2!3d34.1013917!4d-118.2930306!16s%2Fg%2F11bwm3pzmh!19sChIJl6SUGKzAwoARLVMIDdlfiyc?authuser=0&hl=en&rclk=1,Restaurant,,4.5,263,11 AM-10 PM,"adobo, karaage, filipino, bun, burger, parking, comfort food, braised pork belly, umami, gravy",
Oi Asian Fusion,7242 Canoga Ave,Canoga Park,CA,91303,US,(818) 776-0282,,https://www.google.com/maps/place/Oi+Asian+Fusion/data=!4m7!3m6!1s0x80c299604a89f71d:0x6e8ed65ef80e6d61!8m2!3d34.2023418!4d-118.5973836!16s%2Fg%2F1q4km7qxq!19sChIJHfeJSmCZwoARYW0O-F7Wjm4?authuser=0&hl=en&rclk=1,Quick Bites & Turo-Turo,Restaurant,4.6,521,11 AM-10 PM,"adobo, pork belly, buns, tapsilog, valley, umami, filipino, crawfish, gravy, jicama",
Oriental Food Market,3428 Clayton Rd,Concord,CA,94519,US,(925) 680-6971,,https://www.google.com/maps/place/Oriental+Food+Market/data=!4m7!3m6!1s0x808560b5477a8f07:0xf48dbafb9785af49!8m2!3d37.9711832!4d-122.0142772!16s%2Fg%2F1td42qcb!19sChIJB496R7VghYARSa-Fl_u6jfQ?authuser=0&hl=en&rclk=1,Supermarket & Grocery,,4.3,17,9 AM-6 PM,"filipino food, take out",
Pampanga's Bakery,12226 Artesia Blvd,Artesia,CA,90701,US,(562) 403-1590,https://www.pampangasbakery.com/,https://www.google.com/maps/place/Pampanga%27s+Bakery/data=!4m7!3m6!1s0x80dd2dbf2c435c77:0x54d0dcb9eee0f3b8!8m2!3d33.872757!4d-118.0715617!16s%2Fg%2F11h44jm6js!19sChIJd1xDLL8t3YARuPPg7rnc0FQ?authuser=0&hl=en&rclk=1,"Bakery, Dessert & Cafe",Quick Bites & Turo-Turo,4.4,193,7 AM-8 PM,"turon, sweet, filipino, pandesal, price, ube, senorita bread, sisig, ensaymada, kutsinta",
Panderia Bakery,E Ivy St,Fallbrook,CA,92028,US,,,https://www.google.com/maps/place/Panderia+Bakery/data=!4m7!3m6!1s0x80dc7e9687762819:0xb160af55c3ca2182!8m2!3d33.3838394!4d-117.2504083!16s%2Fg%2F11qg2y8p8x!19sChIJGSh2h5Z-3IARgiHKw1WvYLE?authuser=0&hl=en&rclk=1,"Bakery, Dessert & Cafe",,4.7,6,,,
"Peachy's Food To Go, LLC",355 N Guild Ave,Lodi,CA,95240,US,(209) 684-8664,https://www.peachysfoodtogo.com/,"https://www.google.com/maps/place/Peachy%27s+Food+To+Go,+LLC/data=!4m7!3m6!1s0x809013a762ba0057:0xab21be48b9c91a33!8m2!3d38.1381816!4d-121.2487512!16s%2Fg%2F11kqxqt217!19sChIJVwC6YqcTkIARMxrJuUi-Ias?authuser=0&hl=en&rclk=1","Bakery, Dessert & Cafe",Quick Bites & Turo-Turo,5,5,8 AM-5 PM,,
Pilipino restaurant,439 W Stocker St,Glendale,CA,91202,US,(818) 270-0407,,https://www.google.com/maps/place/Pilipino+restaurant/data=!4m7!3m6!1s0x80c2c04878363dcb:0x1df31fb8977a078a!8m2!3d34.1633428!4d-118.2641901!16s%2Fg%2F11bx4byqq0!19sChIJyz02eEjAwoARigd6l7gf8x0?authuser=0&hl=en&rclk=1,Restaurant,,4,1,,,
Pinas Food House,3756 W Ave 40 L,Glassell Park,CA,90065,US,(323) 547-3314,,https://www.google.com/maps/place/Pinas+Food+House/data=!4m7!3m6!1s0x80c2c100234a0f1d:0xdecbb023da34790!8m2!3d34.1195629!4d-118.2276413!16s%2Fg%2F11xdgd9tp3!19sChIJHQ9KIwDBwoARkEejPQK77A0?authuser=0&hl=en&rclk=1,Restaurant,"Bakery, Dessert & Cafe",4.6,11,7 AM-7 PM,"price, coffee, parking",
Pinay Tess Restaurant,1336 W Willow St #104,Long Beach,CA,90810,US,,,https://www.google.com/maps/place/Pinay+Tess+Restaurant/data=!4m7!3m6!1s0x80dd35004f1f8a23:0x80f34051e76d2715!8m2!3d33.804056!4d-118.209847!16s%2Fg%2F11vsynys9c!19sChIJI4ofTwA13YARFSdt51FA84A?authuser=0&hl=en&rclk=1,"Bakery, Dessert & Cafe",Restaurant,4.2,9,,"filipino, ube",
Pinoy Pam's Best,23635 El Toro Rd Ste G,Laguna Hills,CA,92653,US,(949) 292-7695,https://pinoypamsbest.com/,https://www.google.com/maps/place/Pinoy+Pam%27s+Best/data=!4m7!3m6!1s0x14e3d9dc197cd5bb:0x5a934cefc788020f!8m2!3d33.6201528!4d-117.7041556!16s%2Fg%2F1hc1yl04z!19sChIJu9V8GdzZ4xQRDwKIx-9Mk1o?authuser=0&hl=en&rclk=1,Restaurant,Quick Bites & Turo-Turo,4,431,7 AM-7 PM,"grocery, to go, market, choices, review, products, area, salty, cash, home",
Pinoy Sa-Wrap,860 E Carson St,Carson,CA,90745,US,(310) 684-1702,https://www.pinoysawrap.com/,https://www.google.com/maps/place/Pinoy+Sa-Wrap/data=!4m7!3m6!1s0x80dd3552fa6c2bf5:0x31b4c761c3ceeb15!8m2!3d33.8306965!4d-118.2599508!16s%2Fg%2F11xgk28s22!19sChIJ9Sts-lI13YARFevOw2HHtDE?authuser=0&hl=en&rclk=1,Restaurant,Quick Bites & Turo-Turo,5,3,8 AM-5 PM,,
Pinoydash Asian Grocery and Market,15575 7th St,Lathrop,CA,95330,US,(209) 302-9794,https://www.pinoydash.asia/,https://www.google.com/maps/place/Pinoydash+Asian+Grocery+and+Market/data=!4m7!3m6!1s0x80901500100db31f:0xd126724cba795088!8m2!3d37.8206895!4d-121.2758958!16s%2Fg%2F11wh6vr9cg!19sChIJH7MNEAAVkIARiFB5ukxyJtE?authuser=0&hl=en&rclk=1,Supermarket & Grocery,,5,8,8 AM-8 PM,"price, snacks, selection",
Russ Fam Kitchen,1216 Hillside Blvd,Daly City,CA,94014,US,(510) 691-3658,http://russfamkitchen.cococart.co/,https://www.google.com/maps/place/Russ+Fam+Kitchen/data=!4m7!3m6!1s0x808f7d0074d1a673:0xfec1c5504e52152d!8m2!3d37.6858497!4d-122.4597385!16s%2Fg%2F11y8lxk2mf!19sChIJc6bRdAB9j4ARLRVSTlDFwf4?authuser=0&hl=en&rclk=1,Restaurant,,4.6,27,2-7 PM,"tacos, isaw, dinakdakan, birria, lechon kawali, lumpia, dubai chocolate, filipino, chicken wings, gas station",
Sarap Bakersfield,600 Coffee Rd Suite U,Bakersfield,CA,93309,US,(661) 742-9868,https://www.instagram.com/sarapbakersfield/?hl=en,https://www.google.com/maps/place/Sarap+Bakersfield/data=!4m7!3m6!1s0x80ea43df52adbddf:0x5bff61408cfca924!8m2!3d35.360295!4d-119.0918734!16s%2Fg%2F11ydh1nn3z!19sChIJ372tUt9D6oARJKn8jEBh_1s?authuser=0&hl=en&rclk=1,Restaurant,,5,1,9 AM-8 PM,,
Seafood City Supermarket Hayward,24536 Hesperian Blvd,Hayward,CA,94545,US,(510) 300-8070,https://www.seafoodcity.com/store-locations/hayward/,https://www.google.com/maps/place/Seafood+City+Supermarket+Hayward/data=!4m7!3m6!1s0x808f911c29773acb:0xa5a8eb3611135ab8!8m2!3d37.6491447!4d-122.1063967!16s%2Fg%2F11h650jm76!19sChIJyzp3KRyRj4ARuFoTETbrqKU?authuser=0&hl=en&rclk=1,Supermarket & Grocery,Quick Bites & Turo-Turo,4.4,837,8 AM-9 PM,"filipino food, fish, clean, produce, bakery, asian cuisine, food court, ingredients, BBQ, grill",
Seafood City Supermarket,131 W Carson St,Carson,CA,90745,US,(310) 834-9700,http://www.seafoodcity.com/,https://www.google.com/maps/place/Seafood+City+Supermarket/data=!4m7!3m6!1s0x80dd356a676562f1:0xd4f17ce2ea4716f5!8m2!3d33.8321571!4d-118.2795562!16s%2Fg%2F1tdzg997!19sChIJ8WJlZ2o13YAR9RZH6uJ88dQ?authuser=0&hl=en&rclk=1,Supermarket & Grocery,Quick Bites & Turo-Turo,4.2,2194,8 AM-9 PM,"filipino food, fresh, asian, fry, grill, varieties, fast food, check, aisles, BBQ",
Seafood City Supermarket,134-140 S Vermont Ave,Los Angeles,CA,90004,US,(213) 365-9100,http://www.seafoodcity.com/,https://www.google.com/maps/place/Seafood+City+Supermarket/data=!4m7!3m6!1s0x80c2c7669bbdcad5:0x8aa28d41d093590e!8m2!3d34.0718598!4d-118.291313!16s%2Fg%2F1hc53t5rw!19sChIJ1cq9m2bHwoARDlmT0EGNooo?authuser=0&hl=en&rclk=1,Supermarket & Grocery,,4.2,2411,8 AM-9 PM,"shellfish, filipino food, asian food, fried fish, fresh fish, seafood market, fresco, mojarra, tilapia, crab",
Seafood City Supermarket,2180 Barranca Pkwy,Irvine,CA,92606,US,(949) 208-3487,http://www.seafoodcity.com/,https://www.google.com/maps/place/Seafood+City+Supermarket/data=!4m7!3m6!1s0x80dcdea1162c236d:0x5d52201fd398df74!8m2!3d33.6992517!4d-117.8363841!16s%2Fg%2F11b6q3hzqx!19sChIJbSMsFqHe3IARdN-Y0x8gUl0?authuser=0&hl=en&rclk=1,Supermarket & Grocery,Quick Bites & Turo-Turo,4.3,651,8 AM-9 PM,"filipino food, fish, clean, bakery, grill, fresh, asian food, to go, fast food, ingredients",
Seafood City Supermarket,285 E Orange Ave,Chula Vista,CA,91911,US,(619) 621-2050,http://www.seafoodcity.com/,https://www.google.com/maps/place/Seafood+City+Supermarket/data=!4m7!3m6!1s0x80d94e8f44249835:0xbbbff3e105b783ed!8m2!3d32.6051147!4d-117.0409285!16s%2Fg%2F1thq0_fq!19sChIJNZgkRI9O2YAR7YO3BeHzv7s?authuser=0&hl=en&rclk=1,Supermarket & Grocery,Quick Bites & Turo-Turo,4.3,1726,8 AM-9 PM,"filipino food, food court, clean, bakery, pandesal, cashiers, fried, shellfish, fresh fish, fast food",
Seafood City,17202 Norwalk Blvd,Cerritos,CA,90703,US,(562) 207-4421,http://www.seafoodcity.com/,https://www.google.com/maps/place/Seafood+City/data=!4m7!3m6!1s0x80dd2d1b48ec6085:0xd2561bdb1591fa30!8m2!3d33.8745951!4d-118.0712128!16s%2Fg%2F1tmbwf6h!19sChIJhWDsSBst3YARMPqRFdsbVtI?authuser=0&hl=en&rclk=1,Supermarket & Grocery,Quick Bites & Turo-Turo,4.3,2042,8 AM-9 PM,"filipino food, produce, grill, asian food, ingredients, snacks, pork, fast food, needs, delicacies",
Seafood City,2700 Colorado Blvd Suite #140,Los Angeles,CA,90041,US,(323) 543-2660,http://www.seafoodcity.com/,https://www.google.com/maps/place/Seafood+City/data=!4m7!3m6!1s0x80c2c16c530931f5:0xcadb4dc00ad574e5!8m2!3d34.1408333!4d-118.2252778!16s%2Fg%2F1tf7mv1v!19sChIJ9TEJU2zBwoAR5XTVCsBN28o?authuser=0&hl=en&rclk=1,Supermarket & Grocery,Quick Bites & Turo-Turo,4.2,1394,8 AM-9 PM,"filipino food, produce, asian food, ingredients, shellfish, bbq, pork, crabs, fast food, social distancing",
Seafood Ranch Market,117 E 223rd St,Carson,CA,90745,US,(310) 518-5888,,https://www.google.com/maps/place/Seafood+Ranch+Market/data=!4m7!3m6!1s0x80dd35a6106233c5:0xf2238de8fee743fa!8m2!3d33.824598!4d-118.2753693!16s%2Fg%2F1tr8lwy8!19sChIJxTNiEKY13YAR-kPn_uiNI_I?authuser=0&hl=en&rclk=1,Supermarket & Grocery,,4.3,220,8:30 AM-7 PM,"fry, prices, cashier, fresco",
Seafood Ranch Market,3756 W Ave 40 suite n,Los Angeles,CA,90065,US,(323) 255-7827,http://www.americanranchmarket.com/,https://www.google.com/maps/place/Seafood+Ranch+Market/data=!4m7!3m6!1s0x80c2c149c1ad1e65:0x3b0826e6050bce85!8m2!3d34.1195409!4d-118.227733!16s%2Fg%2F1tgf3gz8!19sChIJZR6twUnBwoARhc4LBeYmCDs?authuser=0&hl=en&rclk=1,Supermarket & Grocery,,4.3,132,8 AM-7:30 PM,"grocery, price, filipino food, fresh, meat, asian food, buffet, salmon, selection, sell",
Sig's Little Kitchen,480 San Ramon Valley Blvd #A2,Danville,CA,94526,US,(925) 718-5770,https://www.facebook.com/sigslittlekitchen/,https://www.google.com/maps/place/Sig%27s+Little+Kitchen/data=!4m7!3m6!1s0x808f8d3751c116bf:0x37e5209c51ecfa9c!8m2!3d37.8190922!4d-121.9956658!16s%2Fg%2F11f62_fb66!19sChIJvxbBUTeNj4ARnPrsUZwg5Tc?authuser=0&hl=en&rclk=1,Restaurant,,4.7,12,,"bowl, wrap, sisig",
Silog Rice Above,10959 Kinross Ave,Los Angeles,CA,90024,US,(323) 926-8767,https://www.silogriceabove.com/,https://www.google.com/maps/place/Silog+Rice+Above/data=!4m7!3m6!1s0x80c2bd677c551ef7:0x176121ae2bd5734a!8m2!3d34.0601595!4d-118.4469953!16s%2Fg%2F11lp8t600b!19sChIJ9x5VfGe9woARSnPVK64hYRc?authuser=0&hl=en&rclk=1,Quick Bites & Turo-Turo,Restaurant,5,1,8 AM-3 PM,,
Smorgasburg (Los Angeles),777 S Alameda St,Los Angeles,CA,90021,US,,http://la.smorgasburg.com/,https://www.google.com/maps/place/Smorgasburg+%28Los+Angeles%29/data=!4m7!3m6!1s0x80c2c62f7b047c81:0x65fba4816d4a10de!8m2!3d34.0351184!4d-118.241724!16s%2Fg%2F11bzt6_g7p!19sChIJgXwEey_GwoAR3hBKbYGk-2U?authuser=0&hl=en&rclk=1,Food Truck & Pop-Up,Quick Bites & Turo-Turo,4.6,3772,10 AM-4 PM,"vendors, vegan, food trucks, beer garden, foodie, food festival, lobster roll, dumplings, smorgasbord, musubi",
Starbread Anaheim,2424 W Ball Rd Suite Z,Anaheim,CA,92804,US,(714) 236-5099,,https://www.google.com/maps/place/Starbread+Anaheim/data=!4m7!3m6!1s0x80dd29a1ed548a7b:0x748193b6009a107f!8m2!3d33.8170574!4d-117.9696287!16s%2Fg%2F11j86zpylz!19sChIJe4pU7aEp3YARfxCaALaTgXQ?authuser=0&hl=en&rclk=1,"Bakery, Dessert & Cafe",,4.5,190,6 AM-6 PM,"senorita bread, buttery, donuts, oven, prices, rolls, malasadas, ube, box, dulce de leche",
Starbread Bakery Cerritos,17216 Norwalk Blvd,Cerritos,CA,90703,US,(562) 916-7827,,https://www.google.com/maps/place/Starbread+Bakery+Cerritos/data=!4m7!3m6!1s0x80dd2d021ab01ebd:0x5d68052c7e2f64fe!8m2!3d33.8741507!4d-118.0713294!16s%2Fg%2F11vjgqdx4w!19sChIJvR6wGgIt3YAR_mQvfiwFaF0?authuser=0&hl=en&rclk=1,"Bakery, Dessert & Cafe",,4.3,43,6 AM-6 PM,"senorita bread, price, malasadas, donuts, fillings, tip, sale, icing, coffee",
Starbread Bakery,103 W Carson St,Carson,CA,90745,US,(310) 935-2163,,https://www.google.com/maps/place/Starbread+Bakery/data=!4m7!3m6!1s0x80dd354baf2b79c5:0xfb2ae13f0286b311!8m2!3d33.8319791!4d-118.2787031!16s%2Fg%2F11plk0yh9f!19sChIJxXkrr0s13YAREbOGAj_hKvs?authuser=0&hl=en&rclk=1,"Bakery, Dessert & Cafe",,4.6,97,7 AM-7 PM,"senorita bread, donuts, malasadas, price, box, sweet bread, guava, addictive, ube, buttercream",
Starbread Bakery,520 Broadway #2,Chula Vista,CA,91910,US,(619) 500-5352,,https://www.google.com/maps/place/Starbread+Bakery/data=!4m7!3m6!1s0x80d94d4674d7d9a9:0x8f5b0ec027bfe33c!8m2!3d32.6301473!4d-117.0898101!16s%2Fg%2F11t2zjhc52!19sChIJqdnXdEZN2YARPOO_J8AOW48?authuser=0&hl=en&rclk=1,"Bakery, Dessert & Cafe",,4.7,206,6 AM-6 PM,"senorita bread, donuts, malasadas, buttery, prices, sugar, filling, so delicious, ube donut, soft opening",
Sweet Dreams Bakery,7743 El Camino Real,Colma,CA,94014,US,(650) 755-8337,http://www.sweet-dreams-bakery.com/,https://www.google.com/maps/place/Sweet+Dreams+Bakery/data=!4m7!3m6!1s0x808f7c09896817c3:0xb68ad5603b199246!8m2!3d37.6838144!4d-122.4633994!16s%2Fg%2F1tffv4z7!19sChIJwxdoiQl8j4ARRpIZO2DVirY?authuser=0&hl=en&rclk=1,"Bakery, Dessert & Cafe",,4.6,48,10:30 AM-6 PM,"cupcakes, cookies, macarons, ube, red velvet, birthday, frosting, flavor, pudding",
Tambuli Market,126 W Carson St,Carson,CA,90745,US,(310) 549-4251,http://tambuli-market.paqe.io/,https://www.google.com/maps/place/Tambuli+Market/data=!4m7!3m6!1s0x80dd356af99a3df9:0x4d4a9232eceeee7c!8m2!3d33.8308202!4d-118.2786664!16s%2Fg%2F1hc3rkh40!19sChIJ-T2a-Wo13YARfO7u7DKSSk0?authuser=0&hl=en&rclk=1,Supermarket & Grocery,,4.2,177,8:30 AM-8 PM,"prices, fish, filipino food, home",
Tambuli Seafood Market,1100 N Vermont Ave,Los Angeles,CA,90029,US,(323) 928-2913,,https://www.google.com/maps/place/Tambuli+Seafood+Market/data=!4m7!3m6!1s0x80c2c7517abd42c1:0xdcf6384dccd19eb0!8m2!3d34.0912202!4d-118.2913512!16s%2Fg%2F11fx2vz_7f!19sChIJwUK9elHHwoARsJ7RzE049tw?authuser=0&hl=en&rclk=1,Supermarket & Grocery,,4.2,208,8 AM-8 PM,"fried, prices, frescoes, receipt, cleaning, shrimp, cash register, check, parking, pay",
Tambuli Seafood Market,4700 Lincoln Ave,Cypress,CA,90630,US,(714) 484-3445,,https://www.google.com/maps/place/Tambuli+Seafood+Market/data=!4m7!3m6!1s0x80dd2c26e405ff79:0xc4d8a891ac5f8b8!8m2!3d33.8311945!4d-118.0496764!16s%2Fg%2F1tg_gb_7!19sChIJef8F5CYs3YARuPjFGomKTQw?authuser=0&hl=en&rclk=1,Supermarket & Grocery,,4.1,418,8 AM-6:30 PM,"fish, prices, filipino food, fresh, cashier, smell, asian market, people, mangoes, needs",
Tambuli Supermarket,2520 Santa Fe Ave,Long Beach,CA,90810,US,(562) 988-2707,,https://www.google.com/maps/place/Tambuli+Supermarket/data=!4m7!3m6!1s0x80dd340e7b0bafdf:0xa2cf986100107c8e!8m2!3d33.8027806!4d-118.215207!16s%2Fg%2F11b7cdv5q2!19sChIJ368Lew403YARjnwQAGGYz6I?authuser=0&hl=en&rclk=1,Supermarket & Grocery,Quick Bites & Turo-Turo,4,425,8 AM-7 PM,"fish, prices, filipino food, smell, to go, ingredients, pancit, fast food, produce, adobo",
The Bread Basket Bakery,7099 Mission St,Daly City,CA,94014,US,(650) 994-7741,http://www.breadbasketdalycity.com/,https://www.google.com/maps/place/The+Bread+Basket+Bakery/data=!4m7!3m6!1s0x808f7c13c5917003:0x1f0521c0487196bd!8m2!3d37.694503!4d-122.464548!16s%2Fg%2F1v41_psn!19sChIJA3CRxRN8j4ARvZZxSMAhBR8?authuser=0&hl=en&rclk=1,"Bakery, Dessert & Cafe",,4.3,21,6:30 AM-3 PM,"pandesal, croissant",
The Mochi Donut Shop Daly City,7 San Pedro Rd,Daly City,CA,94014,US,(415) 347-7113,,https://www.google.com/maps/place/The+Mochi+Donut+Shop+Daly+City/data=!4m7!3m6!1s0x808f7df59d77ab83:0x759a382df7381aa5!8m2!3d37.6886934!4d-122.4668656!16s%2Fg%2F11s69ryl_8!19sChIJg6t3nfV9j4ARpRo49y04mnU?authuser=0&hl=en&rclk=1,Restaurant,"Bakery, Dessert & Cafe",4.3,59,10 AM-8 PM,"mochi donuts, rice, ube, boba, fried chicken, sweetness, matcha, korean corn dogs, vietnamese coffee, funnel cake",
The Noypitz Bar & Grill,7591 E Carson St,Long Beach,CA,90808,US,(562) 606-0018,https://noypitzholding.com/,https://www.google.com/maps/place/The+Noypitz+Bar+%26+Grill/data=!4m7!3m6!1s0x80dd2d002199f865:0x598b2dbce6e43b2d!8m2!3d33.8303074!4d-118.0860684!16s%2Fg%2F11wc522y0j!19sChIJZfiZIQAt3YARLTvk5rwti1k?authuser=0&hl=en&rclk=1,Restaurant,Quick Bites & Turo-Turo,4.2,17,11 AM-9 PM,"lechon, credit card, music, party, atmosphere, prices",
Tita Riza's Filipino Market,501w Mobil Ave,Camarillo,CA,93010,US,(805) 702-4288,,https://www.google.com/maps/place/Tita+Riza%27s+Filipino+Market/data=!4m7!3m6!1s0x80e837990a034321:0x8af491e820d66ab!8m2!3d34.2214159!4d-119.0432603!16s%2Fg%2F11hfpzcz9q!19sChIJIUMDCpk36IARq2YNgh5Jrwg?authuser=0&hl=en&rclk=1,Supermarket & Grocery,"Bakery, Dessert & Cafe",4.7,30,10 AM-4 PM,"filipino food, lumpia, pork, pancit, sinigang, adobo, bangus, siopao, fried, dessert",
Traballo's Backyard BBQ,3001 Bayshore Rd suite 1,Benicia,CA,94510,US,(831) 529-4648,https://www.instagram.com/backyardbbq707/?hl=en,https://www.google.com/maps/place/Traballo%E2%80%99s+Backyard+BBQ/data=!4m7!3m6!1s0x80856fb01263ca77:0x7ec7767488800d63!8m2!3d38.0622743!4d-122.1291163!16s%2Fg%2F11k5yb9z8k!19sChIJd8pjErBvhYARYw2AiHR2x34?authuser=0&hl=en&rclk=1,Restaurant,Quick Bites & Turo-Turo,4.4,136,6 AM-4 PM,"ribs, brisket, potato salad, price, tri tip, sandwich, pulled pork, lumpia, tacos, birria",
Tropa Modern Filipino,3400 Mount Diablo Blvd,Lafayette,CA,94549,US,(925) 900-8861,https://www.tropaeats.com/,https://www.google.com/maps/place/Tropa+Modern+Filipino/data=!4m7!3m6!1s0x808562464b651643:0x8d9891731e3459dd!8m2!3d37.8941447!4d-122.1093937!16s%2Fg%2F11xdw5mk_q!19sChIJQxZlS0ZihYAR3Vk0HnORmI0?authuser=0&hl=en&rclk=1,Quick Bites & Turo-Turo,,4.9,23,5-10 PM,"cocktails, pancit, adobo, filipino food, garlic rice, plantains, sticky ribs, sisig, chicken lumpia, grilled octopus",
Valerio's Bakehouse,2180 Barranca Pkwy,Irvine,CA,92606,US,,,https://www.google.com/maps/place/Valerio%E2%80%99s+Bakehouse/data=!4m7!3m6!1s0x80dcdea1162c236d:0xa2dfbc69d5397285!8m2!3d33.6992507!4d-117.8364038!16s%2Fg%2F11c2p_r76m!19sChIJbSMsFqHe3IARhXI51Wm836I?authuser=0&hl=en&rclk=1,"Bakery, Dessert & Cafe",Quick Bites & Turo-Turo,3.1,41,7 AM-9 PM,"pandesal, ube, filling, sweet, turon, hopia",
Valerios City Bakery,17210 Norwalk Blvd,Cerritos,CA,90703,US,(562) 402-3244,https://www.valeriosbakery.com/,https://www.google.com/maps/place/Valerios+City+Bakery/data=!4m7!3m6!1s0x80dd2d1b48e5edbf:0x4b5088f4dcd0c31a!8m2!3d33.8742802!4d-118.0713515!16s%2Fg%2F1ttyx11g!19sChIJv-3lSBst3YARGsPQ3PSIUEs?authuser=0&hl=en&rclk=1,"Bakery, Dessert & Cafe",,4,33,7 AM-6 PM,"pandesal, chicken, taho, ube, empanadas",
Willie's Catering and Restaurant,7199 Mission St,Daly City,CA,94014,US,(650) 756-2220,,https://www.google.com/maps/place/Willie%E2%80%99s+Catering+and+Restaurant/data=!4m7!3m6!1s0x808f7d0014085ed5:0xc5e7aa92bd9e079f!8m2!3d37.6938109!4d-122.4646251!16s%2Fg%2F11lycd3lm5!19sChIJ1V4IFAB9j4ARnweevZKq58U?authuser=0&hl=en&rclk=1,Restaurant,,3.7,7,,dinuguan,
MJ Pinoy Creations,245 Yale St,Hemet,CA,92544,US,(951) 282-1631,,https://www.google.com/maps/place/MJ+Pinoy+Creations/data=!4m7!3m6!1s0x80db6f5b5c241b67:0x8499fcd314f8d168!8m2!3d33.7501719!4d-116.9499703!16s%2Fg%2F11l6sjb8s2!19sChIJZxskXFtv24ARaNH4FNP8mYQ?authuser=0&hl=en&rclk=1,Catering,,0,0,,,
TATAK PINOY BBQ,401 Nogales St,La Puente,CA,91744,US,(626) 216-3783,,https://www.google.com/maps/place/TATAK+PINOY+BBQ/data=!4m7!3m6!1s0x80c32bc866bb63c7:0x860ba568825aabda!8m2!3d34.0094616!4d-117.8888427!16s%2Fg%2F11wpq2r_4d!19sChIJx2O7Zsgrw4AR2qtagmilC4Y?authuser=0&hl=en&rclk=1,Other,,0,0,6-10 PM,,
Filipino Village,2408 County Rd I,Mounds View,MN,55112,US,(612) 850-0542,https://www.facebook.com/Filipino-Village-Grocery-Store-115629490265679,https://www.google.com/maps/place/Filipino+Village/data=!4m7!3m6!1s0x52b325b8938acfdf:0x312d33d4d05e93e0!8m2!3d45.1075917!4d-93.2035562!16s%2Fg%2F11lgjrxfm7!19sChIJ38-Kk7gls1IR4JNe0NQzLTE?authuser=0&hl=en&rclk=1,Supermarket & Grocery,,4.8,123,10 AM-7 PM,"filipino food, prices, door, selection, lumpia, snacks, parking",
KUSINA A Pinoy Turo Turo Restaurant,2408 County Rd I,Mounds View,MN,55112,US,(612) 251-1241,http://www.kusinaflavors.com/,https://www.google.com/maps/place/KUSINA+A+Pinoy+Turo+Turo+Restaurant/data=!4m7!3m6!1s0x52b3252866759019:0x38e7221beb5ecaa!8m2!3d45.1075985!4d-93.203439!16s%2Fg%2F11t9__6p8d!19sChIJGZB1Zigls1IRquy1viFyjgM?authuser=0&hl=en&rclk=1,Restaurant,,4.9,551,11 AM-7 PM,"halo halo, chicken adobo, pork belly, humba, ube ice cream, grocery store, door, egg rolls, lechon belly, hot sauce",
Phil Oriental Imports,789 University Ave W,St Paul,MN,55104,US,(651) 292-1325,,https://www.google.com/maps/place/Phil+Oriental+Imports/data=!4m7!3m6!1s0x87f62a819298d6ef:0x3a662c060cf95c5f!8m2!3d44.9560554!4d-93.1334763!16s%2Fg%2F1vk6zsqb!19sChIJ79aYkoEq9ocRX1z5DAYsZjo?authuser=0&hl=en&rclk=1,Supermarket & Grocery,,4.4,243,10:30 AM-7 PM,"filipino food, prices, food truck, snacks, ingredients, BBQ, takeout, lumpia, halo halo, pancit",
Pinoy Fusion,789 University Ave W,St Paul,MN,55104,US,,https://www.facebook.com/Pinoyfusion/,https://www.google.com/maps/place/Pinoy+Fusion/data=!4m7!3m6!1s0x87f62a81ed6fffff:0xa37465f0c8557276!8m2!3d44.9560736!4d-93.1334878!16s%2Fg%2F11fll64flr!19sChIJ__9v7YEq9ocRdnJVyPBldKM?authuser=0&hl=en&rclk=1,Restaurant,,4.5,29,11 AM-5 PM,"lechon kawali, price, deli, pork",
Cajupinos food truck,1703 Soybean St,Sulphur,LA,70663,US,(337) 909-4222,,https://www.google.com/maps/place/Cajupinos+food+truck/data=!4m7!3m6!1s0x863b8d7ce3f38475:0x7ba4d6f38df80de5!8m2!3d30.2501653!4d-93.3588974!16s%2Fg%2F11jh_vyy9t!19sChIJdYTz43yNO4YR5Q34jfPWpHs?authuser=0&hl=en&rclk=1,Restaurant,,5,3,,prices,
Little Kitchen,940 O'Neal Ln,Baton Rouge,LA,70816,US,(225) 329-4678,https://www.facebook.com/profile.php?id=100090750182895&mibextid=ZbWKwL,https://www.google.com/maps/place/Little+Kitchen/data=!4m7!3m6!1s0x8626bde1e57f3f5b:0x99923accc45581e2!8m2!3d30.4549067!4d-91.0087511!16s%2Fg%2F11v_5_v2d3!19sChIJWz9_5eG9JoYR4oFVxMw6kpk?authuser=0&hl=en&rclk=1,Restaurant,,4.9,21,3:30-7 PM,"food truck, lumpia, halo halo, fan, karekare",
Pinay Gigi Filipino Store,10432 S Choctaw Dr,Baton Rouge,LA,70815,US,(225) 272-1445,,https://www.google.com/maps/place/Pinay+Gigi+Filipino+Store/data=!4m7!3m6!1s0x8626a326012483db:0x351b4e81d13c13b9!8m2!3d30.4718185!4d-91.0684245!16s%2Fg%2F1ptw7sy91!19sChIJ24MkASajJoYRuRM80YFOGzU?authuser=0&hl=en&rclk=1,Supermarket & Grocery,,4.8,13,10 AM-7 PM,,
Pinoy Asian Market,2203 US-171,Lake Charles,LA,70601,US,(337) 602-6171,,https://www.google.com/maps/place/Pinoy+Asian+Market/data=!4m7!3m6!1s0x863b8483c5f6fc3d:0x895cd769dfeb37fa!8m2!3d30.2657672!4d-93.1813557!16s%2Fg%2F11bvvy0rlr!19sChIJPfz2xYOEO4YR-jfr32nXXIk?authuser=0&hl=en&rclk=1,Supermarket & Grocery,,4.5,182,11 AM-7 PM,"prices, selection, filipino food, snacks, thai, lemongrass, cash, people",
Baryo,102 S Walnut St,Muncie,IN,47305,US,(317) 721-6209,https://baryomuncie.square.site/,"https://www.google.com/maps/place/Baryo/@40.1935404,-85.3864082,17z/data=!3m1!4b1!4m6!3m5!1s0x88153d0076fda9e1:0x164bfc2e88302e0f!8m2!3d40.1935404!4d-85.3864082!16s%2Fg%2F11w3b6dmq8?authuser=0&hl=en&entry=ttu&g_ep=EgoyMDI1MDgyNS4wIKXMDSoASAFQAw%3D%3D",Restaurant,,4.8,90,"11 AM-3 PM, 4-8 PM","cost, atmosphere, bento box, pork adobo, the menu, pancit, chicken adobo, mouth, chicken afritada, dumplings",
EMS Filipino/Asian Store,2500 E 37th Ave # A,Lake Station,IN,46405,US,(219) 654-4084,https://www.facebook.com/emsasianstore/,https://www.google.com/maps/place/EMS+Filipino%2FAsian+Store/data=!4m7!3m6!1s0x8811e95264476f97:0x528eaf4ec04ec6bd!8m2!3d41.5515939!4d-87.3059383!16s%2Fg%2F11h71jrkt9!19sChIJl29HZFLpEYgRvcZOwE6vjlI?authuser=0&hl=en&rclk=1,Supermarket & Grocery,,4.8,74,9:30 AM-6 PM,"ingredients, kimchi, price, snacks",
Johnny's Grub to Go,3982 IN-46,Nashville,IN,47448,US,(812) 720-1948,,https://www.google.com/maps/place/Johnny%E2%80%99s+Grub+to+Go/data=!4m7!3m6!1s0x886c79c8c7a9e5ad:0xd31c42aa5ead7e6!8m2!3d39.16193!4d-86.3186187!16s%2Fg%2F11gy4t547j!19sChIJreWpx8h5bIgR5tfqpSrEMQ0?authuser=0&hl=en&rclk=1,Restaurant,,4.7,211,8 AM-3 PM,"brisket, ginger, pancit, bubble tea, crab rangoon, pork, cheeseburger, sandwich, bowl, egg rolls",
Pinoy Garden Cafe,2366 W Rappel Ave,Bloomington,IN,47404,US,(812) 287-9325,http://www.pinoygardencafe.com/,https://www.google.com/maps/place/Pinoy+Garden+Cafe/data=!4m7!3m6!1s0x886c616b68f97e01:0x5c3b50d03138a626!8m2!3d39.1882535!4d-86.5484535!16s%2Fg%2F11q485_rhd!19sChIJAX75aGthbIgRJqY4MdBQO1w?authuser=0&hl=en&rclk=1,Restaurant,,4.8,17,12-8 PM,"rice, pork adobo, filipino food, halo halo, pacers, sisig, pancit bihon, food truck, farmers market, spring rolls",
Sarah'S Philippines Store,114 N 13th St,Terre Haute,IN,47807,US,(812) 235-5289,,https://www.google.com/maps/place/Sarah%27S+Philippines+Store/data=!4m7!3m6!1s0x886d654637f08c07:0xfe3cb948f8b4e8b8!8m2!3d39.4690319!4d-87.3978996!16s%2Fg%2F11k5lv7w6x!19sChIJB4zwN0ZlbYgRuOi0-Ei5PP4?authuser=0&hl=en&rclk=1,Supermarket & Grocery,,4.9,8,Open 24 hours,,
Sati-Babi,1600 S 6th St,Terre Haute,IN,47802,US,(812) 235-7284,https://www.satibabi.net/,https://www.google.com/maps/place/Sati-Babi/data=!4m7!3m6!1s0x886d7acfc61e9f83:0x213538f601157bfb!8m2!3d39.4491888!4d-87.4093151!16s%2Fg%2F1tf3_35s!19sChIJg58exs96bYgR-3sVAfY4NSE?authuser=0&hl=en&rclk=1,Restaurant,,4.9,72,,"lemon shake ups, lemonade, state fair, kabobs, egg rolls, marinade, food truck, sauce, pina colada, competition",
Top Notch Filipino Fusion,2361 W Rappel Ave,Bloomington,IN,47404,US,(812) 345-8198,http://topnotchfilipinoin.com/,https://www.google.com/maps/place/Top+Notch+Filipino+Fusion/data=!4m7!3m6!1s0x886c61c983b5c59b:0xecdd7bd71e290d6f!8m2!3d39.1889553!4d-86.5485374!16s%2Fg%2F11vxwf3z2c!19sChIJm8W1g8lhbIgRbw0pHtd73ew?authuser=0&hl=en&rclk=1,Quick Bites & Turo-Turo,Restaurant,5,2,,,
Tropical Islands Cuisine,44 W 80th Pl,Merrillville,IN,46410,US,(219) 262-7890,https://www.tropicalislandsin.com/,"https://www.google.com/maps/place/Tropical+Islands+Cuisine/@41.4736137,-87.3371276,17z/data=!3m1!4b1!4m6!3m5!1s0x8811ef45c02bce09:0x94e3d2ab2f9801c7!8m2!3d41.4736137!4d-87.3371276!16s%2Fg%2F11hlp3xfsf?authuser=0&hl=en&entry=ttu&g_ep=EgoyMDI1MDgyNS4wIKXMDSoASAFQAw%3D%3D",Restaurant,,4.7,162,11 AM-7:30 PM,"buffet, mom, pancit, smoothie, atmosphere, price, lumpia, traditional, grocery store, driving",
Bonifacio,1577 King Ave,Columbus,OH,43212,US,(614) 914-8115,http://bonifacio614.com/,https://www.google.com/maps/place/Bonifacio/data=!4m7!3m6!1s0x88388e44f7454a2d:0xf64ff7ce8fef6285!8m2!3d39.991449!4d-83.0492898!16s%2Fg%2F11c0w0v0c0!19sChIJLUpF90SOOIgRhWLvj873T_Y?authuser=0&hl=en&rclk=1,Restaurant,,4.6,1339,11 AM-9 PM,"brunch, cocktails, banana leaves, boodle fight, adobo ribs, bok choy, silverware, martini, fried pork belly, ube waffle",
Gabriela: Filipina Kantina,2750 Park Ave Suite E,Norwood,OH,45212,US,(513) 202-3571,https://www.gabrielafilipina.com/,https://www.google.com/maps/place/Gabriela:+Filipina+Kantina/data=!4m7!3m6!1s0x8841b3be420ace53:0xfdc0972155b9e2b6!8m2!3d39.1593547!4d-84.4408255!16s%2Fg%2F11v9kyz_kz!19sChIJU84KQr6zQYgRtuK5VSGXwP0?authuser=0&hl=en&rclk=1,Restaurant,,4.4,64,11 AM-9 PM,"corn, chicken adobo, garlic rice, lechon, ensaymada, aioli, brisket, food court, sleep, asian fusion",
Kawali Filipino Cuisine,1178 Kauffman Ave,Fairborn,OH,45324,US,(937) 873-2400,https://www.facebook.com/Kawalifilipino/,https://www.google.com/maps/place/Kawali+Filipino+Cuisine/data=!4m7!3m6!1s0x88409dc29d531baf:0x3372724d7d4c5b6c!8m2!3d39.8067167!4d-84.0275144!16s%2Fg%2F11b88j8y3t!19sChIJrxtTncKdQIgRbFtMfU1ycjM?authuser=0&hl=en&rclk=1,Restaurant,,4.7,197,11 AM-3 PM,"home, pancit, lumpia, lechon kawali, sinigang, authentic food, spicy, comfort food, cafeteria, hospitality",
Kusinera,6646 Wise Ave NW,North Canton,OH,44720,US,(330) 768-7211,https://www.kusinerafilipinorestaurant.com/,"https://www.google.com/maps/place/Kusinera/@40.8790557,-81.4214255,17z/data=!3m1!4b1!4m6!3m5!1s0x8836d18427642c1b:0x6cce540464ffaa92!8m2!3d40.8790557!4d-81.4214255!16s%2Fg%2F11tsk2zm95?authuser=0&hl=en&entry=ttu&g_ep=EgoyMDI1MDgyNS4wIKXMDSoASAFQAw%3D%3D",Restaurant,,4.9,137,11 AM-7 PM,"bicol express, pancit, halo-halo, pork, spicy, chicken adobo, lumpia, atmosphere, dessert, choice",
Kuya Ian's Bistro,6863 Flags Center Dr,Columbus,OH,43229,US,(614) 948-3333,https://www.kuyaiansbistrooh.com/,https://www.google.com/maps/place/Kuya+Ian%27s+Bistro/data=!4m7!3m6!1s0x8838f4d8b6004ae3:0x26774835a8aa1c06!8m2!3d40.1095737!4d-82.9514791!16s%2Fg%2F11g891yzm8!19sChIJ40oAttj0OIgRBhyqqDVIdyY?authuser=0&hl=en&rclk=1,Restaurant,,4.5,436,,"home, pork belly, lechon kawali, door, chicken adobo, grocery store, garlic rice, pork sisig, sausage, siopao",
Mely's Kainan,5382 State Rd,Cleveland,OH,44134,US,(216) 741-1332,http://kainanparma.com/,https://www.google.com/maps/place/Mely%27s+Kainan/data=!4m7!3m6!1s0x8830ef72fd00479d:0xab435371e2abf1a3!8m2!3d41.4144997!4d-81.7109241!16s%2Fg%2F1tm8l6y3!19sChIJnUcA_XLvMIgRo_Gr4nFTQ6s?authuser=0&hl=en&rclk=1,Restaurant,,4.5,108,11 AM-7 PM,"takeout, prices, pancit, lechon kawali, lumpia, pork, home, storefront, menudo, peanut",
Nipa Hut Oriental Market,6775 W 130th St,Parma Heights,OH,44130,US,(440) 842-7333,http://www.nipahutoriental.com/,https://www.google.com/maps/place/Nipa+Hut+Oriental+Market/data=!4m7!3m6!1s0x8830ebfb7b2a6555:0x4e2aeff339ffb11a!8m2!3d41.3795332!4d-81.7843657!16s%2Fg%2F1tgkhyby!19sChIJVWUqe_vrMIgRGrH_OfPvKk4?authuser=0&hl=en&rclk=1,Supermarket & Grocery,Restaurant,4.6,218,10 AM-6:30 PM,"filipino food, buffet, lunch, to go, halo halo, rice, selection, asian food, lumpia, kare kare",
Parilya,8155 Columbia Rd,Olmsted Falls,OH,44138,US,(440) 427-5544,https://linktr.ee/parilyacle,https://www.google.com/maps/place/Parilya/data=!4m7!3m6!1s0x8830958ac650da6d:0x58f3079aaca95696!8m2!3d41.3734302!4d-81.9010191!16s%2Fg%2F11kjmdhpc4!19sChIJbdpQxoqVMIgRllaprJoH81g?authuser=0&hl=en&rclk=1,Restaurant,Quick Bites & Turo-Turo,4.9,250,12-8 PM,"food truck, bbq chicken, chicken tocino, garlic rice, take out, portion sizes, ube, brick and mortar, pastry, bowl",
Pinoy Fine Foods,2527 W 25th St,Cleveland,OH,44113,US,(216) 284-6630,http://www.pinoyfinefoods.com/,https://www.google.com/maps/place/Pinoy+Fine+Foods/data=!4m7!3m6!1s0x8830f18774020f35:0xbd72903b893c03fe!8m2!3d41.4777446!4d-81.6989187!16s%2Fg%2F11khtk63ll!19sChIJNQ8CdIfxMIgR_gM8iTuQcr0?authuser=0&hl=en&rclk=1,Restaurant,,5,1,5-10 PM,,
Rodalyn's Kitchen,840 E 5th St,Marysville,OH,43040,US,(614) 980-9777,https://www.rodalynskitchen.com/,https://www.google.com/maps/place/Rodalyn%27s+Kitchen/data=!4m7!3m6!1s0x8838c5b3cc26e803:0x38f61b573244658f!8m2!3d40.2350873!4d-83.3540875!16s%2Fg%2F11twg1k9pj!19sChIJA-gmzLPFOIgRj2VEMlcb9jg?authuser=0&hl=en&rclk=1,Restaurant,,4.8,56,3:30-7:30 PM,"food truck, lumpia, pork, halo halo, chef, ube ice cream, turon, tocino, owner, chicken adobo",
The Lumpia Queen,1100 W Third St,Dayton,OH,45402,US,(937) 572-1780,https://lumpia-queen.com/,https://www.google.com/maps/place/The+Lumpia+Queen/data=!4m7!3m6!1s0x88409d331444ebf9:0x1660ff88ca434315!8m2!3d39.7560431!4d-84.2123579!16s%2Fg%2F11jcnqydqp!19sChIJ-etEFDOdQIgRFUNDyoj_YBY?authuser=0&hl=en&rclk=1,Restaurant,Food Truck & Pop-Up,4.4,139,11 AM-9 PM,"pancit, filipino food, pork, rice, food court, spring roll, skewers, chicken adobo, food truck, festival",
Tita Flora's,6531 Brecksville Rd,Independence,OH,44131,US,(216) 232-4303,https://www.titafloras.com/home,https://www.google.com/maps/place/Tita+Flora%27s/data=!4m7!3m6!1s0x8830e518be81af73:0xf192805a6e215909!8m2!3d41.3851892!4d-81.6400545!16s%2Fg%2F11stg2l9dx!19sChIJc6-BvhjlMIgRCVkhblqAkvE?authuser=0&hl=en&rclk=1,Restaurant,,4.7,272,4-8 PM,"garlic fried rice, pork adobo, chicken adobo, pork sisig, turon, chicken inasal, bistek, ube ice cream, fish balls, vegetable lumpia",
Adobo Boy - Filipino Dining Experience,4492 Plainfield Ave NE,Grand Rapids,MI,49525,US,,http://adoboboygr.com/,"https://www.google.com/maps/place/Adobo+Boy+-+Filipino+Dining+Experience/@43.0444765,-85.6060768,17z/data=!3m1!4b1!4m6!3m5!1s0x88184da7487c3689:0x92759f74a6b9d837!8m2!3d43.0444765!4d-85.6060768!16s%2Fg%2F11vjlwxp7d?authuser=0&hl=en&entry=ttu&g_ep=EgoyMDI1MDgyNS4wIKXMDSoASAFQAw%3D%3D",Restaurant,,5,215,,"bowl, pork adobo, the menu, hospitality, culture, chicken adobo, family owned, lemonade, tilapia, sharing",
Asian Pacific Oriental Market,4585 28th St SE,Kentwood,MI,49512,US,(616) 551-0313,https://asianpacificorientalmarket.com/,https://www.google.com/maps/place/Asian+Pacific+Oriental+Market/data=!4m7!3m6!1s0x88184df7f0b2834b:0x82f3c43227d65339!8m2!3d42.9129561!4d-85.554366!16s%2Fg%2F11k4yg2jdp!19sChIJS4Oy8PdNGIgROVPWJzLE84I?authuser=0&hl=en&rclk=1,Supermarket & Grocery,"Bakery, Dessert & Cafe",4.7,74,10 AM-7 PM,"price, snacks, area, selection, filipino food, ube, variety, baked goods, cooler, seaweed",
Filipinas Oriental Food,3866 E Thirteen Mile Rd,Warren,MI,48092,US,(586) 558-8550,http://facebook.com/filipinasOriental/,https://www.google.com/maps/place/Filipinas+Oriental+Food/data=!4m7!3m6!1s0x8824dac8888ccd13:0x36142a65de3ea927!8m2!3d42.5193515!4d-83.068736!16s%2Fg%2F1thxr7_s!19sChIJE82MiMjaJIgRJ6k-3mUqFDY?authuser=0&hl=en&rclk=1,Restaurant,,4.5,145,9 AM-3 PM,"groceries, take out, halo halo, hospitality, balikbayan box, lumpia",
Gallafe,425 Norwood Ave SE,Grand Rapids,MI,49506,US,(989) 520-1050,http://www.gallafe.com/,https://www.google.com/maps/place/Gallafe/data=!4m7!3m6!1s0x8819add1a64d9d2f:0x2e8041fb0bd90f02!8m2!3d42.9546508!4d-85.6319175!16s%2Fg%2F11pwx4nhqr!19sChIJL51NptGtGYgRAg_ZC_tBgC4?authuser=0&hl=en&rclk=1,Restaurant,,0,0,,,
Isla Detroit,2496 Metro Pkwy,Sterling Heights,MI,48310,US,(586) 883-7526,http://www.isladetroit.com/,https://www.google.com/maps/place/Isla+Detroit/data=!4m7!3m6!1s0x8824c5f286934b4b:0x7f3567076f3f3d08!8m2!3d42.5634658!4d-83.0833364!16s%2Fg%2F11qqltr5j4!19sChIJS0uThvLFJIgRCD0_bwdnNX8?authuser=0&hl=en&rclk=1,Restaurant,,4.5,273,"11 AM-2 PM, 4-8 PM","filipino food, halo halo, lechon kawali, pancit bihon, pancit palabok, sans rival, batchoy, dinuguan, ube cake, chicken inasal",
Julie Ryan Philippine Cuisine,34707 Dequindre Rd,Troy,MI,48083,US,(248) 841-0808,https://julieryanphilippinecuisine.com/,https://www.google.com/maps/place/Julie+Ryan+Philippine+Cuisine/data=!4m7!3m6!1s0x8824c56aa9fa0183:0xe0633a306fc94c6d!8m2!3d42.5477794!4d-83.088415!16s%2Fg%2F11y9bgcgd5!19sChIJgwH6qWrFJIgRbUzJbzA6Y-A?authuser=0&hl=en&rclk=1,Restaurant,,4.9,257,12-8 PM,"halo halo, atmosphere, lumpia, garlic rice, silog, bistek, palabok, chicken adobo, brunch, hospitality",
Kusina De Leyte,4417 Saginaw St,Flint,MI,48529,US,(810) 221-6682,https://kusinadeleyte.company.site/,https://www.google.com/maps/place/Kusina+De+Leyte/data=!4m7!3m6!1s0x88237f0ddca20fed:0x3508f3ea04e74928!8m2!3d42.963629!4d-83.669928!16s%2Fg%2F11x0brrly7!19sChIJ7Q-i3A1_I4gRKEnnBOrzCDU?authuser=0&hl=en&rclk=1,Quick Bites & Turo-Turo,Restaurant,0,0,3-9 PM,,
Philippine Mini Mart,2915 E Big Beaver Rd,Troy,MI,48083,US,(248) 740-9420,,https://www.google.com/maps/place/Philippine+Mini+Mart/data=!4m7!3m6!1s0x8824c4ba113f2c33:0x8a42a3c7a590cbf5!8m2!3d42.564925!4d-83.0908333!16s%2Fg%2F1v27w3cq!19sChIJMyw_EbrEJIgR9cuQpcejQoo?authuser=0&hl=en&rclk=1,Supermarket & Grocery,,4.2,18,,"filipino dish, price",
Pinoy Classics,11201 Hall Rd,Utica,MI,48317,US,(586) 932-2193,,https://www.google.com/maps/place/Pinoy+Classics/data=!4m7!3m6!1s0x8824dda9cee39879:0xe047c7fe03e31703!8m2!3d42.6263957!4d-83.0195318!16s%2Fg%2F11vl6pnz21!19sChIJeZjjzqndJIgRAxfjA_7HR-A?authuser=0&hl=en&rclk=1,Restaurant,,4.6,91,11 AM-7 PM,"pancit, price, halo halo, lumpia, honey, family owned business, chicken adobo, area, atmosphere, taho",
Pinoy pastries,46715 Van Dyke Ave,Shelby Township,MI,48317,US,(586) 383-6400,,https://www.google.com/maps/place/Pinoy+pastries/data=!4m7!3m6!1s0x8824dd990c8e8101:0xcd63ee0976e4e84!8m2!3d42.6383842!4d-83.0333055!16s%2Fg%2F11wj4z376x!19sChIJAYGODJndJIgRhE5ul-A-1gw?authuser=0&hl=en&rclk=1,"Bakery, Dessert & Cafe",,4.9,14,10:30 AM-7 PM,"ube, cookies, spanish bread",
Traverse Asian Market,533 W Fourteenth St,Traverse City,MI,49684,US,(231) 421-5417,https://www.traversecity.com/listings/traverse-asian-market/1777/,"https://www.google.com/maps/place/Traverse+Asian+Market/@44.7513216,-85.6322153,17z/data=!3m1!4b1!4m6!3m5!1s0x881e32924c061e7b:0xe985cda0b7c9600d!8m2!3d44.7513216!4d-85.6322153!16s%2Fg%2F11b75qppwx?authuser=0&hl=en&entry=ttu&g_ep=EgoyMDI1MDgzMC4wIKXMDSoASAFQAw%3D%3D",Supermarket & Grocery,,4.5,134,11 AM-7 PM,"prices, ingredients, sauces, produce, selection, galangal, coconut milk, curry, lumpia, rice noodles",
YMA YMAS Restaurant,42915 Dequindre Rd,Troy,MI,48085,US,(248) 250-9111,https://www.facebook.com/ymaymasflavorsofmanila/,https://www.google.com/maps/place/YMA+YMAS+Restaurant/data=!4m7!3m6!1s0x8824c3bee1a2b5b5:0xf28d5c480b5ce058!8m2!3d42.6070153!4d-83.0912762!16s%2Fg%2F11kb2tyj_f!19sChIJtbWi4b7DJIgRWOBcC0hcjfI?authuser=0&hl=en&rclk=1,Restaurant,,4.9,80,11 AM-5 PM,"bbq, atmosphere, halo halo, pork, catering, dessert, decor, hospitality, mango smoothie, mango cake",
Inihaw Filipino Barbecue,3350 Schoenersville Rd,Bethlehem,PA,18017,US,(610) 865-9155,http://inihawbbq.com/,https://www.google.com/maps/place/Inihaw+Filipino+Barbecue/data=!4m7!3m6!1s0x89c43fb4031b4d75:0x36203fbea9224dd4!8m2!3d40.6594775!4d-75.4188567!16s%2Fg%2F11j4chdk1y!19sChIJdU0bA7Q_xIkR1E0iqb4_IDY?authuser=0&hl=en&rclk=1,Restaurant,Quick Bites & Turo-Turo,4.7,262,10 AM-7 PM,"filipino food, pork, garlic rice, pancit, boba, lumpia, skewers, korean beef, halo halo, adobo",
Jollibee,7340 Bustleton Ave,Philadelphia,PA,19149,US,(267) 599-8008,https://locations.jollibeefoods.com/usa/pa/philadelphia/7340-bustleton-ave.?utm_medium=organic&utm_source=local&utm_campaign=googlelistings&utm_content=website&utm_term=OLO194591,https://www.google.com/maps/place/Jollibee/data=!4m7!3m6!1s0x89c6b58b08a894f5:0x10712e80437e4562!8m2!3d40.0486933!4d-75.0598038!16s%2Fg%2F11t7jgp98m!19sChIJ9ZSoCIu1xokRYkV-Q4AucRA?authuser=0&hl=en&rclk=1,Restaurant,Quick Bites & Turo-Turo,3.7,1831,9 AM-10 PM,"drive thru, spaghetti, peach mango pie, palabok, pineapple juice, pineapple drink, adobo fried rice, filipino food, peach pie, ube pie",
Kababayan Fil-Am Store,1604 MacDade Boulevard,Folsom,PA,19033,US,(610) 532-3623,,https://www.google.com/maps/place/Kababayan+Fil-Am+Store/data=!4m7!3m6!1s0x89c6c2f4b14eb01b:0x2b1ae081bb15561e!8m2!3d39.8946254!4d-75.3174169!16s%2Fg%2F11dxqfmwkb!19sChIJG7BOsfTCxokRHlYVu4HgGis?authuser=0&hl=en&rclk=1,Supermarket & Grocery,,4.7,64,10:30 AM-6 PM,"filipino food, snacks",
Mommy Telly's Famous BBQ Food Truck,23 N 33rd St,Philadelphia,PA,19104,US,(267) 206-0465,https://www.instagram.com/mommytellysfamousbbq?igsh=cHlvOTdrOGpnMmsy,https://www.google.com/maps/place/Mommy+Telly%27s+Famous+BBQ+Food+Truck/data=!4m7!3m6!1s0x89c6c7005ef88879:0x4d0fdedf8229f88c!8m2!3d39.9558003!4d-75.1892758!16s%2Fg%2F11y43595nr!19sChIJeYj4XgDHxokRjPgpgt_eD00?authuser=0&hl=en&rclk=1,Restaurant,,4.9,18,11 AM-4 PM,"price, scallions, smiling, students, grilled, pork",
Perla,1535 S 11th St,Philadelphia,PA,19147,US,(267) 480-0344,http://www.perlaphilly.com/,https://www.google.com/maps/place/Perla/data=!4m7!3m6!1s0x89c6c61b240d1e69:0x1036572965d0c8d1!8m2!3d39.9299062!4d-75.1628866!16s%2Fg%2F11by_wt88f!19sChIJaR4NJBvGxokR0cjQZSlXNhA?authuser=0&hl=en&rclk=1,Restaurant,,4.6,381,5-9 PM,"hands, pork belly, banana leaves, BYOB, leftovers, kamayan, fried fish, prix fixe, wednesday, pandesal",
Philly Pinoy Grocery Dine in or Take Out Food,1160 DeKalb St,King of Prussia,PA,19406,US,(484) 685-3586,http://www.phillypinoyfoods.com/,"https://www.google.com/maps/place/Philly+Pinoy+Grocery+Dine+in+or+Take+Out+Food/@40.099426,-75.352737,17z/data=!3m1!4b1!4m6!3m5!1s0x89c695fcab1e5c99:0x4299255822e0e30b!8m2!3d40.099426!4d-75.352737!16s%2Fg%2F1tycxlxx?authuser=0&hl=en&entry=ttu&g_ep=EgoyMDI1MDgyNS4wIKXMDSoASAFQAw%3D%3D",Supermarket & Grocery,,4.4,190,10 AM-8 PM,"filipino food, home, snacks, prices, halo halo, bbq, to go, selection, lechon, sisig",
Pinoy Groseri (Filipino Grocery Store at Philadelphia),7925 Bustleton Ave,Philadelphia,PA,19152,US,(215) 516-6952,http://www.pinoy-groseri.com/,https://www.google.com/maps/place/Pinoy+Groseri+%28Filipino+Grocery+Store+at+Philadelphia%29/data=!4m7!3m6!1s0x89c6b52c6c3d8cfb:0xcd24b44f1afd3199!8m2!3d40.0574452!4d-75.0525953!16s%2Fg%2F11gy3fzx1f!19sChIJ-4w9bCy1xokRmTH9Gk-0JM0?authuser=0&hl=en&rclk=1,Supermarket & Grocery,,4.8,86,10 AM-7 PM,"owner, filipino food, price, sell",
Tabachoy,932 S 10th St,Philadelphia,PA,19147,US,(215) 315-8720,https://www.tabachoyphilly.com/,https://www.google.com/maps/place/Tabachoy/data=!4m7!3m6!1s0x89c6b90bc8dcd98d:0xa5de76bf1d7c092d!8m2!3d39.9383395!4d-75.1597938!16s%2Fg%2F11kw4ryxdp!19sChIJjdncyAu5xokRLQl8Hb923qU?authuser=0&hl=en&rclk=1,Restaurant,,4.6,308,5-9 PM,"ube, tasting menu, chicken wings, sundae, cheesecake, soft serve, cesar salad, green beans, clams, BYOB",
Tambayan,45 N 12th St,Philadelphia,PA,19107,US,,https://www.tambayanphilly.com/,https://www.google.com/maps/place/Tambayan/data=!4m7!3m6!1s0x89c6c757c8bf3e47:0xa8c09028ba8dfd54!8m2!3d39.9532097!4d-75.1591833!16s%2Fg%2F11q8y7m81p!19sChIJRz6_yFfHxokRVP2NuiiQwKg?authuser=0&hl=en&rclk=1,Restaurant,,3.7,201,9 AM-6 PM,"lumpia, skewers, palabok, tapsilog, ube pandesal, fries, owner, macarons, filipino bbq, pork barbecue",
Bayanihan Cafe,3743 Bloomington St,Colorado Springs,CO,80922,US,(719) 309-6934,,https://www.google.com/maps/place/Bayanihan+Caf%C3%A9/data=!4m7!3m6!1s0x87134884d2ee8f3b:0xd2aab1e0823288c2!8m2!3d38.8863285!4d-104.7162089!16s%2Fg%2F11b7fhbygy!19sChIJO4_u0oRIE4cRwogyguCxqtI?authuser=0&hl=en&rclk=1,Restaurant,,4.4,624,,"home, empanadas, food and service, ownership, bistek, leche flan, 2023, gem, bbq pork, so delicious",
Filipino Asian Store,2490 Patterson Rd # 3,Grand Junction,CO,81505,US,(970) 242-2477,,"https://www.google.com/maps/place/Filipino+Asian+Store/@39.0920024,-108.5955965,17z/data=!3m1!4b1!4m6!3m5!1s0x87471d184a16a8fd:0xa10ba2e1f40b7517!8m2!3d39.0920024!4d-108.5955965!16s%2Fg%2F1tdpb2dx?authuser=0&hl=en&entry=ttu&g_ep=EgoyMDI1MDgyNS4wIKXMDSoASAFQAw%3D%3D",Supermarket & Grocery,,0,0,,,
Julie's Kitchen,3750 Astrozon Blvd,Colorado Springs,CO,80910,US,(719) 596-4019,https://m.facebook.com/Julies-Kitchen-Colorado-Springs-1316043748422112/,https://www.google.com/maps/place/Julie%27s+Kitchen/data=!4m7!3m6!1s0x871344069224c651:0x14799ae9ce567c5e!8m2!3d38.7960695!4d-104.7599166!16s%2Fg%2F11cmr4fw0x!19sChIJUcYkkgZEE4cRXnxWzumaeRQ?authuser=0&hl=en&rclk=1,Restaurant,,4.5,650,11 AM-6:30 PM,"hawaiian food, lechon kawali, chicken katsu, desserts, island, loco moco, poke, spam musubi, teriyaki, lumpia",
Paborito - Filipino BBQ,707 Federal Blvd,Denver,CO,80204,US,(720) 900-7112,http://www.paboritobbq.square.site/,https://www.google.com/maps/place/Paborito+-+Filipino+BBQ/data=!4m7!3m6!1s0x876c7fc5291cf249:0x808b09fd4ea7387!8m2!3d39.7277348!4d-105.0255814!16s%2Fg%2F11y5gv2145!19sChIJSfIcKcV_bIcRh3Pq1J-wCAg?authuser=0&hl=en&rclk=1,Quick Bites & Turo-Turo,Restaurant,4.6,80,11 AM-9 PM,"filipino food, pancit, chicken inasal, lumpia, lechon kawali, sisig, rice, pork, atsara, kare kare",
Philippine Oriental Market & Gifts,1775 B St,Colorado Springs,CO,80906,US,(719) 527-0078,,https://www.google.com/maps/place/Philippine+Oriental+Market+%26+Gifts/data=!4m7!3m6!1s0x8713439c0d65ab87:0x18b04a203e3f19ae!8m2!3d38.7734527!4d-104.792975!16s%2Fg%2F1v1slpbn!19sChIJh6tlDZxDE4cRrhk_PiBKsBg?authuser=0&hl=en&rclk=1,Supermarket & Grocery,,4.3,79,10:30 AM-4 PM,"filipino food, prices, pork, small business, dessert, gem",
RJ Foodies & Catering Services,1402 Harrison Rd,Colorado Springs,CO,80905,US,(719) 217-5093,https://rj-foodies-and-catering-services.ueniweb.com/,"https://www.google.com/maps/place/RJ+Foodies+%26+Catering+Services/@38.7961868,-104.8012032,17z/data=!3m1!4b1!4m6!3m5!1s0x871345e8c4e24ae7:0xcde45f7fa55527d9!8m2!3d38.7961868!4d-104.8012032!16s%2Fg%2F11hzysg3cc?authuser=0&hl=en&entry=ttu&g_ep=EgoyMDI1MDgyNS4wIKXMDSoASAFQAw%3D%3D",Quick Bites & Turo-Turo,Restaurant,4.3,58,Open 24 hours,"food truck, filipino food, lumpia, pancit, festival, beef bulgogi, sisig, pork belly, grilled chicken, plate",
Sarap! Filipino Restaurant,3743 Bloomington St,Colorado Springs,CO,80922,US,(719) 698-7996,https://sarapcs.com/,https://www.google.com/maps/place/Sarap!+Filipino+Restaurant/data=!4m7!3m6!1s0x8713499432652e21:0x89388c41214e3e5f!8m2!3d38.8864125!4d-104.7162069!16s%2Fg%2F11y76cr2_6!19sChIJIS5lMpRJE4cRXz5OIUGMOIk?authuser=0&hl=en&rclk=1,Restaurant,,4.2,173,11 AM-8 PM,"filipino food, lumpia, pancit, halo halo, sisig, kare kare, lechon kawali, chicken adobo, cassava cake, ube cheesecake",
The Orange Crunch Filipino Staples and Delights,14200 E Alameda Ave Aurora Eatery,Aurora,CO,80012,US,(720) 742-5380,,https://www.google.com/maps/place/The+Orange+Crunch+Filipino+Staples+and+Delights/data=!4m7!3m6!1s0x876c631ff0960f83:0xde420dc144ff0762!8m2!3d39.7082577!4d-104.823209!16s%2Fg%2F11rvyyw2h0!19sChIJgw-W8B9jbIcRYgf_RMENQt4?authuser=0&hl=en&rclk=1,Restaurant,,4.7,6,,"filipino food, lumpia, pancit",
Adobo Republic,3150 Cranberry Hwy,Wareham,MA,2538,US,(774) 326-0260,http://www.adoborepublicma.us/,https://www.google.com/maps/place/Adobo+Republic/data=!4m7!3m6!1s0x89e4c7c7f1e2ac0b:0xc24b34b683f4e3bb!8m2!3d41.7527236!4d-70.6340637!16s%2Fg%2F11pydt6sd0!19sChIJC6zi8cfH5IkRu-P0g7Y0S8I?authuser=0&hl=en&rclk=1,Food Truck & Pop-Up,,4.9,45,11:30 AM-5 PM,"filipino food, empanadas, churros, pork, food truck, lumpia, pancit, chicken adobo, ube, halo halo",
Aplaya Kitchen + Tiki Bar,483 Main St,Chatham,MA,2633,US,(508) 348-5132,http://www.aplayacapecod.com/,"https://www.google.com/maps/place/Aplaya+Kitchen+%2B+Tiki+Bar/@41.6795673,-69.9568135,17z/data=!3m1!4b1!4m6!3m5!1s0x89fb15f4e9644781:0x83c7e811520efcc!8m2!3d41.6795673!4d-69.9568135!16s%2Fg%2F11v0wz75pp?authuser=0&hl=en&entry=ttu&g_ep=EgoyMDI1MDgyNS4wIKXMDSoASAFQAw%3D%3D",Restaurant,,4.5,103,12 PM-12 AM,"atmosphere, the menu, dinner, lumpia, filipino food, bartender, dog, table, tacos, siopao",
Kuya's Cooking,77 Ferry St,Everett,MA,2149,US,(617) 863-6375,http://www.kuyascooking.com/,https://www.google.com/maps/place/Kuya%27s+Cooking/data=!4m7!3m6!1s0x89e371007a1aee91:0x12823e0a2731b3a7!8m2!3d42.4066789!4d-71.0467194!16s%2Fg%2F11hhpwzrs6!19sChIJke4aegBx44kRp7MxJwo-ghI?authuser=0&hl=en&rclk=1,Food Truck & Pop-Up,Restaurant,4.3,6,,filipino food,
Lola's Pinoy Pastry,3 Marble St,Stoneham,MA,2180,US,(857) 267-3488,http://www.lolaspinoypastry.com/,https://www.google.com/maps/place/Lola%27s+Pinoy+Pastry/data=!4m7!3m6!1s0x89e3750775ec4c83:0x1a0d7b7751883f86!8m2!3d42.4741779!4d-71.1011933!16s%2Fg%2F11vspg5t_g!19sChIJg0zsdQd144kRhj-IUXd7DRo?authuser=0&hl=en&rclk=1,"Bakery, Dessert & Cafe",,5,2,9 AM-12 PM,ube ice cream,
Pinoy Food Mart,157 Grove St,Chicopee,MA,1020,US,(413) 592-3421,,"https://www.google.com/maps/place/Pinoy+Food+Mart/@42.1545483,-72.5845593,17z/data=!3m1!4b1!4m6!3m5!1s0x89e6dd918cffb473:0x2a322e2bbbe28903!8m2!3d42.1545483!4d-72.5845593!16s%2Fg%2F1261_1q12?authuser=0&hl=en&entry=ttu&g_ep=EgoyMDI1MDgzMC4wIKXMDSoASAFQAw%3D%3D",Supermarket & Grocery,,0,0,,,
Pinoy Republic & Sons,545 SW Cutoff,Worcester,MA,1607,US,(508) 890-8600,https://m.facebook.com/bestfilipinostore/,https://www.google.com/maps/place/Pinoy+Republic+%26+Sons/data=!4m7!3m6!1s0x89e405a7cb70336b:0xb921e82809998a77!8m2!3d42.2112565!4d-71.7968612!16s%2Fg%2F1jkwkcll5!19sChIJazNwy6cF5IkRd4qZCSjoIbk?authuser=0&hl=en&rclk=1,Supermarket & Grocery,,4.8,201,10 AM-6 PM,"filipino food, prices, halo halo, selection, coffee, ship, pancit, box, to go, balikbayan box",
Surepinoy Oriental Food Mart,145 Water St,Quincy,MA,2169,US,(617) 328-8880,http://www.surepinoy.com/index.html,https://www.google.com/maps/place/Surepinoy+Oriental+Food+Mart/data=!4m7!3m6!1s0x89e37cccebca0e91:0x289a9e4e5cfd850d!8m2!3d42.241824!4d-71.003987!16s%2Fg%2F1td54fqg!19sChIJkQ7K68x844kRDYX9XE6emig?authuser=0&hl=en&rclk=1,Supermarket & Grocery,,4.6,100,9:30 AM-7:30 PM,"filipino food, area, pastries, prices",
A Taste of the Philippines,907 E Broad St,Cookeville,TN,38501,US,(931) 854-1618,http://www.facebook.com/atasteofthephilippines/,https://www.google.com/maps/place/A+Taste+of+the+Philippines/data=!4m7!3m6!1s0x8867226445efdf1d:0x4af5d2428fd68fbd!8m2!3d36.1637111!4d-85.4858521!16s%2Fg%2F11cs6khdbz!19sChIJHd_vRWQiZ4gRvY_Wj0LS9Uo?authuser=0&hl=en&rclk=1,Restaurant,,5,4,,,
Ate's Filipino Kitchen,2195 Nolensville Pk,Nashville,TN,37211,US,,http://atenashville.com/,https://www.google.com/maps/place/Ate%27s+Filipino+Kitchen/data=!4m7!3m6!1s0x886466fb84f392a1:0x7ccb88ff8e25cb87!8m2!3d36.1262411!4d-86.7533643!16s%2Fg%2F11hbqdwc5v!19sChIJoZLzhPtmZIgRh8sljv-Iy3w?authuser=0&hl=en&rclk=1,Restaurant,,4.3,4,,,
Bomb Pinoy,2627 Broad St,Chattanooga,TN,37402,US,(510) 927-4669,,https://www.google.com/maps/place/Bomb+Pinoy/data=!4m7!3m6!1s0x88605f3137184d41:0xb2436bf60469dd2d!8m2!3d35.0264229!4d-85.3177726!16s%2Fg%2F11s4qnqjdh!19sChIJQU0YNzFfYIgRLd1pBPZrQ7I?authuser=0&hl=en&rclk=1,Food Truck & Pop-Up,Quick Bites & Turo-Turo,4.8,23,,"filipino food, lumpia, food truck, pork belly, rice, adobo, area, lunch",
Casarap,6195 Macon Rd # 1,Memphis,TN,38134,US,(901) 937-7798,https://www.casarapmemphis.com/,https://www.google.com/maps/place/Casarap/data=!4m7!3m6!1s0x887f832e59d6015d:0x6577bbf33bf8f377!8m2!3d35.1621921!4d-89.8567137!16s%2Fg%2F1tcwrxbt!19sChIJXQHWWS6Df4gRd_P4O_O7d2U?authuser=0&hl=en&rclk=1,Restaurant,,4.6,112,10 AM-6 PM,"lumpia, pancit, price, grocery, adobo, fish, hospitality, fried pork belly, lechon, selection",
Filbilly's Authentic Filipino BBQ Diner,3077 US-25E,Tazewell,TN,37879,US,(423) 259-4567,,https://www.google.com/maps/place/Filbilly%27s+Authentic+Filipino+BBQ+Diner/data=!4m7!3m6!1s0x885b7fdf52ce8f25:0xa6b744518c46921f!8m2!3d36.4866855!4d-83.5889779!16s%2Fg%2F11y99zqdmk!19sChIJJY_OUt9_W4gRH5JGjFFEt6Y?authuser=0&hl=en&rclk=1,Restaurant,,4.5,53,11 AM-7 PM,"lumpia, teriyaki chicken, steak, pancit, crab rangoon, seafood boil, pork dumplings, soy sauce, kitchen, pork belly",
FiliChateau,1097 Weston Dr,Mt. Juliet,TN,37122,US,(615) 288-4257,http://www.filichateau.com/,https://www.google.com/maps/place/FiliChateau/data=!4m7!3m6!1s0x886415006feb0e65:0x8771cc67cc7c850d!8m2!3d36.1858125!4d-86.5117844!16s%2Fg%2F11wtw52fwb!19sChIJZQ7rbwAVZIgRDYV8zGfMcYc?authuser=0&hl=en&rclk=1,"Bakery, Dessert & Cafe",,4.8,54,7 AM-4 PM,"cinnamon rolls, desserts, baklava, pistachio, atmosphere, pecan, halo halo, ensaymada, murals, ube",
Fil-Thai,13 N Main St,Sparta,TN,38583,US,(931) 837-8424,,https://www.google.com/maps/place/Fil-Thai/data=!4m7!3m6!1s0x88672f004350924f:0xfac91dd58efe2b53!8m2!3d35.9262324!4d-85.4641461!16s%2Fg%2F11x1nm54sm!19sChIJT5JQQwAvZ4gRUyv-jtUdyfo?authuser=0&hl=en&rclk=1,Restaurant,,4.8,74,10:30 AM-9 PM,"price, fried rice, drunken noodles, servers, yangnyeom chicken, sampler, appetizer, adobo, pot stickers, truck",
Grace's Lumpia,633 S Jefferson Ave P,Cookeville,TN,38501,US,(931) 263-1701,,https://www.google.com/maps/place/Grace%27s+Lumpia/data=!4m7!3m6!1s0x88672335d5916d3b:0x6acb34672f6ab1fc!8m2!3d36.1476881!4d-85.5010746!16s%2Fg%2F11smgw1h7x!19sChIJO22R1TUjZ4gR_LFqL2c0y2o?authuser=0&hl=en&rclk=1,Food Truck & Pop-Up,Restaurant,5,172,10:30 AM-6 PM,"filipino food, pork, pancit, food truck, garlic rice, plate, adobo, cheeseburger, lunch, bbq",
Little Manila Oriental Store,1426 S Moore Rd B & C,East Ridge,TN,37412,US,(423) 296-9990,http://www.littlemanilaorientalstore.com/,https://www.google.com/maps/place/Little+Manila+Oriental+Store/data=!4m7!3m6!1s0x8860673dfc2be217:0x781f08a99bdcb1cb!8m2!3d34.9964312!4d-85.2367401!16s%2Fg%2F11ght0gg6f!19sChIJF-Ir_D1nYIgRy7Hcm6kIH3g?authuser=0&hl=en&rclk=1,Supermarket & Grocery,,4.8,63,12-6 PM,"filipino food, asian food, selection, pandesal, lumpia, baked, people, meal",
Maemax Market,2106 Gallatin Pike N,Madison,TN,37115,US,(615) 323-5995,http://www.maemaxmarket.com/,"https://www.google.com/maps/place/Maemax+Market/@36.3043858,-86.692002,17z/data=!3m1!4b1!4m6!3m5!1s0x886445216d22f497:0x7a0d73dcd4ac3526!8m2!3d36.3043858!4d-86.692002!16s%2Fg%2F11vlgx411p?authuser=0&hl=en&entry=ttu&g_ep=EgoyMDI1MDgyNS4wIKXMDSoASAFQAw%3D%3D",Restaurant,Supermarket & Grocery,4.7,262,11 AM-9 PM,"karaoke, buffet, lumpia, chicken adobo, the menu, grocery store, garlic rice, bbq chicken, turon, palabok",
New Manila Restaurant,7849 Rockford Rd,Millington,TN,38053,US,(901) 407-2224,https://www.facebook.com/newmanilarestaurant,https://www.google.com/maps/place/New+Manila+Restaurant/data=!4m7!3m6!1s0x887f7ba3ef815a33:0x63e4b20845cb2b6e!8m2!3d35.340371!4d-89.9025779!16s%2Fg%2F11b7xq15n_!19sChIJM1qB76N7f4gRbivLRQiy5GM?authuser=0&hl=en&rclk=1,Restaurant,,4.6,298,11 AM-7:30 PM,"prices, lumpia, pancit, pork, mom, sisig, check, local, maps, season",
Nora's Filipino Market,2201 Fort Campbell Blvd #400,Clarksville,TN,37042,US,(931) 896-2220,,https://www.google.com/maps/place/Nora%E2%80%99s+Filipino+Market/data=!4m7!3m6!1s0x886529b68378ac9b:0x317b880c4b9b80b7!8m2!3d36.6075!4d-87.4261111!16s%2Fg%2F1s04d7w8f!19sChIJm6x4g7YpZYgRt4CbSwyIezE?authuser=0&hl=en&rclk=1,Supermarket & Grocery,,4.6,244,10 AM-7 PM,"boba, filipino food, lunch, prices, halo halo, lumpia, chicken adobo, buffet, pancit, longanisa",
PFC Pinoy Food Corner,205 N Riverside Dr,Clarksville,TN,37040,US,(931) 444-8596,,https://www.google.com/maps/place/PFC+Pinoy+Food+Corner/data=!4m7!3m6!1s0x8864d9173969fc6f:0xf53bdd7ec748a813!8m2!3d36.5281282!4d-87.3633897!16s%2Fg%2F11xgr1h486!19sChIJb_xpORfZZIgRE6hIx37dO_U?authuser=0&hl=en&rclk=1,Food Truck & Pop-Up,Quick Bites & Turo-Turo,4.7,12,10 AM-9:30 PM,"pancit, filipino food, spring roll, chicken",
Philippine Egg Roll Express,3605 Western Ave,Knoxville,TN,37921,US,(865) 544-3061,https://www.facebook.com/share/1YSXRVbRRW/,"https://www.google.com/maps/place/Philippine+Egg+Roll+Express/@35.9749799,-83.9718268,17z/data=!3m1!4b1!4m6!3m5!1s0x885c3d024a5f3f8d:0xe3e356094b9d98d5!8m2!3d35.9749799!4d-83.9718268!16s%2Fg%2F1wh4gl14?authuser=0&hl=en&entry=ttu&g_ep=EgoyMDI1MDgyNS4wIKXMDSoASAFQAw%3D%3D",Restaurant,,4.4,123,11 AM-4 PM,"price, cash, lumpia, pork, pancit, salty, lo mein, brownies, chili sauce, shrimp fried rice",
Pinay's Kitchen,2195 Nolensville Pk,Nashville,TN,37211,US,(615) 810-4586,https://www.youtube.com/user/odet05,https://www.google.com/maps/place/Pinay%27s+Kitchen/data=!4m7!3m6!1s0x886465e490955555:0x3a489c6844e60aeb!8m2!3d36.1273427!4d-86.7531165!16s%2Fg%2F11g8v5_sdd!19sChIJVVWVkORlZIgR6wrmRGicSDo?authuser=0&hl=en&rclk=1,Restaurant,,5,1,,,
Asian Market,4430 The Plaza,Charlotte,NC,28215,US,(704) 595-9998,http://asianmarketplz.com/,https://www.google.com/maps/place/Asian+Market/data=!4m7!3m6!1s0x88541f5a9d945e17:0x37d27487d768f215!8m2!3d35.2489305!4d-80.7798521!16s%2Fg%2F11j5315zhg!19sChIJF16UnVofVIgRFfJo14d00jc?authuser=0&hl=en&rclk=1,Supermarket & Grocery,,4.4,1125,9:30 AM-8 PM,"seafood, produce, fresh, food court, smell, roast duck, blue crabs, quarter, eel, super-g",
Filipino American Grocery,4604 W Market St Suite #112,Greensboro,NC,27407,US,(336) 944-3228,https://m.facebook.com/filipinoamericangrocery/,https://www.google.com/maps/place/Filipino+American+Grocery/data=!4m7!3m6!1s0x88531bc0a3b95431:0x21c53acc541f71f!8m2!3d36.0711709!4d-79.8623667!16s%2Fg%2F11lrx6g9k4!19sChIJMVS5o8AbU4gRH_dBxaxTHAI?authuser=0&hl=en&rclk=1,Supermarket & Grocery,,4.9,108,10 AM-7:30 PM,"selection, filipino foods, snacks, prices, owner, condiments, frozen foods, varieties, home",
Filipino Cuisine,331 Western Blvd C,Jacksonville,NC,28546,US,(910) 333-9294,,https://www.google.com/maps/place/Filipino+Cuisine/data=!4m7!3m6!1s0x89a9107a1deb2b1b:0xe03eba56df1917c!8m2!3d34.7650141!4d-77.3838773!16s%2Fg%2F11cmv1wlx9!19sChIJGyvrHXoQqYkRfJHxbaXrAw4?authuser=0&hl=en&rclk=1,Restaurant,,4.7,744,11 AM-9 PM,"pho, halo halo, boba, home, chicken adobo, pork adobo, chicken curry, turon, beef lumpia, chicken lumpia",
Filipino Express Restaurant,3601 Capital Blvd,Raleigh,NC,27604,US,(919) 876-6911,http://filipinoexpressnc.com/,https://www.google.com/maps/place/Filipino+Express+Restaurant/data=!4m7!3m6!1s0x89ac596b01a3fd81:0x7bcc208e74224d30!8m2!3d35.8295114!4d-78.5859792!16s%2Fg%2F11b5yr186z!19sChIJgf2jAWtZrIkRME0idI4gzHs?authuser=0&hl=en&rclk=1,Restaurant,Quick Bites & Turo-Turo,4.6,321,11 AM-5 PM,"grocery store, prices, pancit, adobo, lumpia, halo halo, area, snacks, dinuguan, lechon kawali",
Filipino Mart,11855 N Tryon St STE A,Charlotte,NC,28262,US,(980) 238-6460,https://filipinomartnc.com/,https://www.google.com/maps/place/Filipino+Mart/data=!4m7!3m6!1s0x88541b2d73035795:0x99e2ae2ccf7353cf!8m2!3d35.3372422!4d-80.7092703!16s%2Fg%2F11h_3ysxcq!19sChIJlVcDcy0bVIgRz1Nzzyyu4pk?authuser=0&hl=en&rclk=1,Supermarket & Grocery,,4.8,160,9 AM-7 PM,"filipino food, prices, snacks, shelves, ingredients, home, canned, lumpia, drinks, travel",
Island Cuisine Clemmons,6246 Towncenter Dr,Clemmons,NC,27012,US,(336) 448-1004,http://www.islandcuisineclemmons.com/,https://www.google.com/maps/place/Island+Cuisine+Clemmons/data=!4m7!3m6!1s0x8853b99d207f7ff3:0xcccea6f7f74b373a!8m2!3d36.0381159!4d-80.3872258!16s%2Fg%2F11j20lw50t!19sChIJ839_IJ25U4gROjdL9_emzsw?authuser=0&hl=en&rclk=1,Restaurant,,4.7,469,"11 AM-2 PM, 4-8 PM","chef, pork sisig, garlic rice, wings, sweet and sour chicken, beef tapa, chicken adobo, siopao, buffet, bowl",
Krill Restaurant,506 Ramseur St,Durham,NC,27701,US,(919) 246-6146,https://www.krillrestaurant.com/,https://www.google.com/maps/place/Krill+Restaurant/data=!4m7!3m6!1s0x89ace5be8d3bd74f:0xb816c92f33906438!8m2!3d35.9903698!4d-78.8964666!16s%2Fg%2F11sqnbz9ml!19sChIJT9c7jb7lrIkROGSQMy_JFrg?authuser=0&hl=en&rclk=1,Restaurant,,4.3,300,5-9 PM,"lumpia, khao soi, filipino, duck, red snapper, pork sisig, small plates, ceviche, singapore sling, adobo",
Kusinera Filipino Cuisine,3047 Legion Rd,Fayetteville,NC,28306,US,(910) 745-8011,https://www.facebook.com/profile.php?id=61555812179094,https://www.google.com/maps/place/Kusinera+Filipino+Cuisine/data=!4m7!3m6!1s0x89ab13fb7f1aa1a7:0xd452bac149cd6d73!8m2!3d35.0034695!4d-78.9138043!16s%2Fg%2F11vyy3b4ws!19sChIJp6Eaf_sTq4kRc23NScG6UtQ?authuser=0&hl=en&rclk=1,Restaurant,,4.9,271,11:30 AM-8 PM,"filipino food, platter, pancit, lumpia, seasoned, halo halo, sisig, skewers, pork bbq, pork belly",
Kuya Bear Food,1311 S Hawthorne Rd,Winston-Salem,NC,27103,US,,https://www.kuyabearfood.com/,https://www.google.com/maps/place/Kuya+Bear+Food/data=!4m7!3m6!1s0x8853b125e1770b1f:0xb615f29c0051e494!8m2!3d36.0778772!4d-80.2846119!16s%2Fg%2F11tp24dw67!19sChIJHwt34SWxU4gRlORRAJzyFbY?authuser=0&hl=en&rclk=1,Restaurant,,4.2,30,,"burrito, lumpia, bbq, filipino food, truck, price",
Manila Grill,10500 Centrum Pkwy,Pineville,NC,28134,US,,http://www.manilagrillnc.com/,https://www.google.com/maps/place/Manila+Grill/data=!4m7!3m6!1s0x88569d000a366585:0xd8b5a66a39b74bd2!8m2!3d35.0897806!4d-80.8792582!16s%2Fg%2F11w3xdktyt!19sChIJhWU2CgCdVogR0ku3OWqmtdg?authuser=0&hl=en&rclk=1,Restaurant,,4.3,109,11 AM-8:30 PM,"halo-halo, chicken adobo, food court, skewers, lumpia, palabok, money, sinigang, kare-kare, pork",
Mas-A-Wrap,120 Oconner Pl,Aberdeen,NC,28315,US,(910) 992-1440,,https://www.google.com/maps/place/Mas-A-Wrap/data=!4m7!3m6!1s0x8854b3b1cc4ef091:0x35fb4194dd194c2a!8m2!3d35.1363596!4d-79.4342231!16s%2Fg%2F11m9827wv6!19sChIJkfBOzLGzVIgRKkwZ3ZRB-zU?authuser=0&hl=en&rclk=1,Quick Bites & Turo-Turo,Restaurant,4.9,15,,"BBQ, filipino food, food truck, adobo, grilled, pork, veggies",
Master BBQ AVL,870 Riverside Dr,Woodfin,NC,28804,US,(828) 808-5622,https://www.masterbbqusa.com/,https://www.google.com/maps/place/Master+BBQ+AVL/data=!4m7!3m6!1s0x88598b006d7db173:0x62f338be90ec77e6!8m2!3d35.6172399!4d-82.5763724!16s%2Fg%2F11vr1ckhb4!19sChIJc7F9bQCLWYgR5nfskL4482I?authuser=0&hl=en&rclk=1,Restaurant,,4.6,42,4-9 PM,"chicken adobo, food truck, pork skewers, lumpia, filipino bbq, pickles, brewery, patio, pork belly, soy sauce",
Mediterrasian Bistro and Catering,105 W North Carolina 54 #225,Durham,NC,27713,US,(919) 484-0505,http://mediterrasianbistro.com/,https://www.google.com/maps/place/Mediterrasian+Bistro+and+Catering/data=!4m7!3m6!1s0x89ace8ba5c47051b:0xee76cc8a5b894785!8m2!3d35.90977!4d-78.938636!16s%2Fg%2F1td_618p!19sChIJGwVHXLrorIkRhUeJW4rMdu4?authuser=0&hl=en&rclk=1,Restaurant,,4.3,419,11 AM-8:30 PM,"filipino food, buffet, shawarma, lumpia, pancit, chicken skewers, fusion, adobo, chicken curry, philly cheese steak",
Philippine Store and Cuisine,4902 Yadkin Rd,Fayetteville,NC,28303,US,(910) 860-1241,https://www.facebook.com/Philippines-Store-Cuisine-667790649978175/,https://www.google.com/maps/place/Philippine+Store+and+Cuisine/data=!4m7!3m6!1s0x89ab6b227db8c143:0x2cc304e7361587a7!8m2!3d35.0827917!4d-78.9658437!16s%2Fg%2F1tctmnpg!19sChIJQ8G4fSJrq4kRp4cVNucEwyw?authuser=0&hl=en&rclk=1,Supermarket & Grocery,,4.4,185,11 AM-5 PM,"buffet, filipino food, price, home, lumpia, snacks, balut, lechon, sisig, sinigang",
Pinoy Plates,11113 Gold Pan Rd,Charlotte,NC,28215,US,(980) 622-7048,https://pinoyplatesbycabalen.com/,https://www.google.com/maps/place/Pinoy+Plates/data=!4m7!3m6!1s0x885419b6eefe3ccd:0x916a613dbed36144!8m2!3d35.2577731!4d-80.6789861!16s%2Fg%2F11yfq1j3tl!19sChIJzTz-7rYZVIgRRGHTvj1hapE?authuser=0&hl=en&rclk=1,Food Truck & Pop-Up,,5,2,,,
"Pots Pilipino Catering, LLC",5075 Morganton Rd STE 10 C,Fayetteville,NC,28314,US,(910) 302-6943,http://www.potspilipinocatering.com/,"https://www.google.com/maps/place/Pots+Pilipino+Catering,+LLC/data=!4m7!3m6!1s0x89ab6bbab0f806cb:0x6ba5cfc40677823f!8m2!3d35.0677041!4d-78.9630174!16s%2Fg%2F11kbv1cb8f!19sChIJywb4sLprq4kRP4J3BsTPpWs?authuser=0&hl=en&rclk=1",Restaurant,,5,4,9 AM-9 PM,,
Rolling Lumpia NC,851 Dennis Rd #600,Jacksonville,NC,28546,US,(843) 271-4079,,https://www.google.com/maps/place/Rolling+Lumpia+NC/data=!4m7!3m6!1s0x89a91184d665ec55:0xe48d79ea0ab2d4ac!8m2!3d34.7989445!4d-77.4204052!16s%2Fg%2F11mdnt6jhw!19sChIJVexl1oQRqYkRrNSyCup5jeQ?authuser=0&hl=en&rclk=1,Restaurant,,0,0,,,
Thelmart,2813 Lowell Rd,Gastonia,NC,28054,US,(336) 917-8968,https://www.soul-on-lowell.com/menu,https://www.google.com/maps/place/Thelmart/data=!4m7!3m6!1s0x8856bfacca7c9913:0x161d20c9cd64a22d!8m2!3d35.2761782!4d-81.119823!16s%2Fg%2F11y3ytmh56!19sChIJE5l8yqy_VogRLaJkzckgHRY?authuser=0&hl=en&rclk=1,Restaurant,,0,0,,,
Baon Kainan Filipino Food Cart,1027 NE Alberta St,Portland,OR,97211,US,,https://baonkainan.com/,https://www.google.com/maps/place/Baon+Kainan+Filipino+Food+Cart/data=!4m7!3m6!1s0x5495a704ef169a8b:0x6ecd15c3ca26c3c0!8m2!3d45.5591752!4d-122.6548461!16s%2Fg%2F11nxy_j06w!19sChIJi5oW7wSnlVQRwMMmysMVzW4?authuser=0&hl=en&rclk=1,Restaurant,,4.7,76,,"calamansi, brunch, bibingka, palabok, chicken adobo, tosilog, fries, food truck, breakfast bowl, crumble",
Bongga Kusina,3695 SW 185th Ave,Aloha,OR,97078,US,(971) 477-7827,https://bonggakusinaaloha.com/?utm_medium=GMB&utm_source=weblink&utm_content=BonggaKusina,https://www.google.com/maps/place/Bongga+Kusina/data=!4m7!3m6!1s0x54950f0079248b6b:0x21ad40b2009b3b3a!8m2!3d45.4929233!4d-122.8674818!16s%2Fg%2F11y3b6fwlt!19sChIJa4skeQAPlVQROjubALJArSE?authuser=0&hl=en&rclk=1,Restaurant,,4.5,27,11 AM-7 PM,"halo halo, prices, food truck, food cart, egg fried rice, staple, skewers, entrees, bangus, lumpia",
Boodle fight pdx,431 SW Harvey Milk St,Portland,OR,97205,US,,https://www.instagram.com/boodlefightpdx?igsh=a2h3d2hxdG92cGlp,https://www.google.com/maps/place/Boodle+fight+pdx/data=!4m7!3m6!1s0x54950b0043fc06d3:0x9570a211cb849b36!8m2!3d45.5207999!4d-122.6760309!16s%2Fg%2F11y7dcjw_z!19sChIJ0wb8QwALlVQRNpuEyxGicJU?authuser=0&hl=en&rclk=1,Restaurant,,5,5,,,
Chik & Chuck Pinoy Bakery,2311 SW 6th Ave,Portland,OR,97201,US,(503) 444-7170,,https://www.google.com/maps/place/Chik+%26+Chuck+Pinoy+Bakery/data=!4m7!3m6!1s0x54950b81b5db36f5:0x46ff507c2e5de9bf!8m2!3d45.506382!4d-122.6845692!16s%2Fg%2F11xgkz4ml6!19sChIJ9TbbtYELlVQRv-ldLnxQ_0Y?authuser=0&hl=en&rclk=1,"Bakery, Dessert & Cafe",,5,7,8 AM-4 PM,"filipino, pandesal",
Filipino Cuisine,2001 Foothill Blvd,Grants Pass,OR,97526,US,(541) 787-0587,https://www.facebook.com/dordorsfilipinocuisine/,"https://www.google.com/maps/place/Filipino+Cuisine/@42.4340607,-123.2953542,17z/data=!3m1!4b1!4m6!3m5!1s0x54c579d12c4cd68f:0xb1f826985f0521c8!8m2!3d42.4340607!4d-123.2953542!16s%2Fg%2F11v5vl1l85?authuser=0&hl=en&entry=ttu&g_ep=EgoyMDI1MDgyNS4wIKXMDSoASAFQAw%3D%3D",Restaurant,,5,16,,"lumpia, atmosphere, food truck",
Filipino Fire Taste Of The Islands,729 Welch St,Medford,OR,97501,US,(541) 840-6437,http://www.filipinofire.com/,https://www.google.com/maps/place/Filipino+Fire+Taste+Of+The+Islands/data=!4m7!3m6!1s0x54cf7def3f048b55:0x94475246f77ae45c!8m2!3d42.3322511!4d-122.8805206!16s%2Fg%2F11tjxhb8w5!19sChIJVYsEP-99z1QRXOR690ZSR5Q?authuser=0&hl=en&rclk=1,Restaurant,,4.5,23,10:30 AM-3 PM,"truck, pork adobo, pancit, lumpia, combos, future",
Fork And Spoon Food House,10634 NE Sandy Blvd,Portland,OR,97220,US,(503) 867-7716,https://forkandspoonpdx.us/,https://www.google.com/maps/place/Fork+And+Spoon+Food+House/data=!4m7!3m6!1s0x5495a3f17b1a4a45:0xc89a1913d63cd172!8m2!3d45.5584627!4d-122.5529768!16s%2Fg%2F11gjt865zz!19sChIJRUoae_GjlVQRctE81hMZmsg?authuser=0&hl=en&rclk=1,Restaurant,,4.4,236,8 AM-7 PM,"pancit, lumpia, sisig, home, pork adobo, halo halo, to go, kid, kare kare, fries",
HapaPino,17300 SW Baseline Rd,Beaverton,OR,97006,US,,https://www.hapapino.com/,https://www.google.com/maps/place/HapaPino/data=!4m7!3m6!1s0x54950dc95bc1e2cf:0x60308785cf5ec5cf!8m2!3d45.5119252!4d-122.8547121!16s%2Fg%2F11t05tgwz_!19sChIJz-LBW8kNlVQRz8Vez4WHMGA?authuser=0&hl=en&rclk=1,Restaurant,,4.8,79,10 AM-2 PM,"silog, bowl, breakfast burrito, food truck, longanisa, sausage, spam, food cart, filipino, area",
Hunny Beez,1434 SW Park Ave,Portland,OR,97209,US,(971) 713-0352,http://hunnybeezpdx.com/,https://www.google.com/maps/place/Hunny+Beez/data=!4m7!3m6!1s0x54950bea01272a3b:0xf6d86c11b2860790!8m2!3d45.5144837!4d-122.6831116!16s%2Fg%2F11tdkp3nfw!19sChIJOyonAeoLlVQRkAeGshFs2PY?authuser=0&hl=en&rclk=1,Restaurant,Quick Bites & Turo-Turo,4.2,177,11 AM-10 PM,"filipino food, pancit, bowl, adobo wings, boba, spam musubi, lumpia, ube, thai tea, fusion food",
Kahel Filipino Cuisine,817 NW 23rd Ave,Portland,OR,97210,US,(360) 340-2128,https://www.facebook.com/kahelfilipinocuisine?mibextid=ZbWKwL,https://www.google.com/maps/place/Kahel+Filipino+Cuisine/data=!4m7!3m6!1s0x5495098a5d950145:0xfc279f09dfae8efa!8m2!3d45.5286831!4d-122.6987444!16s%2Fg%2F11svdzr7hf!19sChIJRQGVXYoJlVQR-o6u3wmfJ_w?authuser=0&hl=en&rclk=1,Restaurant,,5,4,9 AM-9 PM,"kare-kare, filipino food",
Kart Ilokandia,22320 NE Halsey St,Fairview,OR,97024,US,(971) 977-6552,https://www.facebook.com/kartilokandia/?paipv=0&eav=AfaSs7R2nG4mQHCiznKxpjaMnRN13KADOCDgjU0DvHzbtZrAZj1hqldrK7IdXdaBZ9M&_rdr,https://www.google.com/maps/place/Kart+Ilokandia/data=!4m7!3m6!1s0x5495a366486e543d:0x217b4a65620bf0a9!8m2!3d45.534886!4d-122.432945!16s%2Fg%2F11k3v74238!19sChIJPVRuSGajlVQRqfALYmVKeyE?authuser=0&hl=en&rclk=1,Restaurant,,5,33,11 AM-8 PM,"halo halo, food carts, food truck, lumpia, sinigang, pork adobo, ube ice cream, travel, turon, drive",
Kubo,4708 NW Bethany Blvd E-8,Portland,OR,97229,US,(503) 746-4626,https://kubopdx.com/,https://www.google.com/maps/place/Kubo/data=!4m7!3m6!1s0x54950950f4b7da2f:0x2bb0cc6928dc6ec9!8m2!3d45.5541934!4d-122.8359723!16s%2Fg%2F11m38k5ytc!19sChIJL9q39FAJlVQRyW7cKGnMsCs?authuser=0&hl=en&rclk=1,Restaurant,,4.7,215,11 AM-7 PM,"bbq, lechon, leche flan, pork sisig, inihaw, owner, palabok, dinuguan, sapin-sapin, chicken adobo",
Magna Kusina,2525 SE Clinton St,Portland,OR,97202,US,(503) 395-8542,https://www.magnapdx.com/,https://www.google.com/maps/place/Magna+Kusina/data=!4m7!3m6!1s0x5495a17dfe1bf4a5:0xb91b4f1d1c336806!8m2!3d45.503526!4d-122.6398419!16s%2Fg%2F11fn03knts!19sChIJpfQb_n2hlVQRBmgzHB1PG7k?authuser=0&hl=en&rclk=1,Restaurant,,4.6,487,"11:30 AM-1:30 PM, 5-9 PM","skewers, cocktails, crab fat pasta, squid ink, biko, daiquiri, pork ribs adobo, coconut rice, coconut sticky rice, greens",
Makulit,1015 SE Stark St,Portland,OR,97214,US,,http://makulitpdx.com/,https://www.google.com/maps/place/Makul%C3%ADt/data=!4m7!3m6!1s0x5495a128767ee109:0x32b9e5703429a4ce!8m2!3d45.5194216!4d-122.6552026!16s%2Fg%2F11sk6s2vkm!19sChIJCeF-diihlVQRzqQpNHDluTI?authuser=0&hl=en&rclk=1,Restaurant,,4.9,44,"11:30 AM-3 PM, 5-8 PM","lumpia, burgers, poutine, food cart, adobo, fusion food, pork, pancit, special sauce, food truck",
Mary Jane's Bento,15 W Vilas Rd #3006,Central Point,OR,97502,US,,https://usmapion.org/details/mary-jane-s-bento-ChIJRzP,https://www.google.com/maps/place/Mary+Jane%27s+Bento/data=!4m7!3m6!1s0x54c5890f89de3347:0x24750b84dbad6d64!8m2!3d42.3888844!4d-122.8855761!16s%2Fg%2F11s87qkv3g!19sChIJRzPeiQ-JxVQRZG2t24QLdSQ?authuser=0&hl=en&rclk=1,Restaurant,,4.5,34,10 AM-5 PM,"lumpia, food truck, halo halo, pancit, ube, mac salad, valley, cake, pork adobo, sisig",
"Mendoza Food Alliance, LLC",2373 NW 185th Ave,Hillsboro,OR,97124,US,(503) 800-8272,,"https://www.google.com/maps/place/Mendoza+Food+Alliance,+LLC/data=!4m7!3m6!1s0x54950fc55252187f:0x574e3796be81a0c0!8m2!3d45.5373699!4d-122.869561!16s%2Fg%2F11mhdtrc22!19sChIJfxhSUsUPlVQRwKCBvpY3Tlc?authuser=0&hl=en&rclk=1",Food Truck & Pop-Up,Quick Bites & Turo-Turo,5,15,9 AM-6 PM,"jam, chef, flavor, delivery, hot sauce, jerky",
Pares PDX Express,20001 SW Tualatin Valley Hwy,Beaverton,OR,97003,US,(971) 570-7855,https://parespdx.com/,https://www.google.com/maps/place/Pares+PDX+Express/data=!4m7!3m6!1s0x54950fa327144539:0x6c148f2ea0773a04!8m2!3d45.4964254!4d-122.8827734!16s%2Fg%2F11wc3xh5x_!19sChIJOUUUJ6MPlVQRBDp3oC6PFGw?authuser=0&hl=en&rclk=1,Restaurant,,4.5,10,10 AM-5 PM,"pork belly, kare kare",
Shop Halo Halo,4981 SE Woodstock Blvd #2,Portland,OR,97206,US,,https://www.shophalohalo.com/,https://www.google.com/maps/place/Shop+Halo+Halo/data=!4m7!3m6!1s0x5495a1940c46e7b3:0x60f5aaf0c5caed4!8m2!3d45.4793109!4d-122.6117731!16s%2Fg%2F11v5ss4t64!19sChIJs-dGDJShlVQR1K5cDK9aDwY?authuser=0&hl=en&rclk=1,"Bakery, Dessert & Cafe",,4.6,90,,"drinks, ube, plant, latte, space, cookies, pandan, filipino, cassava cake, sans rival",
Tambayan Restaurant,6014 SE Foster Rd,Portland,OR,97206,US,(503) 777-4217,https://m.facebook.com/TambayanPDX/,https://www.google.com/maps/place/Tambayan+Restaurant/data=!4m7!3m6!1s0x5495a06b84e108af:0xbcfe8102a51cc348!8m2!3d45.4917667!4d-122.601525!16s%2Fg%2F1tgcrlh1!19sChIJrwjhhGuglVQRSMMcpQKB_rw?authuser=0&hl=en&rclk=1,Restaurant,,4.4,203,12-5 PM,"prices, halo halo, pancit, home, sinigang, kare kare, feel, crispy pata, take out, garlic rice",
Twisted Filipino Variety Cuisine,240 SW 3rd St,Hermiston,OR,97838,US,(541) 656-9253,,https://www.google.com/maps/place/Twisted+Filipino+Variety+Cuisine/data=!4m7!3m6!1s0x54a2b96df4871a97:0x4783b438764b4c11!8m2!3d45.8391753!4d-119.2933947!16s%2Fg%2F11s1zmlr2j!19sChIJlxqH9G25olQREUxLdji0g0c?authuser=0&hl=en&rclk=1,Quick Bites & Turo-Turo,,5,10,11 AM-5 PM,"chicken adobo, filipino food, bacon, pancit, lumpia, sampler",
Anne's Filipino Sweet Spot,11410 W Cambridge Ave,Avondale,AZ,85392,US,(520) 343-2042,,https://www.google.com/maps/place/Anne%27s+Filipino+Sweet+Spot/data=!4m7!3m6!1s0x872b3f8037d291ef:0x4f00c8a5e8221bd7!8m2!3d33.475131!4d-112.303601!16s%2Fg%2F11vxyhf8x_!19sChIJ75HSN4A_K4cR1xsi6KXIAE8?authuser=0&hl=en&rclk=1,Food Truck & Pop-Up,,0,0,8 AM-4 PM,,
At My Place Cafe,3450 W Chandler Blvd #9,Chandler,AZ,85226,US,(480) 838-1008,https://www.orderatmyplacecafe.com/,https://www.google.com/maps/place/At+My+Place+Cafe/data=!4m7!3m6!1s0x872b07a64427f2b9:0x6940232740fda989!8m2!3d33.3072568!4d-111.8995005!16s%2Fg%2F11pkln3lcm!19sChIJufInRKYHK4cRian9QCcjQGk?authuser=0&hl=en&rclk=1,Restaurant,,4.5,653,10 AM-6 PM,"kare kare, pork sisig, lumpia, mom, valley, cashier, lechon kawali, egg rolls, chicken adobo, dinuguan",
Backstreet Asia Filipino & Asian Restaurant,965 E Van Buren St Suite 123,Avondale,AZ,85323,US,(623) 213-7080,https://www.springroll.com/restaurant/backstreet-asia-filipino-asian/order/backstreet-asia-filipino-asian-restaurant-avondale,https://www.google.com/maps/place/Backstreet+Asia+Filipino+%26+Asian+Restaurant/data=!4m7!3m6!1s0x872b395a2e75d2e9:0xd367f2ac18afe0be!8m2!3d33.4488682!4d-112.3375215!16s%2Fg%2F11ptrbff_m!19sChIJ6dJ1Llo5K4cRvuCvGKzyZ9M?authuser=0&hl=en&rclk=1,Restaurant,,4.4,450,11 AM-7 PM,"filipino food, karaoke, kare kare, pancit, comedy, halo halo, sinigang, lechon, open mic, bicol express",
Casa Filipina Bakeshop And Restaurant,3531 W Thunderbird Rd,Phoenix,AZ,85053,US,(602) 942-1258,http://casafilipina.com/,https://www.google.com/maps/place/Casa+Filipina+Bakeshop+And+Restaurant/data=!4m7!3m6!1s0x872b6eaef62b0e1b:0x355b0f05143323c5!8m2!3d33.609266!4d-112.135174!16s%2Fg%2F1tf821rx!19sChIJGw4r9q5uK4cRxSMzFAUPWzU?authuser=0&hl=en&rclk=1,Restaurant,"Bakery, Dessert & Cafe",4.3,416,11 AM-5 PM,"halo halo, baked goods, dinuguan, kare kare, tart, egg rolls, valley, music, ube cheesecake, chocolate",
Fiesta Filipina Asian Express,5870 E Broadway Blvd,Tucson,AZ,85711,US,(520) 576-8181,,https://www.google.com/maps/place/Fiesta+Filipina+Asian+Express/data=!4m7!3m6!1s0x86d66fcc013a6d37:0x710fa745bb667f32!8m2!3d32.218192!4d-110.8654883!16s%2Fg%2F11sgzzfj6m!19sChIJN206Acxv1oYRMn9mu0WnD3E?authuser=0&hl=en&rclk=1,Restaurant,,3.8,48,,"price, mall, garlic, halo halo, pancit, pork belly, entree, food court, brick and mortar, tongs",
Halo-Halo Kitchen,3553 W Dunlap Ave,Phoenix,AZ,85051,US,(602) 324-9670,http://www.halohalokitchen.com/,https://www.google.com/maps/place/Halo-Halo+Kitchen/data=!4m7!3m6!1s0x872b6c7bc8e60179:0xe080c495386e7ba2!8m2!3d33.566669!4d-112.1359229!16s%2Fg%2F1tfqrdqp!19sChIJeQHmyHtsK4cRontuOJXEgOA?authuser=0&hl=en&rclk=1,Restaurant,"Bakery, Dessert & Cafe",4.3,1041,9 AM-6 PM,"home, pork adobo, boba, valley, TV, grocery, Spring rolls, menudo, craving, rudeness",
Heavenly Bake Shop,2095 N Dobson Rd,Chandler,AZ,85224,US,(480) 726-7111,,https://www.google.com/maps/place/Heavenly+Bake+Shop/data=!4m7!3m6!1s0x872b076c7301a9d3:0xb3522f21ec8b8bfb!8m2!3d33.3371947!4d-111.8755712!16s%2Fg%2F1tg2dz34!19sChIJ06kBc2wHK4cR-4uL7CEvUrM?authuser=0&hl=en&rclk=1,"Bakery, Dessert & Cafe",,3.8,53,10 AM-6 PM,"filipino food, lechon, pancit, lumpia, to go, noodles, ube",
Jeepney Guy Filipino Kitchen,1920 W Broadway Rd #103,Mesa,AZ,85202,US,(925) 998-2389,,https://www.google.com/maps/place/Jeepney+Guy+Filipino+Kitchen/data=!4m7!3m6!1s0x872b09ce2f711921:0x996d9e96c0cf10c0!8m2!3d33.4087852!4d-111.8724645!16s%2Fg%2F11tmzh_nxn!19sChIJIRlxL84JK4cRwBDPwJaebZk?authuser=0&hl=en&rclk=1,Quick Bites & Turo-Turo,Food Truck & Pop-Up,3.6,8,,"lumpia, lechon, filipino food, chicken",
Jollibee,2800 E Germann Rd,Chandler,AZ,85286,US,(480) 561-0340,https://locations.jollibeefoods.com/usa/az/chandler/2800-e-germann-rd?utm_medium=organic&utm_source=local&utm_campaign=googlelistings&utm_content=website&utm_term=OLO146054,https://www.google.com/maps/place/Jollibee/data=!4m7!3m6!1s0x872bab2c275f58f9:0x6e5fc934b9cd6039!8m2!3d33.2780952!4d-111.7924112!16s%2Fg%2F11fpq4xcf0!19sChIJ-VhfJyyrK4cROWDNuTTJX24?authuser=0&hl=en&rclk=1,Restaurant,Quick Bites & Turo-Turo,4,2615,10 AM-9 PM,"spaghetti, peach mango pie, pineapple juice, palabok, adobo, filipino food, halo halo, ube pie, pineapple drink, burger steak",
JV's Boba and J's Kitchen,386 W Fry Blvd,Sierra Vista,AZ,85635,US,(520) 226-1220,https://jvsbobaandjskitchen.com/,"https://www.google.com/maps/place/JV's+Boba+and+J's+Kitchen/@31.5540791,-110.3032741,17z/data=!3m1!4b1!4m6!3m5!1s0x86d7284d193a8997:0xa11e9b51658ae14e!8m2!3d31.5540791!4d-110.3032741!16s%2Fg%2F11d_74h0f2?authuser=0&hl=en&entry=ttu&g_ep=EgoyMDI1MDgzMC4wIKXMDSoASAFQAw%3D%3D",Restaurant,"Bakery, Dessert & Cafe",4.6,622,11 AM-8 PM,"taro, strawberry, drive thru, tapioca pearls, thai tea, fried pork belly, buffet, colada, wontons, iced coffee",
Kusina De Maynila,3001 Stockton Hill Rd #5,Kingman,AZ,86401,US,(928) 377-3073,http://kusinademaynila.com/,https://www.google.com/maps/place/Kusina+De+Maynila/data=!4m7!3m6!1s0x80cddda8f672a41d:0x899c5f2a08bc812b!8m2!3d35.2127505!4d-114.0355602!16s%2Fg%2F11t84qbqqr!19sChIJHaRy9qjdzYARK4G8CCpfnIk?authuser=0&hl=en&rclk=1,Restaurant,,4.8,257,11 AM-7:30 PM,"take out, lumpia, spicy, chicken adobo, pork belly, gem, tiger, thai tea, asian food, happy",
Lutong Bahay Filipino-Asian Restaurant & Mini Mart,9250 N 43rd Ave Ste 14,Glendale,AZ,85302,US,(480) 849-1494,https://order.online/business/lutong-bahay-13486681,https://www.google.com/maps/place/Lutong+Bahay+Filipino-Asian+Restaurant+%26+Mini+Mart/data=!4m7!3m6!1s0x872b6bda90099ef5:0x250815e075a32dc4!8m2!3d33.5706912!4d-112.1526466!16s%2Fg%2F11j435zl45!19sChIJ9Z4JkNprK4cRxC2jdeAVCCU?authuser=0&hl=en&rclk=1,Restaurant,Supermarket & Grocery,4.1,130,9 AM-7 PM,"filipino food, price, lechon, lumpia, adobo, bbq, pancit, halo halo, snacks, dinuguan",
Manila Sunrise Sari-Sari Store,1130 W University Dr #107,Mesa,AZ,85201,US,(480) 650-4301,http://manilasunrisestore.com/,https://www.google.com/maps/place/Manila+Sunrise+Sari-Sari+Store/data=!4m7!3m6!1s0x872b077e0e6d5d55:0x987053f4bdac5c4c!8m2!3d33.4227593!4d-111.8552283!16s%2Fg%2F1tj531dj!19sChIJVV1tDn4HK4cRTFysvfRTcJg?authuser=0&hl=en&rclk=1,Supermarket & Grocery,,3.8,52,10 AM-7 PM,"furniture, filipino food, cost, ramen, pancit, number, doors, manager",
Manong Tomas Pinoy Kitchen,650 E Indian School Rd,Phoenix,AZ,85013,US,(623) 999-7446,,https://www.google.com/maps/place/Manong+Tomas+Pinoy+Kitchen/data=!4m7!3m6!1s0x872b1343973ee4dd:0x56b009b6a87c9c23!8m2!3d33.4973069!4d-112.0667924!16s%2Fg%2F11y654krf5!19sChIJ3eQ-l0MTK4cRI5x8qLYJsFY?authuser=0&hl=en&rclk=1,Restaurant,,3.3,7,9 AM-3 PM,pancit,
Nanay's Filipino Restaurant,2390 N Alma School Rd #103,Chandler,AZ,85224,US,(480) 821-7906,https://nanayaz.com/,https://www.google.com/maps/place/Nanay%27s+Filipino+Restaurant/data=!4m7!3m6!1s0x872b0763b46a8db9:0xa5f1065ecafc5cb9!8m2!3d33.3408838!4d-111.8600837!16s%2Fg%2F11b6xhgcyk!19sChIJuY1qtGMHK4cRuVz8yl4G8aU?authuser=0&hl=en&rclk=1,Restaurant,,4.6,547,10:30 AM-5 PM,"pancit, names, halo halo, choices, lumpia, pork adobo, entree, dinuguan, turon, valley",
Nanette Filipino Food Hub LLC,1744 S Pacific Ave,Yuma,AZ,85365,US,(760) 916-3917,https://nanettefilipinofoodhub.com/,"https://www.google.com/maps/place/Nanette+Filipino+Food+Hub+LLC/@32.6961107,-114.5998138,17z/data=!3m1!4b1!4m6!3m5!1s0x80d6f53396bb6dbd:0xacc86ddfa5f90f8b!8m2!3d32.6961107!4d-114.5998138!16s%2Fg%2F11ks7007xv?authuser=0&hl=en&entry=ttu&g_ep=EgoyMDI1MDgyNS4wIKXMDSoASAFQAw%3D%3D",Quick Bites & Turo-Turo,Restaurant,4.7,45,6:30 PM-12 AM,"pansit, pork belly, lumpia, turon, filipino cuisine, chicken adobo, skewers, food truck, sisig, halo halo",
Nick's Sari-Sari Store,2001 S Craycroft Rd,Tucson,AZ,85711,US,(520) 495-0708,https://www.nickssarisari.com/,https://www.google.com/maps/place/Nick%27s+Sari-Sari+Store/data=!4m7!3m6!1s0x86d66fe8bee40a1f:0x49b14bd55dd67566!8m2!3d32.1986247!4d-110.8746223!16s%2Fg%2F11f6ftyfpg!19sChIJHwrkvuhv1oYRZnXWXdVLsUk?authuser=0&hl=en&rclk=1,Restaurant,,4.5,336,8 AM-6 PM,"grocery, prices, pork, pancit, snacks, halo halo, lumpia, products, selection, adobo",
Pamilihan Pinoy Asian Groceries,2940 E 22nd St,Tucson,AZ,85713,US,(520) 372-7993,https://www.pamilihantucson.com/,https://www.google.com/maps/place/Pamilihan+Pinoy+Asian+Groceries/data=!4m7!3m6!1s0x86d6718c09bd848f:0x557b1edbbe695f3b!8m2!3d32.2065321!4d-110.9288015!16s%2Fg%2F11vchh_d2l!19sChIJj4S9CYxx1oYRO19pvtsee1U?authuser=0&hl=en&rclk=1,Supermarket & Grocery,,4.9,50,8:30 AM-7 PM,"prices, snacks, selection, filipino food, ube, cashier, produce, addition",
Phx Lechon Roasters,2013 E Cedar St,Tempe,AZ,85281,US,(602) 410-8115,http://www.phxlechonroasters.com/,https://www.google.com/maps/place/Phx+Lechon+Roasters/data=!4m7!3m6!1s0x872ba7782ae8ac31:0xfc977d8fd4dd1023!8m2!3d33.4116837!4d-111.8985701!16s%2Fg%2F11m1gmmph_!19sChIJMazoKninK4cRIxDd1I99l_w?authuser=0&hl=en&rclk=1,Food Truck & Pop-Up,,4.5,19,,"pancit, filipino, lumpia, skewers, pig roast, skin, meat",
Pinay Good-Eats,720 W Highland Ave,Phoenix,AZ,85013,US,(623) 256-9910,http://www.pinaygoodeats.com/,https://www.google.com/maps/place/Pinay+Good-Eats/data=!4m7!3m6!1s0x872b1382b0c33ecf:0xd53ffec645ce68fd!8m2!3d33.506052!4d-112.0837327!16s%2Fg%2F11jsz9rf_9!19sChIJzz7DsIITK4cR_WjORcb-P9U?authuser=0&hl=en&rclk=1,Restaurant,,4.5,47,,"pancit, price, catering, pork, cookie, parties, hopia ube, empanadas, sesame balls, tray",
Tambayan Filipino Food,1534 W Camelback Rd,Phoenix,AZ,85015,US,(623) 806-2532,https://tambayanphoenixaz.com/?utm_source=google,https://www.google.com/maps/place/Tambayan+Filipino+Food/data=!4m7!3m6!1s0x872b13efec6ce78b:0x4c3982e2650641c7!8m2!3d33.5097979!4d-112.0926564!16s%2Fg%2F11ldxcxfzl!19sChIJi-ds7O8TK4cRx0EGZeKCOUw?authuser=0&hl=en&rclk=1,Restaurant,,4.3,445,11 AM-7:30 PM,"karaoke, lechon kawali, pork skewers, pork adobo, platter, pork bbq, horchata, chicken skewers, valley, sari-sari store",
Wholly Grill,66 S Dobson Rd STE 125,Mesa,AZ,85202,US,(480) 567-4992,,https://www.google.com/maps/place/Wholly+Grill/data=!4m7!3m6!1s0x872b08143b379d21:0x8d0e5e7e0a400071!8m2!3d33.4130573!4d-111.8759932!16s%2Fg%2F1vs5x5j3!19sChIJIZ03OxQIK4cRcQBACn5eDo0?authuser=0&hl=en&rclk=1,Restaurant,,3.9,175,11 AM-8 PM,"prices, halo-halo, lechon, pork, food court, skewers, pancit, lumpia, fried, mac salad",
AB & C Oriental Store,590 Carl Vinson Pkwy # 1100,Warner Robins,GA,31088,US,(478) 293-6185,,https://www.google.com/maps/place/AB+%26+C+Oriental+Store/data=!4m7!3m6!1s0x88f3e1303975298b:0x9b5dfc333bf915cb!8m2!3d32.6166648!4d-83.6685168!16s%2Fg%2F1tl8ljzt!19sChIJiyl1OTDh84gRyxX5OzP8XZs?authuser=0&hl=en&rclk=1,Supermarket & Grocery,,4.6,246,9 AM-8 PM,"prices, ingredients, sauce, filipino, selection, name, yakisoba, ramen, clean",
Adobo,4086 Covington Hwy #600,Decatur,GA,30032,US,(404) 618-1656,http://www.adoboatl.com/,https://www.google.com/maps/place/Adobo/data=!4m7!3m6!1s0x88f5a91cea1695c5:0xdfa9e1ba4045e892!8m2!3d33.7550622!4d-84.2331025!16s%2Fg%2F11qb67wnl1!19sChIJxZUW6hyp9YgRkuhFQLrhqd8?authuser=0&hl=en&rclk=1,Restaurant,,4.9,22,,"lumpia, filipino food, calamansi, pancit, pepper, fries, bistek, wings, wall",
Adobo Filipino Restaurant,549 W Oglethorpe Hwy,Hinesville,GA,31313,US,(912) 332-7467,https://www.adobofilipinoga.com/kampgfby/restaurant/order-online,https://www.google.com/maps/place/Adobo+Filipino+Restaurant/data=!4m7!3m6!1s0x88fae38ef2aeb521:0xd0e78a1629bdef3b!8m2!3d31.8361877!4d-81.5970896!16s%2Fg%2F11c6cgdsrp!19sChIJIbWu8o7j-ogRO--9KRaK59A?authuser=0&hl=en&rclk=1,Restaurant,,4.4,258,11 AM-8 PM,"filipino food, pancit, prices, pork, lumpia, sisig, seasoned, cook, siopao, halo halo",
Adobo Queens Filipino Restaurant,6110 Altama Ave Suite 115,Brunswick,GA,31525,US,(912) 456-3119,https://adoboqueens.menufy.com/,https://www.google.com/maps/place/Adobo+Queens+Filipino+Restaurant/data=!4m7!3m6!1s0x88e4d7fcb85698e9:0x77a0601da58efa19!8m2!3d31.2237543!4d-81.4772612!16s%2Fg%2F11rqx3779j!19sChIJ6ZhWuPzX5IgRGfqOpR1goHc?authuser=0&hl=en&rclk=1,Restaurant,,4.7,140,11 AM-8 PM,"lumpia, pancit, price, boba tea, atmosphere, adobo chicken, pork adobo, bathroom, pot stickers, taro bubble tea",
Ana's International Market,3232 Jodeco Rd #102,McDonough,GA,30253,US,(678) 978-4165,,https://www.google.com/maps/place/Ana%27s+International+Market/data=!4m7!3m6!1s0x88f459f35d3eea6d:0xb87861fa492feaf7!8m2!3d33.482121!4d-84.208879!16s%2Fg%2F11j8hyd_wd!19sChIJbeo-XfNZ9IgR9-ovSfpheLg?authuser=0&hl=en&rclk=1,Supermarket & Grocery,,4.8,24,9 AM-6 PM,,
Asian Bliss Market,1806 Russell Pkwy,Warner Robins,GA,31088,US,(478) 236-2299,https://www.facebook.com/Asian-Bliss-333769683908121/,https://www.google.com/maps/place/Asian+Bliss+Market/data=!4m7!3m6!1s0x88f3e1c0a274b893:0x7be08852b357b2f!8m2!3d32.5937517!4d-83.6661193!16s%2Fg%2F11flrx8yrc!19sChIJk7h0osDh84gRL3s1K4UIvgc?authuser=0&hl=en&rclk=1,Supermarket & Grocery,,4.6,203,9 AM-9 PM,"prices, selection, clean, boba, ingredients, filipino, pork, egg rolls, lumpia, halo halo",
Bella's CAKEtering Filipino Cuisine and Bakeshop,5750 Milgen Rd,Columbus,GA,31907,US,(706) 604-5189,https://bellascaketering.wixsite.com/bellas,https://www.google.com/maps/place/Bella%27s+CAKEtering+Filipino+Cuisine+and+Bakeshop/data=!4m7!3m6!1s0x88f3331f11a237f7:0xd66c5ece86edc0d8!8m2!3d32.5234441!4d-84.8871251!16s%2Fg%2F11v9z8h10t!19sChIJ9zeiER8z84gR2MDths5ebNY?authuser=0&hl=en&rclk=1,Restaurant,,4.4,34,10 AM-7:30 PM,"lumpia, plate, pancit, food truck, filipino food, seasoning, chicken adobo, sinigang, asian market, pandesal",
Estrellita,580 Woodward Ave SE,Atlanta,GA,30312,US,(404) 390-3038,https://www.estrellitafilipino.com/,https://www.google.com/maps/place/Estrellita/data=!4m7!3m6!1s0x88f503925b585e91:0x5f6e16769112b6ed!8m2!3d33.7455557!4d-84.368519!16s%2Fg%2F11kh88qnms!19sChIJkV5YW5ID9YgR7bYSkXYWbl8?authuser=0&hl=en&rclk=1,Restaurant,,4.7,684,12-10 PM,"pork adobo, short ribs, salad, ube ice cream, coconut rice, michelin, bbq chicken skewers, jasmine rice, crispy chicken skins, banana ketchup",
Filberto's Authentic Filipino Cuisine,1002 Bay Ave Stall 8,Columbus,GA,31901,US,(706) 577-8952,http://www.filbertoscolumbus.com/,https://www.google.com/maps/place/Filberto%27s+Authentic+Filipino+Cuisine/data=!4m7!3m6!1s0x88f33509bdabcb19:0x6fefeb912ab014fa!8m2!3d32.4652873!4d-84.9954423!16s%2Fg%2F11hsrtnb3v!19sChIJGcurvQk184gR-hSwKpHr728?authuser=0&hl=en&rclk=1,Restaurant,,4.5,210,11 AM-7:30 PM,"pancit, lumpia, pork adobo, plate, bistek, chicken adobo, egg rolls, bank, chicken skewers, pork skewers",
FRG Oriental Cuisine,4595 Bemiss Rd,Valdosta,GA,31605,US,,,https://www.google.com/maps/place/FRG+Oriental+Cuisine/data=!4m7!3m6!1s0x88ee429f385e02dd:0xf2e06dc230de653d!8m2!3d30.9277325!4d-83.2463628!16s%2Fg%2F1thsgrr6!19sChIJ3QJeOJ9C7ogRPWXeMMJt4PI?authuser=0&hl=en&rclk=1,Supermarket & Grocery,Restaurant,4.2,37,,"halo halo, pancit, lumpia",
Inihaw Atlanta,5185 Remington Ct NW,Lilburn,GA,30047,US,(678) 725-4146,https://www.inihawatlanta.com/,https://www.google.com/maps/place/Inihaw+Atlanta/data=!4m7!3m6!1s0x88f5a55f37e16937:0x81b92d825c05cbd9!8m2!3d33.884835!4d-84.1503569!16s%2Fg%2F11vlhwbcny!19sChIJN2nhN1-l9YgR2csFXIItuYE?authuser=0&hl=en&rclk=1,Restaurant,,5,3,8 AM-5 PM,lechon,
Kamayan ATL - Filipino Restaurant,5150 Buford Hwy NE A230,Doraville,GA,30340,US,(678) 231-2122,http://www.kamayanatl.com/,https://www.google.com/maps/place/Kamayan+ATL+-+Filipino+Restaurant/data=!4m7!3m6!1s0x88f5079134fd8661:0xccd2aca1d5908751!8m2!3d33.8937239!4d-84.285261!16s%2Fg%2F11hntbymwy!19sChIJYYb9NJEH9YgRUYeQ1aGs0sw?authuser=0&hl=en&rclk=1,Restaurant,,4.6,631,5-9 PM,"green beans, churros, ube flan cake, qr code, scan, michelin, fried pompano, grilled prawns, shrimp lumpia, coconut curry",
Kuya's Food Express - Filipino,"City Farmers Market, 1630 Pleasant Hill Rd",Duluth,GA,30096,US,(770) 335-8700,http://www.kuyaatl.com/,https://www.google.com/maps/place/Kuya%27s+Food+Express+-+Filipino/data=!4m7!3m6!1s0x88f5a3153e2f1a49:0xc94274bb007058c9!8m2!3d33.9475543!4d-84.1231622!16s%2Fg%2F12hkrxm4n!19sChIJSRovPhWj9YgRyVhwALt0Qsk?authuser=0&hl=en&rclk=1,Restaurant,,4.3,365,11 AM-7 PM,"pancit, lumpia, halo halo, food court, to go, lechon kawali, palabok, cashier, cook, crispy pata",
Lor's Philippine Cuisine LLC,1806 Russell Pkwy unit 900,Warner Robins,GA,31088,US,(478) 212-2445,,https://www.google.com/maps/place/Lor%27s+Philippine+Cuisine+LLC/data=!4m7!3m6!1s0x88f3e1258dfbe4c3:0x217e40ed6ec74b64!8m2!3d32.5937924!4d-83.6662179!16s%2Fg%2F11tp91cvp8!19sChIJw-T7jSXh84gRZEvHbu1AfiE?authuser=0&hl=en&rclk=1,Restaurant,,5,18,,"curry, adobo, pancit, takeout",
Manila Mart,5938 Buford Hwy NE #212,Doraville,GA,30340,US,(678) 389-8595,https://sites.google.com/site/manilamart88/,https://www.google.com/maps/place/Manila+Mart/data=!4m7!3m6!1s0x88f5a0e776466303:0xba11e51cae7945b0!8m2!3d33.9128991!4d-84.2641778!16s%2Fg%2F1t_wq5_q!19sChIJA2NGdueg9YgRsEV5rhzlEbo?authuser=0&hl=en&rclk=1,Supermarket & Grocery,,4.5,72,10:30 AM-7 PM,"halo halo, filipino food, dessert, ube, BBQ, sell, canned, frozen foods, fridge, home",
Mina's Asian Market & Bakery,2525 N Ashley St,Valdosta,GA,31602,US,(478) 207-5482,,https://www.google.com/maps/place/Mina%27s+Asian+Market+%26+Bakery/data=!4m7!3m6!1s0x88ee67a8ce110a1d:0x4fb2acbbc2bff7c9!8m2!3d30.865037!4d-83.28459!16s%2Fg%2F1263lh5f8!19sChIJHQoRzqhn7ogRyfe_wrussk8?authuser=0&hl=en&rclk=1,"Bakery, Dessert & Cafe",,4.5,12,,,
MJ Asian Market and Filipino Food,122 Manor Ct,Warner Robins,GA,31093,US,(478) 922-8441,https://www.facebook.com/Mjasianmarket/,https://www.google.com/maps/place/MJ+Asian+Market+and+Filipino+Food/data=!4m7!3m6!1s0x88f3e1bf47621f33:0xa3a27681bc4de89b!8m2!3d32.619101!4d-83.614883!16s%2Fg%2F11c1qrylkb!19sChIJMx9iR7_h84gRm-hNvIF2oqM?authuser=0&hl=en&rclk=1,Restaurant,Supermarket & Grocery,4.7,202,11 AM-6 PM,"lumpia, prices, pancit, groceries, buffet, pork belly, pork adobo, adobo chicken, garlic rice, lechon kawali",
Salo Salo Filipino Cuisine,6777 Mt Zion Blvd,Morrow,GA,30260,US,(470) 726-1921,http://www.salosaloatl.com/,https://www.google.com/maps/place/Salo+Salo+Filipino+Cuisine/data=!4m7!3m6!1s0x88f4f900360e1e9b:0x5096c0137bda8353!8m2!3d33.5697893!4d-84.3135149!16s%2Fg%2F11wbllvbyf!19sChIJmx4ONgD59IgRU4PaexPAllA?authuser=0&hl=en&rclk=1,Restaurant,,4.7,76,11 AM-8 PM,"filipino food, sisig, lumpia, atmosphere, pancit, the menu, prices, lechon kawali, halo-halo, fried pompano",
Sariling Atin ATL,3230 Jodeco Rd suite b,McDonough,GA,30253,US,(678) 978-4165,,https://www.google.com/maps/place/Sariling+Atin+ATL/data=!4m7!3m6!1s0x88f459934b5fdf33:0x71155d4edc337555!8m2!3d33.4820131!4d-84.2092615!16s%2Fg%2F11y5_4km56!19sChIJM99fS5NZ9IgRVXUz3E5dFXE?authuser=0&hl=en&rclk=1,Supermarket & Grocery,,5,1,9 AM-6 PM,,
Savannah Filipino Authentic Cuisine,5515 Waters Ave,Savannah,GA,31404,US,(912) 201-3541,https://www.facebook.com/SavannahFilipinoCuisine,https://www.google.com/maps/place/Savannah+Filipino+Authentic+Cuisine/data=!4m7!3m6!1s0x88fb75ec6be4ccad:0xae20988056054e03!8m2!3d32.0267848!4d-81.0940638!16s%2Fg%2F1tx_76gy!19sChIJrczka-x1-4gRA04FVoCYIK4?authuser=0&hl=en&rclk=1,Restaurant,,4.6,133,11 AM-7 PM,"lumpia, price, pancit, adobo, halo halo, sweet, home, rose, vinegar, pineapple",
The Good Eats Authentic Filipino Cuisine,2430 Peach Orchard Rd,Augusta,GA,30906,US,(605) 415-2558,https://thegoodeats.net/,"https://www.google.com/maps/place/The+Good+Eats+Authentic+Filipino+Cuisine/@33.4313763,-82.014043,17z/data=!3m1!4b1!4m6!3m5!1s0x88f9cfad1de96853:0x2ec9e6c52cfb8110!8m2!3d33.4313763!4d-82.014043!16s%2Fg%2F11yhxfzf54?authuser=0&hl=en&entry=ttu&g_ep=EgoyMDI1MDgyNS4wIKXMDSoASAFQAw%3D%3D",Restaurant,,5,1,,,
The Narra Tree,7054 Hodgson Memorial Dr,Savannah,GA,31406,US,(912) 662-8188,http://narratreesav.com/,https://www.google.com/maps/place/The+Narra+Tree/data=!4m7!3m6!1s0x88fb7567d714b9e7:0x37aa3ad6e96268ac!8m2!3d32.0099569!4d-81.1083773!16s%2Fg%2F11swsh4mjd!19sChIJ57kU12d1-4gRrGhi6dY6qjc?authuser=0&hl=en&rclk=1,Restaurant,,4.8,410,11 AM-9 PM,"pork belly, chicken adobo, fries, reviews, coconut shrimp, chicken lumpia, tiramisu, chop suey, escabeche, inihaw",
Uragon Filipino Food,431 Bundy Ave,Fort Stewart,GA,31315,US,(315) 489-2859,https://uragonfilipinofood.com/home,https://www.google.com/maps/place/Uragon+Filipino+Food/data=!4m7!3m6!1s0x88fae520fd22c67f:0xff479af813a30d3!8m2!3d31.8659077!4d-81.6071035!16s%2Fg%2F11vr4s164w!19sChIJf8Yi_SDl-ogR0zA6ga959A8?authuser=0&hl=en&rclk=1,Restaurant,,4.6,27,11 AM-3 PM,"sisig, food truck, price, filipino cuisine, lumpia",
Filipino Global Market,6365 Livingston Rd,Oxon Hill,MD,20745,US,(301) 686-0708,https://cyrusramsey.com/places/filipino-global-market/,https://www.google.com/maps/place/Filipino+Global+Market/data=!4m7!3m6!1s0x89b7ba60baff0f11:0x61ab370b6828d5c8!8m2!3d38.8015824!4d-76.988368!16s%2Fg%2F1tl1jsnv!19sChIJEQ__umC6t4kRyNUoaAs3q2E?authuser=0&hl=en&rclk=1,Supermarket & Grocery,,4.2,20,10 AM-6:30 PM,,
Filipino Home Baking & Grocery,11222 Triangle Ln,Wheaton,MD,20902,US,(301) 942-2800,,https://www.google.com/maps/place/Filipino+Home+Baking+%26+Grocery/data=!4m7!3m6!1s0x89b7cf1c89866f5b:0xa1ac9a89dd7d49e4!8m2!3d39.0393069!4d-77.0516021!16s%2Fg%2F1vpptdr3!19sChIJW2-GiRzPt4kR5El93YmarKE?authuser=0&hl=en&rclk=1,Supermarket & Grocery,"Bakery, Dessert & Cafe",4.7,6,,,
Filipino Market & Cafe,759 Hungerford Dr,Rockville,MD,20850,US,(301) 217-5920,,https://www.google.com/maps/place/Filipino+Market+%26+Cafe/data=!4m7!3m6!1s0x89b7cd775ba1bded:0x7eeecc12b69cf08b!8m2!3d39.093349!4d-77.1528!16s%2Fg%2F1tdzgwxx!19sChIJ7b2hW3fNt4kRi_CcthLM7n4?authuser=0&hl=en&rclk=1,Supermarket & Grocery,,4.2,158,10 AM-7 PM,"filipino food, price, halo halo, ingredients, to go, kare kare, puto, ube, cafeteria, adobo",
Filo Cafe,4836 Boiling Brook Pkwy,North Bethesda,MD,20852,US,(410) 639-5405,https://www.instagram.com/filocaferockville/,https://www.google.com/maps/place/Filo+Cafe/data=!4m7!3m6!1s0x89b7cf980fe84655:0x634eb5f5d3bfcb36!8m2!3d39.0460656!4d-77.099051!16s%2Fg%2F11tfw4tmh6!19sChIJVUboD5jPt4kRNsu_0_W1TmM?authuser=0&hl=en&rclk=1,Restaurant,,4.6,120,10 AM-5 PM,"pancit, lumpia, halo halo, lechon kawali, pork, tapa, carioca, garlic rice, kamayan, turon",
Kabayan Filipino American restaurant,9223 Oxon Hill Rd,Fort Washington,MD,20744,US,(301) 839-7393,,https://www.google.com/maps/place/Kabayan+Filipino+American+restaurant/data=!4m7!3m6!1s0x89b7baabe53865c5:0x6d1c62a4ae7fd111!8m2!3d38.7631361!4d-77.0064347!16s%2Fg%2F1q4kp6zjv!19sChIJxWU45au6t4kREdF_rqRiHG0?authuser=0&hl=en&rclk=1,Restaurant,,4.3,156,9 AM-5 PM,"price, pancit, chicken adobo, pork, halo halo, home, catering, area, breakfast, lechon kawali",
KC Filipino Restaurant,15108 Frederick Rd Suite A,Rockville,MD,20850,US,(301) 424-1100,,https://www.google.com/maps/place/KC+Filipino+Restaurant/data=!4m7!3m6!1s0x89b7cdff7f039b0d:0x943c381274c6bcb9!8m2!3d39.1028358!4d-77.157743!16s%2Fg%2F11h0zfzvxt!19sChIJDZsDf__Nt4kRubzGdBI4PJQ?authuser=0&hl=en&rclk=1,Restaurant,,4.3,135,11:30 AM-6 PM,"prices, pork, sinigang, chicken adobo, cafeteria, snacks, people, squash, market, beef caldereta",
KI Filipino and Asian Food Market,109 Chester Station Ln,Chester,MD,21619,US,(443) 262-1478,,https://www.google.com/maps/place/KI+Filipino+and+Asian+Food+Market/data=!4m7!3m6!1s0x89b81bc452d6ce87:0x22f8f24082087b80!8m2!3d38.9761427!4d-76.2815738!16s%2Fg%2F11tf9h86q1!19sChIJh87WUsQbuIkRgHsIgkDy-CI?authuser=0&hl=en&rclk=1,Supermarket & Grocery,,4.9,64,10 AM-6 PM,"selection, prices, small business, snacks, driving, dumplings, people, produce, travel",
Komida: Filipino Kitchen,"Movie Theater, Marley Station Mall, 7900 Ritchie Hwy Near",Glen Burnie,MD,21061,US,(410) 487-6123,http://www.komidakitchen.com/,https://www.google.com/maps/place/Komida:+Filipino+Kitchen/data=!4m7!3m6!1s0x89b7e3e617d7cc27:0x65fd551f1b7600d!8m2!3d39.1385489!4d-76.6064877!16s%2Fg%2F11s5tvqy_g!19sChIJJ8zXF-bjt4kRDWC38VHVXwY?authuser=0&hl=en&rclk=1,Restaurant,,4.3,83,11 AM-7:30 PM,"filipino food, lumpia, garlic rice, pancit, halo halo, mall, soup, pork adobo, dinuguan, fried",
Kusina Pilipino,9356 Lanham Severn Rd,Lanham,MD,20706,US,(301) 459-7500,,https://www.google.com/maps/place/Kusina+Pilipino/data=!4m7!3m6!1s0x89b7c194ca4105f5:0x7e4de66a16143889!8m2!3d38.972337!4d-76.84794!16s%2Fg%2F1260gjyyn!19sChIJ9QVBypTBt4kRiTgUFmrmTX4?authuser=0&hl=en&rclk=1,Restaurant,Quick Bites & Turo-Turo,4.3,100,8 AM-7 PM,"groceries, price, home, take out, pancit, lumpia, fresh food, cakes, fish, adobo",
Kuya Ja's Lechon Belly,5268-H Nicholson Ln,Kensington,MD,20895,US,(240) 669-4383,http://kuyajas.com/,https://www.google.com/maps/place/Kuya+Ja%27s+Lechon+Belly/data=!4m7!3m6!1s0x89b7cc26ed62458d:0x91be4f762673a42f!8m2!3d39.0443339!4d-77.106883!16s%2Fg%2F11gh2svfjc!19sChIJjUVi7SbMt4kRL6RzJnZPvpE?authuser=0&hl=en&rclk=1,Restaurant,,4.6,759,11 AM-9 PM,"pork belly, skin, garlic rice, empanadas, sandwich, fried egg, shrimp lumpia, pastries, fast casual, ube milkshake",
Lasang Pinoy,1000 Annapolis Mall Rd,Annapolis,MD,21401,US,(443) 949-9580,http://www.lasangpinoyllc.com/,"https://www.google.com/maps/place/Lasang+Pinoy/@38.9873029,-76.5470094,17z/data=!3m1!4b1!4m6!3m5!1s0x89b7f7df0fba3bd5:0x5b7237e910d1ed8a!8m2!3d38.9873029!4d-76.5470094!16s%2Fg%2F11kqkxc390?authuser=0&hl=en&entry=ttu&g_ep=EgoyMDI1MDgyNS4wIKXMDSoASAFQAw%3D%3D",Restaurant,,4,205,,"halo halo, entree, lechon kawali, mall, turon, puto, bistek, ube ice cream, cocktail, culture",
Ligaya's Filipino Food,11406c Georgia Ave,Silver Spring,MD,20902,US,(202) 317-2334,https://www.facebook.com/ligayasfilipino,https://www.google.com/maps/place/Ligaya%27s+Filipino+Food/data=!4m7!3m6!1s0x89b7cf8427047e91:0xf1afd64fd5ee85d!8m2!3d39.0418672!4d-77.0523129!16s%2Fg%2F11s46clxvm!19sChIJkX4EJ4TPt4kRXehe_WT9Gg8?authuser=0&hl=en&rclk=1,Restaurant,,4.6,66,11 AM-6:30 PM,"price, halo halo, pancit, lumpia, dinuguan, mom, chicken adobo, skewers, DMV, sari",
Luming's Corp,9201 Livingston Rd,Fort Washington,MD,20744,US,(301) 265-9500,https://www.lumingscorp.com/menu-1,https://www.google.com/maps/place/Luming%27s+Corp/data=!4m7!3m6!1s0x89b7bab177ef858d:0xa44dfd12f24142c5!8m2!3d38.763627!4d-76.9959404!16s%2Fg%2F11b72fx8qp!19sChIJjYXvd7G6t4kRxUJB8hL9TaQ?authuser=0&hl=en&rclk=1,Restaurant,,4.5,350,9 AM-6 PM,"prices, pancit, halo halo, adobo, home, mom, take out, catering, skewers, entrees",
Mama Rosa Grill,836 Middle River Rd ste c,Middle River,MD,21220,US,(443) 559-5900,https://mamarosagrillexpress.com/?utm_source=google,https://www.google.com/maps/place/Mama+Rosa+Grill/data=!4m7!3m6!1s0x89c7fd53806e14fb:0x4c92ed0201df5342!8m2!3d39.347471!4d-76.4506166!16s%2Fg%2F1tl9njkn!19sChIJ-xRugFP9x4kRQlPfAQLtkkw?authuser=0&hl=en&rclk=1,Restaurant,Quick Bites & Turo-Turo,4.3,575,8 AM-8 PM,"buffet, grocery, snacks, halo halo, pork belly, home, selection, garlic rice, area, chicken adobo",
Mama Rosa Grill Baltimore,3321 Annapolis Rd unit F,Baltimore,MD,21230,US,(410) 469-9600,http://www.mamarosagrill.online/,https://www.google.com/maps/place/Mama+Rosa+Grill+Baltimore/data=!4m7!3m6!1s0x89c802d566f2849b:0xeabd21471013e0ab!8m2!3d39.2494583!4d-76.6392972!16s%2Fg%2F11gfd3krr5!19sChIJm4TyZtUCyIkRq-ATEEchveo?authuser=0&hl=en&rclk=1,Restaurant,,4.4,328,8 AM-8 PM,"price, grocery, breakfast, pancit, to go, lumpia, buffet, pork belly, garlic rice, sisig",
Mama Rosa Grill Express,9611 Pulaski Hwy,Middle River,MD,21220,US,(443) 559-0444,https://www.mamarosagrillexpressmiddleriver.com/,https://www.google.com/maps/place/Mama+Rosa+Grill+Express/data=!4m7!3m6!1s0x89c7e3938a14b1d3:0xc84a49c9c5c93708!8m2!3d39.3535284!4d-76.453282!16s%2Fg%2F11q3r9n1ny!19sChIJ07EUipPjx4kRCDfJxclJSsg?authuser=0&hl=en&rclk=1,Restaurant,,4.2,11,10:30 AM-8 PM,"burrito, sisig, buffet, price",
Manila Mart,5023 Garrett Ave,Beltsville,MD,20705,US,(301) 931-0086,https://manilamart.com/?utm_source=google,"https://www.google.com/maps/place/Manila+Mart/@39.0411022,-76.9057347,17z/data=!3m1!4b1!4m6!3m5!1s0x89b7c370bc3d0795:0x1a7df8278d5b9511!8m2!3d39.0411022!4d-76.9057347!16s%2Fg%2F1260ncdrm?authuser=0&hl=en&entry=ttu&g_ep=EgoyMDI1MDgyNS4wIKXMDSoASAFQAw%3D%3D",Supermarket & Grocery,Restaurant,4.5,697,10 AM-7 PM,"grocery, halo halo, boba, lechon, catering, chicken adobo, market, renovation, cafe, caldereta",
Manila Street Treats,14 Commercial Plaza,Elkton,MD,21921,US,(443) 350-6547,http://manila-picolo-jdtz.squarespace.com/,https://www.google.com/maps/place/Manila+Street+Treats/data=!4m7!3m6!1s0x89c7af364b32c71d:0x6e6c24acd83a04db!8m2!3d39.6050525!4d-75.8296997!16s%2Fg%2F11svzyfhms!19sChIJHccySzavx4kR2wQ62KwkbG4?authuser=0&hl=en&rclk=1,Restaurant,,4.8,26,9 AM-5 PM,"chef, halo halo, broth, facebook, chicharon, turon, party, lumpia",
Tessa and Sons Philippine Market,7460 Baltimore Annapolis Blvd,Glen Burnie,MD,21061,US,(410) 760-7181,,https://www.google.com/maps/place/Tessa+and+Sons+Philippine+Market/data=!4m7!3m6!1s0x89b7fd32a998f30d:0xa31dfe11671248b3!8m2!3d39.1653889!4d-76.6258052!16s%2Fg%2F11vqhpn24z!19sChIJDfOYqTL9t4kRs0gSZxH-HaM?authuser=0&hl=en&rclk=1,Supermarket & Grocery,,4.4,8,10 AM-8 PM,filipino,
"VMart Filipino Grocery Store, Nottingham, MD",8837a Belair Rd,Nottingham,MD,21236,US,(443) 438-8548,http://www.vmartfilipinostore.com/,"https://www.google.com/maps/place/VMart+Filipino+Grocery+Store,+Nottingham,+MD/data=!4m7!3m6!1s0x89c81794399a8cb7:0xe6114b0b554bca2e!8m2!3d39.3955719!4d-76.4833618!16s%2Fg%2F11b746f2cl!19sChIJt4yaOZQXyIkRLspLVQtLEeY?authuser=0&hl=en&rclk=1",Supermarket & Grocery,,4.5,133,9:30 AM-8 PM,"selection, prices, delivery, filipino food, dinner, banana",
A Taste of the Philippines LLC,425 S Buckmarsh St,Berryville,VA,22611,US,,,https://www.google.com/maps/place/A+Taste+of+the+Philippines+LLC/data=!4m7!3m6!1s0x89b5e3d8dcefa6f1:0x72aaf417c0854b40!8m2!3d39.1441488!4d-77.9913964!16s%2Fg%2F11kqqsd19c!19sChIJ8abv3NjjtYkRQEuFwBf0qnI?authuser=0&hl=en&rclk=1,Restaurant,,5,1,,,
Angie's Bakery,3501 Holland Rd #102,Virginia Beach,VA,23452,US,(757) 431-2070,https://www.angiesbakeryvb.com/,https://www.google.com/maps/place/Angie%27s+Bakery/data=!4m7!3m6!1s0x89babffbaa3efe15:0x7f2dc82e18f6e029!8m2!3d36.8094697!4d-76.0939677!16s%2Fg%2F1th5kc1h!19sChIJFf4-qvu_uokRKeD2GC7ILX8?authuser=0&hl=en&rclk=1,"Bakery, Dessert & Cafe",,4.7,553,9 AM-5 PM,"pandesal, ensaymada, pepperoni rolls, ube latte, hopia, filipino, pepperoni bread, siopao, lattes, ube bread",
Auntie Ning's Filipino Food,15 E Brookland Park Blvd,Richmond,VA,23222,US,(804) 215-3814,https://order.toasttab.com/online/auntie-nings-filipino-food-15-e-brookland-park-blvd,https://www.google.com/maps/place/Auntie+Ning%27s+Filipino+Food/data=!4m7!3m6!1s0x89b115a80d20d233:0x6e56829b4493d355!8m2!3d37.5712671!4d-77.4320367!16s%2Fg%2F11lfgq414_!19sChIJM9IgDagVsYkRVdOTRJuCVm4?authuser=0&hl=en&rclk=1,Restaurant,,4.3,85,3-9 PM,"lumpia, food truck, chicken adobo, pancit, price, farmers market, breakfast bowl, empanadas, glass noodles, grilled vegetables",
Authentic Filipino Cuisine,2913 Arlington Dr Ste B,Alexandria,VA,22306,US,(703) 768-1111,,https://www.google.com/maps/place/Authentic+Filipino+Cuisine/data=!4m7!3m6!1s0x89b7ae165a5de763:0x6b07686b4ac27d7c!8m2!3d38.753839!4d-77.081833!16s%2Fg%2F1tf5fn04!19sChIJY-ddWhaut4kRfH3CSmtoB2s?authuser=0&hl=en&rclk=1,Restaurant,,4.1,81,9 AM-7 PM,"chinese food, take out, delivery, lo mein, general tso, orange chicken, portion sizes, shrimp, stars, price",
Boracay Philippine Cuisine,3574 N Military Hwy,Norfolk,VA,23518,US,(757) 965-5489,,https://www.google.com/maps/place/Boracay+Philippine+Cuisine/data=!4m7!3m6!1s0x89ba9790719aef51:0x389676824c942237!8m2!3d36.8922606!4d-76.2212118!16s%2Fg%2F11h6187hvg!19sChIJUe-acZCXuokRNyKUTIJ2ljg?authuser=0&hl=en&rclk=1,Restaurant,,4.5,81,10 AM-7 PM,"pancit, lumpia, price, choice, chicken adobo, chicken curry, solid, bone, entrees, lechon",
Dollar Hits Filipino Grill,3801 Indian River Rd,Chesapeake,VA,23325,US,(757) 614-9457,,https://www.google.com/maps/place/Dollar+Hits+Filipino+Grill/data=!4m7!3m6!1s0x89babd1c0965d44f:0xb2afbe35da161eb8!8m2!3d36.822217!4d-76.232842!16s%2Fg%2F11w28m70p6!19sChIJT9RlCRy9uokRuB4W2jW-r7I?authuser=0&hl=en&rclk=1,Restaurant,,4.7,139,11 AM-9 PM,"filipino food, prices, pancit, lumpia, gas station, vinegar, isaw, pork belly, adobo, pork bbq",
Dong's Specialty Food,1505 Lynnhaven Pkwy Suite 1363,Virginia Beach,VA,23453,US,(757) 831-7130,http://www.dongsspecialtyfood.com/,https://www.google.com/maps/place/Dong%27s+Specialty+Food/data=!4m7!3m6!1s0x89ba95ddb6a356a7:0x2d1dd188516867c3!8m2!3d36.7967806!4d-76.100002!16s%2Fg%2F11fyzcwb8j!19sChIJp1ajtt2VuokRw2doUYjRHS0?authuser=0&hl=en&rclk=1,Food Truck & Pop-Up,Quick Bites & Turo-Turo,5,38,,"lumpia, eggroll, taste, food truck, veggies",
Fairfax Inn Restaurant,2946 Sleepy Hollow Rd,Falls Church,VA,22044,US,(703) 532-0616,https://fairfaxinnrestaurant.com/,https://www.google.com/maps/place/Fairfax+Inn+Restaurant/data=!4m7!3m6!1s0x89b7b48fab281ceb:0xe08b8357365bd044!8m2!3d38.8709222!4d-77.1572611!16s%2Fg%2F1tg5_jb2!19sChIJ6xwoq4-0t4kRRNBbNleDi-A?authuser=0&hl=en&rclk=1,Restaurant,,4.2,358,8:30 AM-6 PM,"breakfast, garlic rice, diner, tapa, parking, fare, longganisa, tocino, portion size, the menu",
Felynn Oriental Restaurant,1943 Lynnhaven Pkwy,Virginia Beach,VA,23453,US,(757) 471-8900,https://felynnrestaurant.com/,https://www.google.com/maps/place/Felynn+Oriental+Restaurant/data=!4m7!3m6!1s0x89babfb98559e721:0xee77fd28d0b42230!8m2!3d36.7948725!4d-76.1183936!16s%2Fg%2F1tpn3gj8!19sChIJIedZhbm_uokRMCK00Cj9d-4?authuser=0&hl=en&rclk=1,Restaurant,,4.1,805,6 AM-8 PM,"breakfast, entrees, curry chicken, lumpia, party, renovation, lechon kawali, cashier, management, trays",
Fiesta Kainan,5660 Indian River Rd,Virginia Beach,VA,23464,US,(757) 313-9625,https://fiestakainan.com/,https://www.google.com/maps/place/Fiesta+Kainan/data=!4m7!3m6!1s0x89babddd318f1859:0x8afaf9abfb7654b1!8m2!3d36.806407!4d-76.1901081!16s%2Fg%2F1tjprdc5!19sChIJWRiPMd29uokRsVR2-6v5-oo?authuser=0&hl=en&rclk=1,Restaurant,,4.5,450,10 AM-6 PM,"buffet, pancit, lumpia, pork, BBQ, lechon, mom, kare kare, entrees, sinigang",
Filipino Bakery,1949 Lynnhaven Pkwy #1544,Virginia Beach,VA,23453,US,,,https://www.google.com/maps/place/Filipino+Bakery/data=!4m7!3m6!1s0x89babf182201a939:0xb3d010969eb24ec4!8m2!3d36.7950205!4d-76.1194015!16s%2Fg%2F11ghrgdxlj!19sChIJOakBIhi_uokRxE6ynpYQ0LM?authuser=0&hl=en&rclk=1,Supermarket & Grocery,,3.9,8,9:30 AM-6 PM,"filipino food, ensaymada",
Filipino Global Supermarket,5509 Leesburg Pike,Falls Church,VA,22041,US,(703) 820-1961,,https://www.google.com/maps/place/Filipino+Global+Supermarket/data=!4m7!3m6!1s0x89b7b3f30349d963:0xf71a025d763a8bf7!8m2!3d38.8467811!4d-77.1231232!16s%2Fg%2F12q4s7y3l!19sChIJY9lJA_Ozt4kR94s6dl0CGvc?authuser=0&hl=en&rclk=1,Supermarket & Grocery,,4.3,322,10 AM-6 PM,"filipino food, prices, halo-halo, to go, area, sisig, dessert, fried, pork, home",
Glenda's Bulalohan,3809 Princess Anne Rd,Virginia Beach,VA,23456,US,(757) 351-0849,,https://www.google.com/maps/place/Glenda%27s+Bulalohan/data=!4m7!3m6!1s0x89babfa502a725eb:0xe2a749177fc6e9d0!8m2!3d36.7846729!4d-76.1085207!16s%2Fg%2F11b7jhbx4b!19sChIJ6yWnAqW_uokR0OnGfxdJp-I?authuser=0&hl=en&rclk=1,Restaurant,,4.2,103,10 AM-6 PM,"sisig, atmosphere, dinner, crispy pata, cook, siopao, wall, pictures, home, lumpia",
Glory's Bakery,1920 Centerville Turnpike,Virginia Beach,VA,23464,US,(757) 479-3316,https://www.facebook.com/GlorysBakeryVB/,https://www.google.com/maps/place/Glory%27s+Bakery/data=!4m7!3m6!1s0x89babc2e2aa60999:0xcfffc0d2e866fd79!8m2!3d36.7789558!4d-76.1894227!16s%2Fg%2F1thtqhcc!19sChIJmQmmKi68uokRef1m6NLA_88?authuser=0&hl=en&rclk=1,"Bakery, Dessert & Cafe",,4.6,572,10 AM-4 PM,"pancit, pepperoni bread, filipino food, lumpia, pizza bread, pandesal, sauce, pepperoni rolls, adobo, lunch",
Glory's Bakery,665 Aragona Blvd,Virginia Beach,VA,23462,US,(757) 557-0613,,https://www.google.com/maps/place/Glory%27s+Bakery/data=!4m7!3m6!1s0x89ba95b06c9f58f1:0x4d84decc8c4c872f!8m2!3d36.856446!4d-76.145012!16s%2Fg%2F1tf03cr3!19sChIJ8VifbLCVuokRL4dMjMzehE0?authuser=0&hl=en&rclk=1,"Bakery, Dessert & Cafe",,4.5,703,10 AM-4 PM,"pancit, pepperoni bread, filipino food, lumpia, pizza bread, pandesal, sauce, pepperoni rolls, adobo, lunch",
House of Lechon,5266 Princess Anne Rd,Virginia Beach,VA,23462,US,(757) 499-1046,,https://www.google.com/maps/place/House+of+Lechon/data=!4m7!3m6!1s0x89ba95f829a13555:0xb7bf9a3f248be002!8m2!3d36.8285757!4d-76.1669309!16s%2Fg%2F1tm2bk_0!19sChIJVTWhKfiVuokRAuCLJD-av7c?authuser=0&hl=en&rclk=1,Restaurant,,4.4,41,11 AM-5 PM,"skin, price, celebration, roast pig, lemongrass, lechon belly, salt",
Ihaw Ihaw Filipino Cuisine,1949 Lynnhaven Pkwy,Virginia Beach,VA,23453,US,(757) 416-3515,https://www.ihawihaw.co/,https://www.google.com/maps/place/Ihaw+Ihaw+Filipino+Cuisine/data=!4m7!3m6!1s0x89babfb9eddb8453:0x4d61a331f8d55a58!8m2!3d36.794431!4d-76.11999!16s%2Fg%2F1hc2bztyq!19sChIJU4Tb7bm_uokRWFrV-DGjYU0?authuser=0&hl=en&rclk=1,Restaurant,,4,624,8 AM-8 PM,"lumpia, entree, clean, area, flies, bicol express, pork bbq, smell, cold, fried fish",
Jollibee,4541 S Plaza Trail,Virginia Beach,VA,23462,US,(757) 467-1087,https://locations.jollibeefoods.com/usa/va/virginia-beach/4541-s-plaza-trail-drive?utm_medium=organic&utm_source=local&utm_campaign=googlelistings&utm_content=website&utm_term=OLO146023,https://www.google.com/maps/place/Jollibee/data=!4m7!3m6!1s0x89babfcca186d4dd:0x64abb8da6e28c2ab!8m2!3d36.8066182!4d-76.1306007!16s%2Fg%2F12cnvp6px!19sChIJ3dSGocy_uokRq8Iobtq4q2Q?authuser=0&hl=en&rclk=1,Restaurant,Quick Bites & Turo-Turo,4.2,3717,9 AM-9 PM,"spaghetti, halo halo, palabok, peach mango pie, filipino food, pineapple juice, adobo, ube pie, pineapple drink, taste of home",
Kababayan Filipino Kitchen,13352 Minnieville Rd,Woodbridge,VA,22192,US,(703) 730-6747,http://kababayanfilipinokitchen.com/,https://www.google.com/maps/place/Kababayan+Filipino+Kitchen/data=!4m7!3m6!1s0x89b6566c6d69c1f3:0xbe64fa22a786b583!8m2!3d38.6590782!4d-77.3018156!16s%2Fg%2F1v2jdsws!19sChIJ88FpbWxWtokRg7WGpyL6ZL4?authuser=0&hl=en&rclk=1,Restaurant,Quick Bites & Turo-Turo,4.4,522,10 AM-7 PM,"halo halo, desserts, lumpia, area, lechon, grocery store, cafeteria, catering, turon, pork adobo",
Kam and 46,1700 N Moore St,Arlington,VA,22209,US,(415) 484-8226,http://kamand46.com/,https://www.google.com/maps/place/Kam+and+46/data=!4m7!3m6!1s0x89b7c7f2f1c853d7:0x943749223413dc6!8m2!3d38.895737!4d-77.0718712!16s%2Fg%2F11s3zkxr_z!19sChIJ11PI8fLHt4kRxj1BI5J0Qwk?authuser=0&hl=en&rclk=1,Restaurant,,4.3,24,11 AM-9 PM,"food truck, macaroni salad, nachos, lumpia, tacos, kalua pork, green salad, bread pudding, tuna tartare, loco moco",
Kamayan Fiesta Filipino Asian American Cuisine,7700 Backlick Rd Suite B,Springfield,VA,22150,US,(703) 337-2077,https://www.kamayanfiestausa.com/,https://www.google.com/maps/place/Kamayan+Fiesta+Filipino+Asian+American+Cuisine/data=!4m7!3m6!1s0x89b7ad92e86d50f5:0x3b8d888f2226ac09!8m2!3d38.7487523!4d-77.1867819!16s%2Fg%2F11qp1cvvd6!19sChIJ9VBt6JKtt4kRCawmIo-IjTs?authuser=0&hl=en&rclk=1,Restaurant,,4,110,8 AM-6 PM,"filipino food, rice, halo halo, pancit, lechon, lumpia, milkfish, menudo, dinuguan, pork adobo",
Kusina Filipino Cuisine,6550 Hampton Roads Pkwy # 107,Suffolk,VA,23435,US,(757) 483-1971,,https://www.google.com/maps/place/Kusina+Filipino+Cuisine/data=!4m7!3m6!1s0x89ba9f8526a5efcb:0xf0da4a6fe28bc493!8m2!3d36.8777501!4d-76.4177719!16s%2Fg%2F11vt7rzjzg!19sChIJy--lJoWfuokRk8SL4m9K2vA?authuser=0&hl=en&rclk=1,Restaurant,,4.8,122,11 AM-8 PM,"filipino food, pancit, lumpia, chicken adobo, atmosphere, prices, pork adobo, lunch, turon, kare kare",
Kusina Filipino Restaurant and Gourmet,10151 Patriot Hwy,Fredericksburg,VA,22407,US,(540) 993-4762,,https://www.google.com/maps/place/Kusina+Filipino+Restaurant+and+Gourmet/data=!4m7!3m6!1s0x89b6c76c343789b9:0xacf3ae69cc9ea6e0!8m2!3d38.2275538!4d-77.5035976!16s%2Fg%2F11j0bnp3lq!19sChIJuYk3NGzHtokR4KaezGmu86w?authuser=0&hl=en&rclk=1,Restaurant,,4.7,226,,"lumpia, price, pancit, pork, home, bar, skewers, clean, area, red snapper",
Laguna Bakery and Filipino Food,5394 Kemps River Dr #105,Virginia Beach,VA,23464,US,(757) 366-0704,,https://www.google.com/maps/place/Laguna+Bakery+and+Filipino+Food/data=!4m7!3m6!1s0x89babdd8bbebea79:0xfcc25dba33109169!8m2!3d36.800542!4d-76.1792005!16s%2Fg%2F1tlbq145!19sChIJeerru9i9uokRaZEQM7pdwvw?authuser=0&hl=en&rclk=1,Restaurant,,3.6,232,11 AM-7 PM,"pancit, prices, pandesal, pork, lumpia, ensaymada, money, baked, pepperoni, home",
Little Manila Resto,814 Cherry Ave,Charlottesville,VA,22903,US,(434) 202-2235,http://www.littlemanilacville.com/,https://www.google.com/maps/place/Little+Manila+Resto/data=!4m7!3m6!1s0x89b387a6b4cb205f:0x6f15b060502285d2!8m2!3d38.028411!4d-78.4937911!16s%2Fg%2F11wj6kcfn2!19sChIJXyDLtKaHs4kR0oUiUGCwFW8?authuser=0&hl=en&rclk=1,Restaurant,,4.9,46,11 AM-7 PM,"filipino food, pork belly, lechon kawali, pansit, lumpia, food truck, BBQ, rice, bistek, lunch",
Lumpia & Company,228 N Lynnhaven Rd #125,Virginia Beach,VA,23452,US,(757) 306-0300,https://www.lumpiavb.com/,https://www.google.com/maps/place/Lumpia+%26+Company/data=!4m7!3m6!1s0x89baeac416414315:0xe736f7bcf137bee2!8m2!3d36.8416609!4d-76.0692417!16s%2Fg%2F11c5zzf6jb!19sChIJFUNBFsTquokR4r438bz3Nuc?authuser=0&hl=en&rclk=1,Restaurant,,4.6,419,11 AM-7 PM,"philly cheesesteak, buffalo chicken, burger, bowl, bacon, sampler, fusion, pina colada, oreo, pork adobo",
Lumpia Lane Food Truck,928 Diamond Springs Rd,Virginia Beach,VA,23455,US,,https://www.facebook.com/lumpialane,https://www.google.com/maps/place/Lumpia+Lane+Food+Truck/data=!4m7!3m6!1s0x89ba959c08761b8b:0x8d1b004dd09b07ae!8m2!3d36.8727339!4d-76.1702226!16s%2Fg%2F11ltwmp1jc!19sChIJixt2CJyVuokRrgeb0E0AG40?authuser=0&hl=en&rclk=1,Restaurant,,5,4,,,
Mang Eton Filipino Food,6920-J Braddock Rd,Annandale,VA,22003,US,(571) 395-4055,,https://www.google.com/maps/place/Mang+Eton+Filipino+Food/data=!4m7!3m6!1s0x89b7affb2649339f:0x4d46ab8b5ad97184!8m2!3d38.8128529!4d-77.1840892!16s%2Fg%2F11lth25hcb!19sChIJnzNJJvuvt4kRhHHZWourRk0?authuser=0&hl=en&rclk=1,Restaurant,,4.3,46,11 AM-8 PM,"lechon, price, halo-halo, adobo, carinderia, lumpia, karaoke, pancit, sari, sinigang",
Mangan Filipino Kitchen,25207 Destination Square,Aldie,VA,20105,US,(571) 232-6860,https://www.facebook.com/profile.php?id=61566988546038,https://www.google.com/maps/place/Mangan+Filipino+Kitchen/data=!4m7!3m6!1s0x89b6415321d74bad:0xe955fb9495ef72bd!8m2!3d38.9203456!4d-77.5573375!16s%2Fg%2F11wh4dm076!19sChIJrUvXIVNBtokRvXLvlZT7Vek?authuser=0&hl=en&rclk=1,Restaurant,,5,8,,"bbq, lumpia, pork skewers, filipino dishes, palabok, rice, menu",
Manila Bread House,2372 E Little Creek Rd,Norfolk,VA,23518,US,(757) 588-2315,,https://www.google.com/maps/place/Manila+Bread+House/data=!4m7!3m6!1s0x89ba96d315d488fb:0x991e28033014c748!8m2!3d36.9161783!4d-76.2168527!16s%2Fg%2F1tf08kj6!19sChIJ-4jUFdOWuokRSMcUMAMoHpk?authuser=0&hl=en&rclk=1,"Bakery, Dessert & Cafe",,4.5,38,10 AM-6 PM,"lumpia, pandesal, baked, pancit, fish, ube, filipino food",
Manila Cafe,7020 Commerce St,Springfield,VA,22150,US,(703) 379-0595,,https://www.google.com/maps/place/Manila+Cafe/data=!4m7!3m6!1s0x89b7b2a91313a379:0xe9bac25c7cfb1e4e!8m2!3d38.78292!4d-77.1873404!16s%2Fg%2F1vn9pzq0!19sChIJeaMTE6myt4kRTh77fFzCuuk?authuser=0&hl=en&rclk=1,Restaurant,,4.6,32,11 AM-6 PM,"grocery, halo-halo, ice cream, lumpia, polvoron, grill, eggplant",
Manila Oriental Market,7024-7026 Commerce St,Springfield,VA,22150,US,(703) 379-0595,,https://www.google.com/maps/place/Manila+Oriental+Market/data=!4m7!3m6!1s0x89b7b2a96b6d19bd:0x6bca9f4d5272ba0!8m2!3d38.7830556!4d-77.1877778!16s%2Fg%2F1hg4xs6gh!19sChIJvRlta6myt4kRoCsn1fSpvAY?authuser=0&hl=en&rclk=1,Supermarket & Grocery,,4.4,288,10:30 AM-6:30 PM,"filipino food, price, clean, pastries, pancit, cafeteria, lechon, halo halo, kare kare, skewers",
"Max's Restaurant Virginia Beach, Cuisine of the Philippines",3388 Princess Anne Rd Suite #417,Virginia Beach,VA,23456,US,(757) 689-2220,https://www.maxsrestaurantna.com/,"https://www.google.com/maps/place/Max%27s+Restaurant+Virginia+Beach,+Cuisine+of+the+Philippines/data=!4m7!3m6!1s0x89babf544e3775a7:0x5d35bb5d0047b641!8m2!3d36.7751532!4d-76.088721!16s%2Fg%2F11vq_1f2xm!19sChIJp3U3TlS_uokRQbZHAF27NV0?authuser=0&hl=en&rclk=1",Restaurant,,4.2,330,11 AM-7 PM,"fried chicken, birthday, crispy pata, garlic rice, honey, lumpiang ubod, bulalo, tip, chicharon bulaklak, nilaga",
Maymar,5030 E Princess Anne Rd,Norfolk,VA,23502,US,(757) 858-6667,,https://www.google.com/maps/place/Maymar/data=!4m7!3m6!1s0x89ba97ab57bab931:0xed43319ee86183bf!8m2!3d36.8704502!4d-76.2253675!16s%2Fg%2F1tf_1zpr!19sChIJMbm6V6uXuokRv4Nh6J4xQ-0?authuser=0&hl=en&rclk=1,Restaurant,,4.5,385,11 AM-3 PM,"pancit, lumpia, prices, chicken adobo, wings, food and service, father, catered, people, chicken curry",
Maymar Cuisine,4221 Pleasant Valley Rd,Virginia Beach,VA,23464,US,(757) 937-5799,https://www.facebook.com/maymarcuisine/,https://www.google.com/maps/place/Maymar+Cuisine/data=!4m7!3m6!1s0x89babf3df33a8513:0x8189d19c6500d20d!8m2!3d36.7872737!4d-76.151297!16s%2Fg%2F11h4vvd0yq!19sChIJE4U68z2_uokRDdIAZZzRiYE?authuser=0&hl=en&rclk=1,Restaurant,,4.3,77,10 AM-5 PM,"pancit, lumpia, turon, ginataang, take out",
Maymar Filipino Restaurant,805 Battlefield Blvd N #107,Chesapeake,VA,23320,US,(757) 548-1731,https://maymareats.com/?utm_source=google,https://www.google.com/maps/place/Maymar+Filipino+Restaurant/data=!4m7!3m6!1s0x89babb61bbae78ef:0xea4e6055b4754da5!8m2!3d36.7486526!4d-76.2439622!16s%2Fg%2F1tl0y7bv!19sChIJ73iuu2G7uokRpU11tFVgTuo?authuser=0&hl=en&rclk=1,Restaurant,,4.5,537,10 AM-5:30 PM,"pancit, lumpia, atmosphere, home, sinigang, chicken adobo, smile, spicy, garlic rice, feel",
Maymar Poke and Grill,130 Maple Ave ste a,Norfolk,VA,23503,US,(757) 222-5543,https://maymarpoke.com/,https://www.google.com/maps/place/Maymar+Poke+and+Grill/data=!4m7!3m6!1s0x89ba909751d1766d:0xcc49862e9864d8d7!8m2!3d36.9474732!4d-76.2588557!16s%2Fg%2F11gdgxx1t4!19sChIJbXbRUZeQuokR19hkmC6GScw?authuser=0&hl=en&rclk=1,Restaurant,,4.8,441,11 AM-3 PM,"lumpia, price, pancit, ingredients, tuna, chicken curry, atmosphere, chicken adobo, salad, pork stew",
Philippine Delight & More,"Community Market, 1219 Main Street Inside",Lynchburg,VA,24504,US,(434) 942-1073,https://www.philippinedelight.com/,https://www.google.com/maps/place/Philippine+Delight+%26+More/data=!4m7!3m6!1s0x89b2d96cf854b40b:0x53122b9ca9121645!8m2!3d37.4115265!4d-79.1403402!16s%2Fg%2F11b6dllfkh!19sChIJC7RU-GzZsokRRRYSqZwrElM?authuser=0&hl=en&rclk=1,Restaurant,,4.5,35,11 AM-2 PM,"kebabs, bbq, chicken curry, prices, lumpia",
Pinay Kitchen,13542 Minnieville Rd,Woodbridge,VA,22192,US,(703) 986-0114,https://www.pinay-kitchen.com/,https://www.google.com/maps/place/Pinay+Kitchen/data=!4m7!3m6!1s0x89b65710cbedfd7f:0x6a0b7ca42cd2a933!8m2!3d38.6548906!4d-77.3098142!16s%2Fg%2F11s8h1b9kg!19sChIJf_3tyxBXtokRM6nSLKR8C2o?authuser=0&hl=en&rclk=1,Restaurant,,4.5,106,10 AM-8 PM,"price, atmosphere, karaoke, music, pancit, dinuguan, breakfast, palabok, entrees, beef steak",
Pinoy Kitchen Delivery,15720 Stewartsville Rd,Vinton,VA,24179,US,(304) 992-2199,https://www.facebook.com/search/top?q=pinoy%20kitchen,https://www.google.com/maps/place/Pinoy+Kitchen+Delivery/data=!4m7!3m6!1s0x884c4534490b41f7:0xdc5caa044e41bc89!8m2!3d37.270916!4d-79.8079023!16s%2Fg%2F11lm68hmyg!19sChIJ90ELSTRFTIgRibxBTgSqXNw?authuser=0&hl=en&rclk=1,Food Truck & Pop-Up,,4.8,91,,"filipino food, lumpia, selection, sisig, grocery store, menu, chicken adobo, pancit, shawarma, pork belly",
PinoyMarketCafe,9675 Liberia Ave Unit 106,Manassas,VA,20110,US,,,https://www.google.com/maps/place/PinoyMarketCafe/data=!4m7!3m6!1s0x89b65b951f6eace7:0x890331acf60b547b!8m2!3d38.7477195!4d-77.4487343!16s%2Fg%2F1t_khdyf!19sChIJ56xuH5VbtokRe1QL9qwxA4k?authuser=0&hl=en&rclk=1,Restaurant,Supermarket & Grocery,4.4,191,10:30 AM-7 PM,"grocery store, pork, prices, lumpia, halo halo, BBQ, home, dining, beef steak, receipt",
Project Seed Coffee,5241 Princess Anne Rd Suite 101,Virginia Beach,VA,23462,US,(757) 214-7781,http://www.projectseedcoffee.com/,https://www.google.com/maps/place/Project+Seed+Coffee/data=!4m7!3m6!1s0x89ba95c8f5a32aa5:0x8c902dcfba6572f2!8m2!3d36.8270048!4d-76.1653037!16s%2Fg%2F11vyrj8_d6!19sChIJpSqj9ciVuokR8nJlus8tkIw?authuser=0&hl=en&rclk=1,"Bakery, Dessert & Cafe",,4.9,165,7:30 AM-3:30 PM,"ube, foam, cold brew, velvet, baked goods, buko pandan, salted egg yolk, local business, filipino, lavender",
Salo Salo Restaurant and Grocery Store,1108 Green Run Sq,Virginia Beach,VA,23452,US,(757) 427-5786,,https://www.google.com/maps/place/Salo+Salo+Restaurant+and+Grocery+Store/data=!4m7!3m6!1s0x89babff611cdb065:0xeef97d7a4856c4a1!8m2!3d36.8023899!4d-76.0864651!16s%2Fg%2F1vk6_3xp!19sChIJZbDNEfa_uokRocRWSHp9-e4?authuser=0&hl=en&rclk=1,Restaurant,Quick Bites & Turo-Turo,4.3,122,9 AM-5 PM,"desserts, price, turon, BBQ, pancit, lumpia, fresh food, rice cake, owner, coconut",
Sari Filipino Kusina,6920 Braddock Rd j,Annandale,VA,22003,US,(571) 395-4055,,https://www.google.com/maps/place/Sari+Filipino+Kusina/data=!4m7!3m6!1s0x89b7b3e369ad1dbf:0xbc418c7c545ba4a7!8m2!3d38.8128244!4d-77.1840131!16s%2Fg%2F11k3l2983j!19sChIJvx2taeOzt4kRp6RbVHyMQbw?authuser=0&hl=en&rclk=1,Restaurant,Quick Bites & Turo-Turo,4.2,298,11 AM-9 PM,"brisket, smoked, smoothie, ribs, mac and cheese, adobo wings, tocino, cooler, bread pudding, instagram",
Susan's Kitchenette Filipino,1270 Diamond Springs Rd #109,Virginia Beach,VA,23455,US,(757) 460-4893,http://www.susanskitchenette.com/,https://www.google.com/maps/place/Susan%27s+Kitchenette+Filipino/data=!4m7!3m6!1s0x89ba94274f55c3b3:0x6fac7b178daf415d!8m2!3d36.8847222!4d-76.1772222!16s%2Fg%2F1th64882!19sChIJs8NVTyeUuokRXUGvjRd7rG8?authuser=0&hl=en&rclk=1,Restaurant,,4.4,1041,10 AM-8 PM,"pancit, party, karaoke, room, banquet, stew, lumpia, coffee, tray, rent",
Taste of the Philippines,2913 Arlington Dr Ste B,Alexandria,VA,22306,US,(703) 768-1716,https://www.facebook.com/profile.php?id=61571246908426&mibextid=JRoKGi,https://www.google.com/maps/place/Taste+of+the+Philippines/data=!4m7!3m6!1s0x89b7af003aaf712d:0x7776320887c0fd1!8m2!3d38.753839!4d-77.081833!16s%2Fg%2F11wx57_f6y!19sChIJLXGvOgCvt4kR0Q98iCBjdwc?authuser=0&hl=en&rclk=1,Restaurant,,4.7,68,10 AM-8 PM,"prices, pork, catering, caldereta, lechon kawali, crispy pata, lumpia, business model, fried plantains, consistency",
Winnie's Filipino Kitchen,1400 Kempsville Rd #119,Chesapeake,VA,23320,US,(757) 410-7331,https://usmapi.top/details/winnie-s-filipino-kitchen-ChIJFYH,https://www.google.com/maps/place/Winnie%27s+Filipino+Kitchen/data=!4m7!3m6!1s0x89babdaf8cd18115:0xa5107117f96c2895!8m2!3d36.7636052!4d-76.2017897!16s%2Fg%2F11h_1lpn1d!19sChIJFYHRjK-9uokRlShs-RdxEKU?authuser=0&hl=en&rclk=1,Restaurant,,3.6,64,10 AM-6 PM,"pancit, lumpia, price, fish, greeting, smile, area, rude, credit, grocery store",
3 Daughters Brewing,222 22nd St S,St. Petersburg,FL,33712,US,(727) 495-6002,https://3dbrewing.com/,https://www.google.com/maps/place/3+Daughters+Brewing/data=!4m7!3m6!1s0x88c2e2311081c6db:0x4d9834cf3055fece!8m2!3d27.7691667!4d-82.6627778!16s%2Fg%2F11c56cygj7!19sChIJ28aBEDHiwogRzv5VMM80mE0?authuser=0&hl=en&rclk=1,Restaurant,,4.7,1714,11:30 AM-10 PM,"darts, foosball, ping pong, pinball machines, stage, shuffleboard, jenga, chess, checkers, the ciders",
A & D Manila Bakery,5407 Enchanted Dr,Jacksonville,FL,32244,US,(904) 573-2851,https://www.facebook.com/ADManilaBakery/,https://www.google.com/maps/place/A+%26+D+Manila+Bakery/data=!4m7!3m6!1s0x88e5c74a72a0ddf3:0xf74ae815f5af688!8m2!3d30.2480844!4d-81.7691819!16s%2Fg%2F1tfrhl8j!19sChIJ892gckrH5YgRiPZaX4GudA8?authuser=0&hl=en&rclk=1,"Bakery, Dessert & Cafe",,4.5,452,9 AM-6 PM,"filipino food, lunch, pork, siopao, lumpia, parking, buns, groceries, lechon kawali, barbecue",
Abstrakt Filipino Essence,1500 Beach Blvd #215,Jacksonville Beach,FL,32250,US,(904) 595-5048,https://www.abstraktfilipinoessence.com/,https://www.google.com/maps/place/Abstrakt+Filipino+Essence/data=!4m7!3m6!1s0x88e5b7fc96a5f053:0xff405e192baf0263!8m2!3d30.2874327!4d-81.4082532!16s%2Fg%2F11jg0jwbz9!19sChIJU_Cllvy35YgRYwKvKxleQP8?authuser=0&hl=en&rclk=1,Restaurant,,4.8,274,"11 AM-3 PM, 5-8 PM","bowl, chicken tocino, brussel sprouts, food truck, fish balls, ube cheesecake, chicken wings, chicken pancit canton, oxtail kare-kare, pork belly adobo",
Aloha Pinoy,8820 Carmen Ln,Port Richey,FL,34668,US,(727) 324-6286,https://www.alohapinoy.com/,https://www.google.com/maps/place/Aloha+Pinoy/data=!4m7!3m6!1s0x88c291db866b3e35:0x976fa1f0dca40a07!8m2!3d28.2853646!4d-82.7033686!16s%2Fg%2F11ygd9pwlp!19sChIJNT5rhtuRwogRBwqk3PChb5c?authuser=0&hl=en&rclk=1,Food Truck & Pop-Up,,5,1,12 PM-12 AM,,
Asian Pinoy,17048 W Dixie Hwy,North Miami Beach,FL,33160,US,(305) 454-0135,http://www.asianpinoyfilipinoresteraunt.com/,https://www.google.com/maps/place/Asian+Pinoy/data=!4m7!3m6!1s0x88d9ad2ab678f497:0xbb59d820bfbd1b23!8m2!3d25.9330698!4d-80.1533467!16s%2Fg%2F11xg1xkwln!19sChIJl_R4tiqt2YgRIxu9vyDYWbs?authuser=0&hl=en&rclk=1,Restaurant,,4.5,2,10 AM-8:30 PM,,
Bar-B-Q Sticks Restaurant,"120 1/2, Lemon St",Neptune Beach,FL,32266,US,(904) 582-7788,,https://www.google.com/maps/place/Bar-B-Q+Sticks+Restaurant/data=!4m7!3m6!1s0x88e4493ab0fc9ed7:0xb79495d7155e8ed1!8m2!3d30.3241237!4d-81.3956957!16s%2Fg%2F1tcylvx7!19sChIJ1578sDpJ5IgR0Y5eFdeVlLc?authuser=0&hl=en&rclk=1,Restaurant,,4.6,309,11:30 AM-6:30 PM,"lumpia, beach, BBQ, cash, pork, parking, empanada, gem, banana roll, shrimp",
Cabalen Restaurant,2294 Mayport Rd #5,Jacksonville,FL,32233,US,(904) 247-6645,https://qmenu.us/#/cabalen-restaurant-jacksonville,https://www.google.com/maps/place/Cabalen+Restaurant/data=!4m7!3m6!1s0x88e44eb112756dc1:0xc7ab4f0fd738cf24!8m2!3d30.351478!4d-81.4141742!16s%2Fg%2F1tdnxqls!19sChIJwW11ErFO5IgRJM841w9Pq8c?authuser=0&hl=en&rclk=1,Restaurant,,4.6,120,10:30 AM-6:30 PM,"price, pancit, adobo, fried, menudo, bicol express, bangus, cafeteria, free sample, fair",
Calamansi Company,5745 Main St Suite 203,New Port Richey,FL,34652,US,(727) 331-2845,https://calamansicompany.com/,https://www.google.com/maps/place/Calamansi+Company/data=!4m7!3m6!1s0x88c291266826f0eb:0x75e10879dc9de5af!8m2!3d28.2504115!4d-82.7189834!16s%2Fg%2F11sv03_k81!19sChIJ6_AmaCaRwogRr-Wd3HkI4XU?authuser=0&hl=en&rclk=1,Food Truck & Pop-Up,Quick Bites & Turo-Turo,5,38,,"pork, cuban sandwich, filipino food, mango, ingredients, salad, picnic, truck",
Chibogs Asian Express,1079 SE 17th St,Fort Lauderdale,FL,33316,US,(954) 523-0066,https://chibogsasianexpressfl.com/,https://www.google.com/maps/place/Chibogs+Asian+Express/data=!4m7!3m6!1s0x88d901ac45f70f19:0xa9cf422a26cc9178!8m2!3d26.1009787!4d-80.1319762!16s%2Fg%2F11tnbvyp72!19sChIJGQ_3RawB2YgReJHMJipCz6k?authuser=0&hl=en&rclk=1,Restaurant,,4.2,50,9 AM-9 PM,"prices, filipino food, management",
Chicha Hut Filipino Food Truck,204 W Shell Point Rd,Ruskin,FL,33570,US,(813) 460-6901,https://www.facebook.com/profile.php?id=61558708356490&mibextid=ZbWKwL,https://www.google.com/maps/place/Chicha+Hut+Filipino+Food+Truck/data=!4m7!3m6!1s0x88c2d9004606124d:0x766e20b625f3f19!8m2!3d27.7203821!4d-82.4369812!16s%2Fg%2F11y6vh4nr9!19sChIJTRIGRgDZwogRGT9fYgviZgc?authuser=0&hl=en&rclk=1,Restaurant,,4.6,12,9 AM-5 PM,"price, sisig",
Ck's Filipino Cuisine,4685 95th St N,St. Petersburg,FL,33708,US,,https://bit.ly/3k7Q87O,https://www.google.com/maps/place/Ck%27s+Filipino+Cuisine/data=!4m7!3m6!1s0x88c2fdf6c6ccd7af:0x826eb4e89f14e1d1!8m2!3d27.8152706!4d-82.7705384!16s%2Fg%2F11rsq76qgj!19sChIJr9fMxvb9wogR0eEUn-i0boI?authuser=0&hl=en&rclk=1,Restaurant,,5,3,,,
De Guzman Oriental Food Mart,8433 E Colonial Dr,Orlando,FL,32817,US,(407) 282-7772,https://facebook.com/pages/Deguzman-Oriental-Food-Mart/148837358476719,https://www.google.com/maps/place/De+Guzman+Oriental+Food+Mart/data=!4m7!3m6!1s0x88e765f2c0f48d33:0x3a93a407285d3828!8m2!3d28.5687847!4d-81.2725525!16s%2Fg%2F1tdvqkmw!19sChIJM430wPJl54gRKDhdKAekkzo?authuser=0&hl=en&rclk=1,Supermarket & Grocery,,3.6,48,10 AM-6 PM,"filipino food, pancit, lumpia, prices, sell, check, entrees, selection",
Donyol's,2936 Daphne Rd,North Port,FL,34288,US,(941) 888-0158,https://www.donyols.com/?utm_source=Google+Profile&utm_medium=organic,https://www.google.com/maps/place/Donyol%27s/data=!4m7!3m6!1s0x88dcadd22e8c4977:0xfa580c0b3f24fa3e!8m2!3d27.0540199!4d-82.1460771!16s%2Fg%2F11l6dldyxk!19sChIJd0mMLtKt3IgRPvokPwsMWPo?authuser=0&hl=en&rclk=1,Restaurant,Quick Bites & Turo-Turo,5,10,,"lechon, pork belly, skin, meal, siomai, dimsum, filipino cuisine",
Eat O'Clock (Catering Only),2710 Bond St,Clermont,FL,34711,US,(352) 217-7400,https://www.facebook.com/bell.mora.5/followers,https://www.google.com/maps/place/Eat+O%27Clock+%28Catering+Only%29/data=!4m7!3m6!1s0x88e78f6ce8da8801:0xdd65b53b304d06ad!8m2!3d28.5422011!4d-81.7043533!16s%2Fg%2F11trvb4vrw!19sChIJAYja6GyP54gRrQZNMDu1Zd0?authuser=0&hl=en&rclk=1,Restaurant,Food Truck & Pop-Up,5,10,9 AM-9 PM,"pancit, lumpia shanghai",
Eat Sarap,11902 Bonita Beach Rd SE #9,Bonita Springs,FL,34135,US,(475) 414-0324,https://eatsarapusa.com/,"https://www.google.com/maps/place/Eat+Sarap/@26.3317558,-81.7560214,17z/data=!3m1!4b1!4m6!3m5!1s0x88db1b2b71317a0f:0x8f5adbb186f050a5!8m2!3d26.3317558!4d-81.7560214!16s%2Fg%2F11g2xbshxy?authuser=0&hl=en&entry=ttu&g_ep=EgoyMDI1MDgzMC4wIKXMDSoASAFQAw%3D%3D",Restaurant,,4.5,115,8 AM-4 PM,"pancit, halo halo, lumpia, sisig, adobo, ingredients, philly cheese, hot dogs, kutsinta, wedding",
Ejelyn's Kitchen,"Food Truck next to Woodsie's Hilltop Bar, 5204 Mobile Hwy",Pensacola,FL,32526,US,(850) 776-0778,https://ejelynskitchen.com/,https://www.google.com/maps/place/Ejelyn%27s+Kitchen/data=!4m7!3m6!1s0x8890bfd07b57c1b1:0xeb14ec83693a7576!8m2!3d30.4512057!4d-87.2928223!16s%2Fg%2F11l30lxw9f!19sChIJscFXe9C_kIgRdnU6aYPsFOs?authuser=0&hl=en&rclk=1,Restaurant,,4.5,24,11 AM-9 PM,"pancit, truck, lumpia, flan, teriyaki chicken",
El Chinchorreo De My Friends,929 N Semoran Blvd,Orlando,FL,32807,US,(407) 630-6740,https://www.facebook.com/elchinchorreodemyfriends/,https://www.google.com/maps/place/El+Chinchorreo+De+My+Friends/data=!4m7!3m6!1s0x88e765219a46a853:0x58d5ca67db248a7!8m2!3d28.559141!4d-81.3103922!16s%2Fg%2F11qg5gklcv!19sChIJU6hGmiFl54gRp0iyfaZcjQU?authuser=0&hl=en&rclk=1,Restaurant,,4,178,11 AM-2 AM,"music, environment, blood sausage, lechon, rice, pernil, empanadas, bachata, DJ, asada",
Elsa's Filipino Kitchen,1922 FL-87,Navarre,FL,32566,US,(850) 928-4945,,https://www.google.com/maps/place/Elsa%27s+Filipino+Kitchen/data=!4m7!3m6!1s0x88912100482c39c3:0x53178bfca5e01b41!8m2!3d30.4068365!4d-86.870227!16s%2Fg%2F11lf3byl_q!19sChIJwzksSAAhkYgRQRvgpfyLF1M?authuser=0&hl=en&rclk=1,Restaurant,,4.8,28,4-8 PM,"lumpia, pancit, food truck, honey chicken, chicken adobo, portion sizes, pork belly, sweet and sour chicken, catering",
Fiesta Manila (Southport Asia Mart),1616 SE 10th Ave,Fort Lauderdale,FL,33316,US,(754) 234-3786,,https://www.google.com/maps/place/Fiesta+Manila+%28Southport+Asia+Mart%29/data=!4m7!3m6!1s0x88d9010cbd993033:0x7e14bffa5f3ca8e4!8m2!3d26.1016568!4d-80.132563!16s%2Fg%2F11h6p_pqjc!19sChIJMzCZvQwB2YgR5Kg8X_q_FH4?authuser=0&hl=en&rclk=1,Supermarket & Grocery,Restaurant,4.3,92,10 AM-7 PM,"filipino food, buffet, price, halo-halo, lumpia, BBQ, pork adobo, pancit, sari-sari store, pork belly",
Fil-Am Oriental Store,1326 Malabar Rd #1,Palm Bay,FL,32907,US,(321) 914-0864,,https://www.google.com/maps/place/Fil-Am+Oriental+Store/data=!4m7!3m6!1s0x88de12ddc676f651:0xc9ea8ccdadcaaecb!8m2!3d27.9979637!4d-80.6198608!16s%2Fg%2F11btv6crf8!19sChIJUfZ2xt0S3ogRy67Krc2M6sk?authuser=0&hl=en&rclk=1,Supermarket & Grocery,,4.4,145,10:30 AM-5 PM,"prices, snacks, filipino food, salesman, owner, dumplings, basket, lumpia, small businesses, pork",
Filipiniana Philippine Cafe,3848 W Waters Ave,Tampa,FL,33614,US,(813) 885-6300,https://www.facebook.com/filipiniana.philippinecafe/,https://www.google.com/maps/place/Filipiniana+Philippine+Caf%C3%A9/data=!4m7!3m6!1s0x88c2c112b60e2347:0x39334c3feaa1fe76!8m2!3d28.024276!4d-82.5072014!16s%2Fg%2F11b6yn49jy!19sChIJRyMOthLBwogRdv6h6j9MMzk?authuser=0&hl=en&rclk=1,Restaurant,,4.4,300,10 AM-4 PM,"halo halo, prices, pork, boba, siopao, ube cake, cafeteria, skewers, lumpia, taho",
Filipino Flavors,25740 W Newberry Rd,Newberry,FL,32669,US,(352) 388-9292,,https://www.google.com/maps/place/Filipino+Flavors/data=!4m7!3m6!1s0x88e8c1aa746f8589:0x16281e6146234fe2!8m2!3d29.646224!4d-82.6147239!16s%2Fg%2F11pknz_70h!19sChIJiYVvdKrB6IgR4k8jRmEeKBY?authuser=0&hl=en&rclk=1,Restaurant,,4.8,163,,"pancit, filipino food, lumpia, lechon kawali, siopao, chicken adobo, pork adobo, portion sizes, pork sisig, oxtail",
Filipino Foods by Mike and Lynda,2811 Tamiami Trl,Port Charlotte,FL,33952,US,(941) 249-9895,https://filipinofoodsfl.com/,https://www.google.com/maps/place/Filipino+Foods+by+Mike+and+Lynda/data=!4m7!3m6!1s0x88dca9a13b494583:0xb39b19d61377b0b6!8m2!3d26.9890478!4d-82.1099204!16s%2Fg%2F11hz99z9z0!19sChIJg0VJO6Gp3IgRtrB3E9YZm7M?authuser=0&hl=en&rclk=1,Supermarket & Grocery,,4.7,73,9 AM-6 PM,"prices, balikbayan box, sauce",
Filipino Kitchen,618 Heather Stone Dr,Merritt Island,FL,32953,US,(321) 378-9043,,https://www.google.com/maps/place/Filipino+Kitchen/data=!4m7!3m6!1s0x88e0a939d9eddfa3:0x6e5a6e743e105a09!8m2!3d28.3912315!4d-80.7082973!16s%2Fg%2F11vy1nqp0p!19sChIJo9_t2Tmp4IgRCVoQPnRuWm4?authuser=0&hl=en&rclk=1,Quick Bites & Turo-Turo,Restaurant,0,0,10 AM-2 PM,,
Filipino Kitchen by Grace,1015 SE 17th St,Fort Lauderdale,FL,33316,US,(786) 897-7900,,https://www.google.com/maps/place/Filipino+Kitchen+by+Grace/data=!4m7!3m6!1s0x88d9010c3ece3a35:0x713a5c5a0e713d13!8m2!3d26.1011031!4d-80.132456!16s%2Fg%2F11h3b2z11v!19sChIJNTrOPgwB2YgREz1xDlpcOnE?authuser=0&hl=en&rclk=1,Restaurant,,4.6,141,11 AM-4 PM,"buffet, price, home, cruise ships, cook, sweet, adobo, sushi, feel, curry",
Filipino Kitchen OP,2141 Loch Rane Blvd #132,Orange Park,FL,32073,US,(904) 592-1052,https://www.filipinokitchenop.com/,https://www.google.com/maps/place/Filipino+Kitchen+OP/data=!4m7!3m6!1s0x88e5c59120fadcd7:0xc84c668b9c67bf7b!8m2!3d30.1632049!4d-81.751082!16s%2Fg%2F11x651f_79!19sChIJ19z6IJHF5YgRe79nnItmTMg?authuser=0&hl=en&rclk=1,Restaurant,,4.8,14,9 AM-7 PM,"lumpia, filipino food, chicken adobo, pancit, rice, dinuguan, halo halo, sinigang, pork, lunch",
Filipino Sari-Sari Asian Grocery Store,1128 U.S. Rte 1,Sebastian,FL,32958,US,(772) 217-7021,https://filipinosarisari.square.site/,https://www.google.com/maps/place/Filipino+Sari-Sari+Asian+Grocery+Store/data=!4m7!3m6!1s0x88de6901624af347:0x9548f9133c2dd658!8m2!3d27.8155399!4d-80.4683174!16s%2Fg%2F11l5m2xy27!19sChIJR_NKYgFp3ogRWNYtPBP5SJU?authuser=0&hl=en&rclk=1,Supermarket & Grocery,,5,22,10 AM-6 PM,"selection, ingredients, filipino food, baked goods, sauce",
Filtrip Filipino-Asian Store,252 NE 1st St,Miami,FL,33132,US,(786) 443-2823,https://www.facebook.com/filtrip/,https://www.google.com/maps/place/Filtrip+Filipino-Asian+Store/data=!4m7!3m6!1s0x88d9b71d045e5e91:0xba194aeae779ee11!8m2!3d25.7751736!4d-80.1892289!16s%2Fg%2F11sr071y5v!19sChIJkV5eBB232YgREe555-pKGbo?authuser=0&hl=en&rclk=1,Supermarket & Grocery,,5,3,9 AM-5 PM,,
Inay's Kitchen Filipino Restaurant,1097 S Clarke Rd,Ocoee,FL,34761,US,(407) 601-2126,http://inayskitchen.getsauce.com/,https://www.google.com/maps/place/Inay%E2%80%99s+Kitchen+Filipino+Restaurant/data=!4m7!3m6!1s0x88e79d14a25dd6af:0x6383d7155abd2e67!8m2!3d28.554253!4d-81.519872!16s%2Fg%2F11c5xmc7dg!19sChIJr9ZdohSd54gRZy69WhXXg2M?authuser=0&hl=en&rclk=1,Restaurant,Quick Bites & Turo-Turo,4.2,393,11 AM-8 PM,"home, mom, lechon kawali, seasoned, kabob, dinuguan, chicken adobo, hospitality, feel, pork adobo",
Isla Pilipinas Cafe,1083 SE 17th St,Fort Lauderdale,FL,33316,US,(954) 702-7751,http://tinyurl.com/IslaPilipinasCafe,https://www.google.com/maps/place/Isla+Pilipinas+Cafe/data=!4m7!3m6!1s0x88d90182e02e69db:0xff8e4da7a980f695!8m2!3d26.1008497!4d-80.1319942!16s%2Fg%2F11fp40zjb7!19sChIJ22ku4IIB2YgRlfaAqadNjv8?authuser=0&hl=en&rclk=1,Restaurant,Supermarket & Grocery,4.9,336,,"home, halo halo, chef, food and service, egg rolls, lechon kawali, presentation, garlic rice, feel, chicken adobo",
J&E Pinoy Eats,4036 S Nova Rd # D,Port Orange,FL,32127,US,(386) 281-0754,http://www.jepinoyeats.com/,https://www.google.com/maps/place/J%26E+Pinoy+Eats/data=!4m7!3m6!1s0x88e6d98be5e1195f:0x29214b0861cf2f92!8m2!3d29.1165965!4d-80.9941131!16s%2Fg%2F11qm38x4sz!19sChIJXxnh5YvZ5ogRki_PYQhLISk?authuser=0&hl=en&rclk=1,Supermarket & Grocery,,4.5,24,10 AM-5 PM,"filipino food, price, halo-halo, lumpia, home",
Jeepney Filipino - Wynwood,143 NW 23rd St,Miami,FL,33127,US,(786) 885-0209,https://www.jeepneynyc.com/,https://www.google.com/maps/place/Jeepney+Filipino+-+Wynwood/data=!4m7!3m6!1s0x88d9b7bcdb423b79:0x95d42c559e9ca793!8m2!3d25.7993651!4d-80.1979458!16s%2Fg%2F11vyty_y9r!19sChIJeTtC27y32YgRk6ecnlUs1JU?authuser=0&hl=en&rclk=1,Restaurant,,3.3,24,12 PM-12 AM,"filipino food, sisig, pancit",
Jeepney Stop Homecooked Filipino Food,6625 Argyle Forest Blvd STE 3,Jacksonville,FL,32244,US,(904) 458-7632,https://www.jeepneystopjax.com/,https://www.google.com/maps/place/Jeepney+Stop+Homecooked+Filipino+Food/data=!4m7!3m6!1s0x88e5c696bdfdb541:0x8b01786c8e701661!8m2!3d30.1933879!4d-81.7521286!16s%2Fg%2F1td01966!19sChIJQbX9vZbG5YgRYRZwjmx4AYs?authuser=0&hl=en&rclk=1,Restaurant,Supermarket & Grocery,4.4,211,11 AM-9 PM,"lumpia, pancit, price, pork adobo, dinuguan, comfort food, bone, owner, carrots, ingredient",
JEN-SHA,5310 FL-7,Fort Lauderdale,FL,33319,US,(954) 731-7041,,https://www.google.com/maps/place/JEN-SHA/data=!4m7!3m6!1s0x88d9041a1062a94b:0x48812d1b9cd2d378!8m2!3d26.1918342!4d-80.2032181!16s%2Fg%2F1td_zd8s!19sChIJS6liEBoE2YgReNPSnBstgUg?authuser=0&hl=en&rclk=1,Supermarket & Grocery,,4.8,79,11 AM-6 PM,"filipino food, prices, delicacies, pancit, ube, noodles",
JGM Asian Market Inc,7457 103rd St Ste 1,Jacksonville,FL,32210,US,(904) 778-9100,https://www.facebook.com/JGMAsianMarket,https://www.google.com/maps/place/JGM+Asian+Market+Inc/data=!4m7!3m6!1s0x88e5c748528d79cf:0xf59447db55088d52!8m2!3d30.2488889!4d-81.7711111!16s%2Fg%2F1ts1ng61!19sChIJz3mNUkjH5YgRUo0IVdtHlPU?authuser=0&hl=en&rclk=1,Supermarket & Grocery,,4.3,120,9 AM-7 PM,"price, filipino food, lumpia, desserts, pancit, selection",
Jollibee,11884 Atlantic Blvd,Jacksonville,FL,32225,US,(904) 998-9860,https://locations.jollibeefoods.com/usa/fl/jacksonville/11884-atlantic-blvd?utm_medium=organic&utm_source=local&utm_campaign=googlelistings&utm_content=website&utm_term=OLO146024,https://www.google.com/maps/place/Jollibee/data=!4m7!3m6!1s0x88e44b152b164071:0x88a5bd77b69915c9!8m2!3d30.3194675!4d-81.4921358!16s%2Fg%2F11dxc06f2f!19sChIJcUAWKxVL5IgRyRWZtne9pYg?authuser=0&hl=en&rclk=1,Restaurant,Quick Bites & Turo-Turo,4.2,3753,9 AM-10 PM,"spaghetti, halo halo, peach mango pie, filipino, palabok, pineapple juice, ube pie, adobo, pineapple drink, burger steak",
Jollibee,11891 E Colonial Dr,Orlando,FL,32826,US,(407) 751-1131,https://locations.jollibeefoods.com/usa/fl/orlando/11891-e-colonial-dr?utm_medium=organic&utm_source=local&utm_campaign=googlelistings&utm_content=website&utm_term=OLO193444,https://www.google.com/maps/place/Jollibee/data=!4m7!3m6!1s0x88e7675ee7b2c373:0x4eb3a048e8f6b3ce!8m2!3d28.5671961!4d-81.2059248!16s%2Fg%2F11tp46j3y0!19sChIJc8Oy515n54gRzrP26Eigs04?authuser=0&hl=en&rclk=1,Restaurant,Quick Bites & Turo-Turo,4.1,2016,9 AM-10 PM,"spaghetti, peach mango pie, palabok, pineapple juice, pineapple drink, ube pie, adobo rice, halo halo, filipino food, burger steak",
Jollibee,4057 Park Blvd Ste 120,Pinellas Park,FL,33781,US,(727) 551-4554,https://locations.jollibeefoods.com/usa/fl/pinellas-park/4057-park-blvd-n?utm_medium=organic&utm_source=local&utm_campaign=googlelistings&utm_content=website&utm_term=OLO146026,https://www.google.com/maps/place/Jollibee/data=!4m7!3m6!1s0x88c2e5b256d6cb6d:0xc04741deb9fc48a1!8m2!3d27.8397278!4d-82.6888553!16s%2Fg%2F11h7v7ch_1!19sChIJbcvWVrLlwogRoUj8ud5BR8A?authuser=0&hl=en&rclk=1,Restaurant,Quick Bites & Turo-Turo,4.1,2773,9 AM-10 PM,"spaghetti, peach mango pie, halo halo, pineapple juice, palabok, filipino food, adobo, ube pie, pineapple drink, burger steak",
Kabayan Filipino Grocery Store,201 N New Warrington Rd Suites 1 & 2,Pensacola,FL,32506,US,(850) 453-0794,,https://www.google.com/maps/place/Kabayan+Filipino+Grocery+Store/data=!4m7!3m6!1s0x8890bf5d348d6a29:0x80e9c0f5ed57f2cf!8m2!3d30.4123534!4d-87.2769153!16s%2Fg%2F11gw38csvd!19sChIJKWqNNF2_kIgRz_JX7fXA6YA?authuser=0&hl=en&rclk=1,Supermarket & Grocery,,4.4,177,9 AM-7 PM,"prices, filipino food, selection, snacks, halo halo, sisig, bangus, lumpia, baked goods, balikbayan box",
Kabayan Grill Filipino Restaurant,1328 John Young Pkwy,Kissimmee,FL,34741,US,(407) 201-8907,https://www.kabayangrillrestaurant.com/,https://www.google.com/maps/place/Kabayan+Grill+Filipino+Restaurant/data=!4m7!3m6!1s0x88dd841ca7b6e63f:0xdb050ab6d19fc580!8m2!3d28.3038157!4d-81.4166077!16s%2Fg%2F11fxb552zn!19sChIJP-a2pxyE3YgRgMWf0bYKBds?authuser=0&hl=en&rclk=1,Restaurant,,4.8,1109,11 AM-6 PM,"crispy pata, dinuguan, chicken adobo, vacation, wall, lomi, chicharon bulaklak, sizzling bangus, coconut water, grilled liempo",
Kabayan Oriental Market,6513 14th St W #141,Bradenton,FL,34207,US,(727) 481-8655,,"https://www.google.com/maps/place/Kabayan+Oriental+Market/@27.4244773,-82.5744442,17z/data=!3m1!4b1!4m6!3m5!1s0x88c31578ef77f0d3:0x91b43ea722294514!8m2!3d27.4244773!4d-82.5744442!16s%2Fg%2F11q3h8qjqq?authuser=0&hl=en&entry=ttu&g_ep=EgoyMDI1MDgyNS4wIKXMDSoASAFQAw%3D%3D",Supermarket & Grocery,,4.6,54,9:30 AM-7:30 PM,"filipino, delicacies, culture, halo halo, sister, organized",
Kabayan Restaurant,251 Royal Palm Beach Blvd,Royal Palm Beach,FL,33411,US,(561) 904-6826,,https://www.google.com/maps/place/Kabayan+Restaurant/data=!4m7!3m6!1s0x88d92fd889222171:0x907bb3a2316edd84!8m2!3d26.6821599!4d-80.2282355!16s%2Fg%2F11b7svlmg_!19sChIJcSEiidgv2YgRhN1uMaKze5A?authuser=0&hl=en&rclk=1,Restaurant,Supermarket & Grocery,4.4,236,11 AM-6 PM,"grocery, price, home, halo halo, pancit, products, take out, snacks, atmosphere, market",
Kalienne's Filipino-American Bakeshop and Eatery,1006 E Altamonte Dr #1002,Altamonte Springs,FL,32701,US,(407) 309-7899,,https://www.google.com/maps/place/Kalienne%27s+Filipino-American+Bakeshop+and+Eatery/data=!4m7!3m6!1s0x88e771edcf093d79:0x72e1c48edc70799!8m2!3d28.6626785!4d-81.3573437!16s%2Fg%2F11c5xdrvf6!19sChIJeT0Jz-1x54gRmQfH7UgcLgc?authuser=0&hl=en&rclk=1,Quick Bites & Turo-Turo,Restaurant,4.6,5,,filipino food,
Kalye Grill & Lumpia LLC,1690 S Ferdon Blvd,Crestview,FL,32536,US,(850) 280-4141,http://www.kalye-grill.com/,https://www.google.com/maps/place/Kalye+Grill+%26+Lumpia+LLC/data=!4m7!3m6!1s0x8891738ecc083bdf:0x5c4c9821e4b112f3!8m2!3d30.7412486!4d-86.5642999!16s%2Fg%2F11sl0gycd3!19sChIJ3zsIzI5zkYgR8xKx5CGYTFw?authuser=0&hl=en&rclk=1,Restaurant,Food Truck & Pop-Up,4.2,70,,"food truck, price, pancit, chicken teriyaki, fried rice, car, seasoning, adobo, turon, filling",
Kamayan Grill,7868 W Irlo Bronson Memorial Hwy,Kissimmee,FL,34747,US,(407) 479-9924,https://www.kamayangrillrestaurant.com/,https://www.google.com/maps/place/Kamayan+Grill/data=!4m7!3m6!1s0x88dd7f59da7b721d:0xd33240e7916697a8!8m2!3d28.3409201!4d-81.600104!16s%2Fg%2F11w43s9pdq!19sChIJHXJ72ll_3YgRqJdmkedAMtM?authuser=0&hl=en&rclk=1,Restaurant,,4.9,233,11 AM-8 PM,"atmosphere, halo halo, band, bulalo, hospitality, seafood, garlic rice, crispy pata, the menu, skewers",
Kanto Asian Street Food by Lutong Pinoy,720 Lake Ave,Lake Worth Beach,FL,33460,US,(561) 429-4147,https://kantoasianstreetfood.com/,https://www.google.com/maps/place/Kanto+Asian+Street+Food+by+Lutong+Pinoy/data=!4m7!3m6!1s0x88d8d9f32886481b:0xe7a8122ff99cdfa6!8m2!3d26.6159672!4d-80.0560038!16s%2Fg%2F11hdy3q16j!19sChIJG0iGKPPZ2IgRpt-c-S8SqOc?authuser=0&hl=en&rclk=1,Restaurant,,4.3,209,11:30 AM-9 PM,"buffet, halo-halo, pancit, home, dessert, lechon kawali, lumpia, karaoke, kare-kare, cooks",
Kaya,618 N Thornton Ave,Orlando,FL,32803,US,(407) 627-9117,http://kayaorlando.com/,https://www.google.com/maps/place/Kaya/data=!4m7!3m6!1s0x88e77b5a75848bdd:0xd790bc9dc7016ca1!8m2!3d28.5520128!4d-81.3657407!16s%2Fg%2F11px97brgy!19sChIJ3YuEdVp754gRoWwBx528kNc?authuser=0&hl=en&rclk=1,Restaurant,,4.6,395,5-10:30 PM,"tasting menu, cocktails, course, fine dining, michelin, set menu, risotto, waves, oxtail kare-kare, happy hour",
Kusina Filipina Food Truck,2131 S U.S. Hwy 41,Ruskin,FL,33570,US,(813) 260-7193,https://kusinafilipinallc.com/,https://www.google.com/maps/place/Kusina+Filipina+Food+Truck/data=!4m7!3m6!1s0x88c327f0b1d0b70d:0xe305eab065dd7859!8m2!3d27.7051206!4d-82.4444065!16s%2Fg%2F11yfb_mmpl!19sChIJDbfQsfAnw4gRWXjdZbDqBeM?authuser=0&hl=en&rclk=1,Restaurant,,4.1,14,11 AM-6 PM,"bento box, pork belly adobo, chicken skewers, facebook, lumpia, pancit",
Kusina - Good Eats,3503 Kernan Blvd S,Jacksonville,FL,32224,US,(904) 660-2020,https://www.kusinajax.com/,"https://www.google.com/maps/place/Kusina+%E2%80%93+Good+Eats/@30.2853277,-81.4886099,17z/data=!3m1!4b1!4m6!3m5!1s0x88e5cbeb4f79261d:0x34bd715b0a41d14f!8m2!3d30.2853277!4d-81.4886099!16s%2Fg%2F11q1plk_fn?authuser=0&hl=en&entry=ttu&g_ep=EgoyMDI1MDgyNS4wIKXMDSoASAFQAw%3D%3D",Restaurant,,4.6,146,10 AM-8 PM,"ensaymada, siopao, silog, lumpia, empanadas, taho, bowl, baked goods, building, cafe",
Kusina ni Nana,303 SE 4th Terrace,Cape Coral,FL,33990,US,(239) 896-5100,,https://www.google.com/maps/place/Kusina+ni+Nana/data=!4m7!3m6!1s0x88db47972d0569e9:0xc97865eae735a40!8m2!3d26.644365!4d-81.967684!16s%2Fg%2F11whplrv91!19sChIJ6WkFLZdH24gRQFpzrl6Glww?authuser=0&hl=en&rclk=1,Quick Bites & Turo-Turo,Restaurant,0,0,,,
Lasa Taste of Philippines Cuisine,5960 Richard St,Jacksonville,FL,32216,US,,http://lasafoodtruck.com/,https://www.google.com/maps/place/Lasa+Taste+of+Philippines+Cuisine/data=!4m7!3m6!1s0x88e5b7002c2e7d89:0xbf3a06d4158b3b7f!8m2!3d30.2614356!4d-81.6114601!16s%2Fg%2F11w9v84xcd!19sChIJiX0uLAC35YgRfzuLFdQGOr8?authuser=0&hl=en&rclk=1,Restaurant,,5,3,,,
Letty's Backyard Filipino Food truck,7345 US-90,Milton,FL,32583,US,,,https://www.google.com/maps/place/Letty%27s+Backyard+Filipino+Food+truck/data=!4m7!3m6!1s0x8890e5005031e9f3:0x4d5f1a8380d4ff6c!8m2!3d30.6251692!4d-87.0149507!16s%2Fg%2F11wh5b0kjt!19sChIJ8-kxUADlkIgRbP_UgIMaX00?authuser=0&hl=en&rclk=1,Restaurant,,4.9,43,10:30 AM-6 PM,"lumpia, pancit, plants, pork, patio, filipino cuisine, adobo, portion size, area, chicken curry",
Lola's Filipino Cafe & Mini Store,1241-21 Blanding Blvd,Orange Park,FL,32065,US,(904) 375-0208,,https://www.google.com/maps/place/Lola%27s+Filipino+Cafe+%26+Mini+Store/data=!4m7!3m6!1s0x88e5c3328c013497:0x340cd2427d2ec2e5!8m2!3d30.1264224!4d-81.7917027!16s%2Fg%2F11np3mbxsg!19sChIJlzQBjDLD5YgR5cIufULSDDQ?authuser=0&hl=en&rclk=1,Restaurant,,4.5,198,11 AM-7 PM,"filipino food, lumpia, pancit, chicken adobo, halo halo, potato, BBQ, grocery store, reviews, pork",
Lucky Tigre,1713 N Albany Ave,Tampa,FL,33606,US,(813) 203-0925,https://www.theluckytigre.com/,https://www.google.com/maps/place/Lucky+Tigre/data=!4m7!3m6!1s0x88c2c39537b49529:0x75aee91076c2a4a0!8m2!3d27.957652!4d-82.480651!16s%2Fg%2F11tf8gl9qn!19sChIJKZW0N5XDwogRoKTCdhDprnU?authuser=0&hl=en&rclk=1,Restaurant,,4.7,370,11:30 AM-8 PM,"dumplings, bao buns, food truck, boba, mochi, pork tocino, chicken skewers, plant based, lemonade, ube milk tea",
Lutong Pinoy 2 - Filipino Cuisine,9131 Pembroke Rd,Pembroke Pines,FL,33025,US,(954) 435-2772,http://lutongpinoyfilipinocuisine.com/,https://www.google.com/maps/place/Lutong+Pinoy+2+-+Filipino+Cuisine/data=!4m7!3m6!1s0x88d9af4d643b06db:0xf426c6b45f596121!8m2!3d25.9945906!4d-80.2653391!16s%2Fg%2F12637t_3z!19sChIJ2wY7ZE2v2YgRIWFZX7TGJvQ?authuser=0&hl=en&rclk=1,Restaurant,,4.4,319,10 AM-9 PM,"grocery, home, pork, dessert, halo halo, buffet, karaoke, market, turon, lechon",
LUTONG PINOY FILIPINO CUISINE,17048 W Dixie Hwy,North Miami Beach,FL,33160,US,(305) 454-0135,https://www.lutongpinoyfilipinocuisine.com/,https://www.google.com/maps/place/LUTONG+PINOY+FILIPINO+CUISINE/data=!4m7!3m6!1s0x88d9adafd0b08b23:0x1b832ca831d7f731!8m2!3d25.9330698!4d-80.1533467!16s%2Fg%2F1pp2vf71j!19sChIJI4uw0K-t2YgRMffXMagsgxs?authuser=0&hl=en&rclk=1,Restaurant,"Bakery, Dessert & Cafe",4.2,365,,"bubble tea, pancit, take out, halo halo, lechon, home, skewers, adobo, taro, parking",
Maganda Cuisine,112 Pauls Dr,Brandon,FL,33511,US,(813) 486-8825,,https://www.google.com/maps/place/Maganda+Cuisine/data=!4m7!3m6!1s0x88c2cf760790fdeb:0x8faf7d28f8fa7f5e!8m2!3d27.9363242!4d-82.3024446!16s%2Fg%2F11vq95ty5d!19sChIJ6_2QB3bPwogRXn_6-Ch9r48?authuser=0&hl=en&rclk=1,Restaurant,,4.5,90,12-7 PM,"lumpia, halo halo, siomai, bbq, food truck, the menu, prices, pancit, sisig, flan",
Maharlika Karaoke Bar & Grill,"14255-E, Beach Blvd",Jacksonville,FL,32250,US,(904) 992-1112,,https://www.google.com/maps/place/Maharlika+Karaoke+Bar+%26+Grill/data=!4m7!3m6!1s0x88e44a323420bac7:0x44eef6489a2e8969!8m2!3d30.2885417!4d-81.4412155!16s%2Fg%2F12hngvxc0!19sChIJx7ogNDJK5IgRaYkumkj27kQ?authuser=0&hl=en&rclk=1,Restaurant,,4,483,11 AM-9 PM,"party, pancit, home, dj, bartender, music, feel, environment, beer, boyfriend",
Mama J's Jollijeep,5705 Gunn Hwy,Tampa,FL,33625,US,(813) 509-1552,https://www.mamajsjollijeep.com/,https://www.google.com/maps/place/Mama+J%27s+Jollijeep/data=!4m7!3m6!1s0x88c2e50522176c5d:0xb9a6becfe0ca061c!8m2!3d28.0618924!4d-82.5423481!16s%2Fg%2F11tggjcw2m!19sChIJXWwXIgXlwogRHAbK4M--prk?authuser=0&hl=en&rclk=1,Food Truck & Pop-Up,,4.2,22,,"sisig, filipino food, lumpia, pork, chicken adobo, gas station, rice, buns, festival, tacos",
Mama Lu's,968 St Johns Bluff Rd N,Jacksonville,FL,32225,US,(904) 942-8184,https://www.facebook.com/MamaLusRestaurant/,https://www.google.com/maps/place/Mama+Lu%27s/data=!4m7!3m6!1s0x88e5b4aed983be27:0x82949c98d775490e!8m2!3d30.3382892!4d-81.5236835!16s%2Fg%2F11f40pz7vy!19sChIJJ76D2a605YgRDkl115iclII?authuser=0&hl=en&rclk=1,Restaurant,,4.3,171,11 AM-6 PM,"filipino food, pancit, lumpia, prices, take out, parking, adobo, home, pork, mom",
Manila Eats,1601 S 22nd St,Tampa,FL,33605,US,(813) 443-5014,http://www.manila-eats.com/,https://www.google.com/maps/place/Manila+Eats/data=!4m7!3m6!1s0x88c2d12dbdde8efd:0x4ddce0b6dffb7e97!8m2!3d27.9381344!4d-82.4349471!16s%2Fg%2F11jj552g1g!19sChIJ_Y7evS3RwogRl37737bg3E0?authuser=0&hl=en&rclk=1,Restaurant,,4.9,368,11 AM-7 PM,"halo halo, dessert, chicken adobo, lumpia, pork adobo, lechon kawali, karaoke, dinuguan, food truck, lechon belly roll",
Manila Express,8435 E Colonial Dr,Orlando,FL,32817,US,,,https://www.google.com/maps/place/Manila+Express/data=!4m7!3m6!1s0x88e765f2ebf2dc73:0xae3b830ecdd1154e!8m2!3d28.5686473!4d-81.272488!16s%2Fg%2F11c2plz5xf!19sChIJc9zy6_Jl54gRThXRzQ6DO64?authuser=0&hl=en&rclk=1,Supermarket & Grocery,Quick Bites & Turo-Turo,4.8,36,5:30 AM-8:30 PM,"adobo, pork, filipino food",
Manila Grill & BBQ,12165 Pembroke Rd,Miramar,FL,33025,US,(954) 392-0025,,https://www.google.com/maps/place/Manila+Grill+%26+BBQ/data=!4m7!3m6!1s0x88d9a5d9885c3409:0x5c58012fc79fdd29!8m2!3d25.9946524!4d-80.3086105!16s%2Fg%2F1ptx1n90k!19sChIJCTRciNml2YgRKd2fxy8BWFw?authuser=0&hl=en&rclk=1,Restaurant,,4.4,233,10 AM-7 PM,"pork, price, home, halo halo, boba, pancit, sisig, taro, crispy pata, shopping plaza",
Manila Kantina Buffet,245 E Flagler St,Miami,FL,33131,US,(786) 534-8277,http://manilakantina.com/,https://www.google.com/maps/place/Manila+Kantina+Buffet/data=!4m7!3m6!1s0x88d9b69e0cca910f:0xcbab5ede333a1b9e!8m2!3d25.7744469!4d-80.189194!16s%2Fg%2F11f03kp8sq!19sChIJD5HKDJ622YgRnhs6M95eq8s?authuser=0&hl=en&rclk=1,Restaurant,Supermarket & Grocery,4.8,242,8:30 AM-4 PM,"price, feel, all you can eat, hospitality, atmosphere, groceries, selection, pancit, home, cruise",
Manila To Go,532 E 6th St,Panama City,FL,32401,US,(850) 257-6949,,https://www.google.com/maps/place/Manila+To+Go/data=!4m7!3m6!1s0x8893817285103d97:0xaee3dd0080b0be60!8m2!3d30.158774!4d-85.6532272!16s%2Fg%2F12625bgm0!19sChIJlz0QhXKBk4gRYL6wgADd464?authuser=0&hl=en&rclk=1,Restaurant,,4.4,41,,"pancit, lumpia, takeout",
Marianas Grinds,11380 Beach Blvd Ste 10,Jacksonville,FL,32246,US,(206) 612-6596,https://www.facebook.com/marianasgrinds/,https://www.google.com/maps/place/Marianas+Grinds/data=!4m7!3m6!1s0x88e5b53a7e2f844f:0x793dda081c22c68!8m2!3d30.2853062!4d-81.5264105!16s%2Fg%2F11cjp8cnrk!19sChIJT4Qvfjq15YgRaCzCgaDdkwc?authuser=0&hl=en&rclk=1,Restaurant,,4.6,612,"11 AM-2 PM, 5-8 PM","island, mac salad, hawaiian food, empanadas, loco moco, teriyaki chicken, pork belly tacos, spam musubi, fried rice, chicken katsu",
Max's Restaurant Jacksonville,907 University Blvd N,Jacksonville,FL,32211,US,(904) 661-1691,https://www.maxsrestaurantna.com/,https://www.google.com/maps/place/Max%27s+Restaurant+Jacksonville/data=!4m7!3m6!1s0x88e5b7971907965b:0x22b1efa3742365bd!8m2!3d30.3286474!4d-81.602128!16s%2Fg%2F11yd83ydc5!19sChIJW5YHGZe35YgRvWUjdKPvsSI?authuser=0&hl=en&rclk=1,Restaurant,,4,194,11 AM-7 PM,"crispy pata, fried chicken, garlic rice, the menu, pork sisig, lechon kawali, chicharon bulaklak, bulalo, sitting, pork barbecue",
Mercels Bakeshop,8500 49th St N,Pinellas Park,FL,33781,US,(727) 546-3560,https://mercelsbakeshop.com/,https://www.google.com/maps/place/Mercels+Bakeshop/data=!4m7!3m6!1s0x88c2e51da68330f9:0xf5f8470b09b25b5a!8m2!3d27.8493614!4d-82.7006727!16s%2Fg%2F11w3j25glb!19sChIJ-TCDph3lwogRWluyCQtH-PU?authuser=0&hl=en&rclk=1,"Bakery, Dessert & Cafe",,4.3,25,10 AM-7 PM,"filipino food, ube, rice, egg rolls, pork adobo, pancit, lumpia",
Mercel's - Filipino Bakeshop Bistro & Market,1178 E Vine St,Kissimmee,FL,34744,US,(407) 978-6645,https://mercelsbakeshop.com/,https://www.google.com/maps/place/Mercel%27s+-+Filipino+Bakeshop+Bistro+%26+Market/data=!4m7!3m6!1s0x88dd8428eddbe96f:0xc6b97ae9aedc2d8b!8m2!3d28.3036396!4d-81.3929077!16s%2Fg%2F11ckvdjrwv!19sChIJb-nb7SiE3YgRiy3crul6ucY?authuser=0&hl=en&rclk=1,Restaurant,"Bakery, Dessert & Cafe",4.1,214,,"price, grocery store, cake, products, kids, lumpia, ingredients, hungry, ube, boxes",
M&M Philippine Mart Oriental Grocery,7339 E Colonial Dr,Orlando,FL,32807,US,(407) 281-6999,,https://www.google.com/maps/place/M%26M+Philippine+Mart+Oriental+Grocery/data=!4m7!3m6!1s0x88e76584b033870b:0xb7b0dea908cbd787!8m2!3d28.5686429!4d-81.2897774!16s%2Fg%2F11bx0s18v_!19sChIJC4czsIRl54gRh9fLCKnesLc?authuser=0&hl=en&rclk=1,Supermarket & Grocery,,4.3,270,10 AM-6 PM,"halo halo, filipino food, ice cream, money, boxes, choices, ube, lumpia, expiration date, cone",
Murillo's Kitchen Filipino Food Truck,2555 Crawfordville Hwy,Crawfordville,FL,32327,US,(850) 363-1190,,https://www.google.com/maps/place/Murillo%27s+Kitchen+Filipino+Food+Truck/data=!4m7!3m6!1s0x88ec85dce229fab3:0xa1855e6cb48c5aae!8m2!3d30.1963934!4d-84.3690321!16s%2Fg%2F11yg27b0rn!19sChIJs_op4tyF7IgRrlqMtGxehaE?authuser=0&hl=en&rclk=1,Restaurant,,0,0,,,
Nellie's Lumpia FWB,202 Ferry Rd SE,Fort Walton Beach,FL,32548,US,(850) 226-3202,,https://www.google.com/maps/place/Nellie%27s+Lumpia+FWB/data=!4m7!3m6!1s0x88913f398da09303:0xee6427980457c299!8m2!3d30.4048315!4d-86.6052431!16s%2Fg%2F1yglpcy_w!19sChIJA5OgjTk_kYgRmcJXBJgnZO4?authuser=0&hl=en&rclk=1,Restaurant,,4.4,593,11 AM-5 PM,"buffet, pancit, home, adobo, money, clean, food truck, chicken curry, salad, cook",
NINO'S PINOY EXPRESS,7628 103rd St,Jacksonville,FL,32244,US,(904) 779-9807,,https://www.google.com/maps/place/NINO%27S+PINOY+EXPRESS/data=!4m7!3m6!1s0x88e5c74a72a0ddf3:0x20e36f339577587e!8m2!3d30.246902!4d-81.773452!16s%2Fg%2F1tg2f9cf!19sChIJ892gckrH5YgRflh3lTNv4yA?authuser=0&hl=en&rclk=1,Supermarket & Grocery,,4.6,201,9 AM-6 PM,"filipino food, pancit, sinigang, dinuguan, pork, adobo, home, lumpia, to go, buffet",
Nipa Hut Bar & Restaurant,5485 W Irlo Bronson Memorial Hwy,Kissimmee,FL,34746,US,(407) 507-3988,http://www.nipahutfl.com/,https://www.google.com/maps/place/Nipa+Hut+Bar+%26+Restaurant/data=!4m7!3m6!1s0x88dd81e6506bae69:0x4ffe7064ef3cf4e!8m2!3d28.3336952!4d-81.5022421!16s%2Fg%2F119wjzfvk!19sChIJaa5rUOaB3YgRTs_zTgbn_wQ?authuser=0&hl=en&rclk=1,Restaurant,,4.1,901,11 AM-8 PM,"halo halo, lechon kawali, crispy pata, hotel, dinuguan, tip, boba, egg rolls, smell, appetizers",
"OverRice ""Filipino & Hawaiian Kitchen""",1084 Lee Rd #2,Orlando,FL,32810,US,(407) 412-5259,https://www.overricecfl.com/,https://www.google.com/maps/place/OverRice+%22Filipino+%26+Hawaiian+Kitchen%22/data=!4m7!3m6!1s0x88e7654818aa3d73:0xe8c3bdbbde2153b0!8m2!3d28.6054192!4d-81.3980963!16s%2Fg%2F11j6bqckc0!19sChIJcz2qGEhl54gRsFMh3ru9w-g?authuser=0&hl=en&rclk=1,Restaurant,,4.6,194,11 AM-8 PM,"food truck, lumpia, mac salad, pork adobo, musubi, hawaiian food, chicken katsu, lunch plate, review, loco moco",
Pabili Asian Market,1959 21st St NW,Winter Haven,FL,33881,US,(863) 229-7413,https://pabiliasianmarket.com/,https://www.google.com/maps/place/Pabili+Asian+Market/data=!4m7!3m6!1s0x209222927ced25f:0x4e1923f16f5c6b00!8m2!3d28.0470177!4d-81.75228!16s%2Fg%2F11kphqf1jy!19sChIJX9LOJykiCQIRAGtcb_EjGU4?authuser=0&hl=en&rclk=1,Supermarket & Grocery,,4.6,56,9 AM-7 PM,"filipino, prices, desserts, pancit, lumpia, sapin-sapin, adobo, caldereta, coconut bread, sisig",
Pacific Star Wholesale and Distribution / Halo-Halo Filipino Grocery Store,679 NW Enterprise Dr,Port St. Lucie,FL,34986,US,(772) 878-4900,https://www.facebook.com/Halo-Halo-Asian-Grocery-Store-839265023083152/,"https://www.google.com/maps/place/Pacific+Star+Wholesale+and+Distribution+%2F+Halo-Halo+Filipino+Grocery+Store/@27.3353001,-80.4083853,17z/data=!3m1!4b1!4m6!3m5!1s0x88deedde433afc3f:0x99c34bb0da0e1f09!8m2!3d27.3353001!4d-80.4083853!16s%2Fg%2F11fk1hzr3x?authuser=0&hl=en&entry=ttu&g_ep=EgoyMDI1MDgyNS4wIKXMDSoASAFQAw%3D%3D",Supermarket & Grocery,,4.6,79,10 AM-6 PM,"filipino food, selection, ingredients, price, condiments, people",
Pampanguena Food take out and Oriental Grocery,18623 SW 107th Ave,Cutler Bay,FL,33157,US,(305) 278-0560,,https://www.google.com/maps/place/Pampanguena+Food+take+out+and+Oriental+Grocery/data=!4m7!3m6!1s0x88d9c47f902a7b2d:0x3041e6ff397ebe47!8m2!3d25.5949176!4d-80.3635985!16s%2Fg%2F1vq75nsg!19sChIJLXsqkH_E2YgRR75-Of_mQTA?authuser=0&hl=en&rclk=1,Restaurant,Supermarket & Grocery,4.8,175,9 AM-5:30 PM,"prices, halo halo, to go, products, groceries, breakfast, lumpia, tocino, market, cafeteria",
Pepey's Filipino Food and Sweets,1620 W State Rd 84,Fort Lauderdale,FL,33315,US,(954) 404-1090,https://www.pepeysfilipino.com/,https://www.google.com/maps/place/Pepey%27s+Filipino+Food+and+Sweets/data=!4m7!3m6!1s0x88d901de50a3cd0f:0x82d2f18b4093523f!8m2!3d26.0897433!4d-80.1622154!16s%2Fg%2F11k459qqmp!19sChIJD82jUN4B2YgRP1KTQIvx0oI?authuser=0&hl=en&rclk=1,Restaurant,,2.3,9,"7 AM-2 PM, 5-10 PM",,
Phil-Asian Food Mart Kissmmee,2650 N Orange Blossom Trail,Kissimmee,FL,34744,US,(407) 944-0388,,https://www.google.com/maps/place/Phil-Asian+Food+Mart+Kissmmee/data=!4m7!3m6!1s0x88dd86965c92fa51:0xdb9ddf467d6d8fd9!8m2!3d28.3240602!4d-81.4041386!16s%2Fg%2F11b61qv_l2!19sChIJUfqSXJaG3YgR2Y9tfUbfnds?authuser=0&hl=en&rclk=1,Supermarket & Grocery,,4.2,86,8 AM-6:30 PM,"buffet, pancit, halo halo, desserts, filipino food, selection, prices, ube halaya",
Philippine Cuisine,3786 E Gulf to Lake Hwy,Inverness,FL,34453,US,(352) 344-5212,https://www.facebook.com/pages/Philippine-Cuisine/244715710201,https://www.google.com/maps/place/Philippine+Cuisine/data=!4m7!3m6!1s0x88e872b8df904ead:0x6aa604c863487415!8m2!3d28.846787!4d-82.371409!16s%2Fg%2F1tdygg7m!19sChIJrU6Q37hy6IgRFXRIY8gEpmo?authuser=0&hl=en&rclk=1,Restaurant,,4.5,155,11 AM-8 PM,"price, to go, chicken curry, pancit, home, ingredients, groceries, boba, halo halo, lemon",
Philippine Market & Cafe,144 S John Sims Pkwy,Valparaiso,FL,32580,US,(850) 729-0811,https://www.facebook.com/p/Philippine-Market-and-Cafe-100054655380153/,https://www.google.com/maps/place/Philippine+Market+%26+Cafe/data=!4m7!3m6!1s0x8891698c6c266c8b:0x60568a8e58bcadb8!8m2!3d30.508142!4d-86.493442!16s%2Fg%2F1tflbfd_!19sChIJi2wmbIxpkYgRuK28WI6KVmA?authuser=0&hl=en&rclk=1,Restaurant,,4.6,426,9 AM-6:30 PM,"buffet, lumpia, to go, grocery store, BBQ, ribs, selection, area, parking, dessert",
Pinoy Cravings,117 N Kentucky Ave,Lakeland,FL,33801,US,(863) 738-6090,https://www.pinoycravings.net/,https://www.google.com/maps/place/Pinoy+Cravings/data=!4m7!3m6!1s0x88dd39deb5bb016b:0x6493993d09a79d62!8m2!3d28.0446736!4d-81.9549581!16s%2Fg%2F11y7bvt6xc!19sChIJawG7td453YgRYp2nCT2Zk2Q?authuser=0&hl=en&rclk=1,Restaurant,,5,9,,"filipino cuisine, skewers",
Pinoy St. Pete,1113 Central Ave,St. Petersburg,FL,33705,US,(727) 655-8758,,https://www.google.com/maps/place/Pinoy+St.+Pete/data=!4m7!3m6!1s0x88c2e3733ca4cdc3:0xe8622c5390cd2fb!8m2!3d27.7712814!4d-82.6505565!16s%2Fg%2F11hgt121v5!19sChIJw82kPHPjwogR-9IMOcUihg4?authuser=0&hl=en&rclk=1,Restaurant,,4.4,73,,"pork, adobo, prices, lumpia, pansit, jingle, dinuguan, lechon kawali, curry, cute",
Pinoy Thai Fusion,8525 Pines Blvd Kiosk #4,Pembroke Pines,FL,33024,US,(754) 280-6280,,https://www.google.com/maps/place/Pinoy+Thai+Fusion/data=!4m7!3m6!1s0x88d9abde883fa5d9:0x256ea972a2a647b3!8m2!3d26.0097393!4d-80.2566334!16s%2Fg%2F11rf72qrbg!19sChIJ2aU_iN6r2YgRs0emonKpbiU?authuser=0&hl=en&rclk=1,Restaurant,,4.5,46,11:30 AM-10 PM,"lumpia, halo halo, costumer, mango sticky rice, bistek tagalog, ube ice cream, 30 minutes, price",
Pistang Pilipino,4149 W Vine St,Kissimmee,FL,34741,US,(407) 483-7646,http://www.pistangpilipino.com/,https://www.google.com/maps/place/Pistang+Pilipino/data=!4m7!3m6!1s0x88dd83ef3cdb36f1:0xc14d0ff612925125!8m2!3d28.3049592!4d-81.4489062!16s%2Fg%2F11j01f322s!19sChIJ8TbbPO-D3YgRJVGSEvYPTcE?authuser=0&hl=en&rclk=1,Restaurant,,4.4,330,11 AM-8 PM,"halo halo, lechon kawali, pancit, crispy pata, flan, presentation, fish balls, palabok, shrimp, lumpiang shanghai",
Purple Roots,4549 Southside Blvd #202,Jacksonville,FL,32216,US,(904) 551-0319,https://www.purplerootsjacksonville.com/?utm_source=gmb&utm_medium=website,https://www.google.com/maps/place/Purple+Roots/data=!4m7!3m6!1s0x88e5b5627b8b4dc1:0x7becbed809b31096!8m2!3d30.2624232!4d-81.5553255!16s%2Fg%2F11rdkwv64k!19sChIJwU2Le2K15YgRlhCzCdi-7Hs?authuser=0&hl=en&rclk=1,Restaurant,,4.8,3555,"11 AM-2 PM, 5-9:30 PM","kiosk, taho, fish balls, shrimp pancit, chicken lumpia, oxtail kare-kare, glass noodle, ale, touchscreen, fried shrimp",
RAMAN FILIPINO FUSION,1103 Eglin Pkwy,Shalimar,FL,32579,US,(850) 860-6110,,https://www.google.com/maps/place/RAMAN+FILIPINO+FUSION/data=!4m7!3m6!1s0x88913f675279cfd5:0xbd5ede7bb737a609!8m2!3d30.4397548!4d-86.5826699!16s%2Fg%2F11rh_7982l!19sChIJ1c95Umc_kYgRCaY3t3veXr0?authuser=0&hl=en&rclk=1,Restaurant,,4.6,85,"11 AM-4 PM, 5-8 PM","halo halo, boba, filipino food, pork, lumpia, sisig, adobo, food truck, price, tocino",
Real Sarap,435 W Tennessee St,Tallahassee,FL,32301,US,(850) 224-7325,,https://www.google.com/maps/place/Real+Sarap/data=!4m7!3m6!1s0x88ecf5746cf49459:0x99d8d765fca8a29d!8m2!3d30.444425!4d-84.2872852!16s%2Fg%2F11b8zmtbrc!19sChIJWZT0bHT17IgRnaKo_GXX2Jk?authuser=0&hl=en&rclk=1,Restaurant,,4.6,257,,"pancit, pork, price, lumpia, chicken adobo, atmosphere, dumplings, egg rolls, so delicious, combo meal",
Ruby-Gin Filipino Restaurant,2 N Old Corry Field Rd,Pensacola,FL,32506,US,(850) 332-5024,https://www.rubyginfilipinocuisine.com/,https://www.google.com/maps/place/Ruby-Gin+Filipino+Restaurant/data=!4m7!3m6!1s0x8890bec955a8ad45:0xe2bc103e148e9158!8m2!3d30.4069938!4d-87.2750481!16s%2Fg%2F1pp2vh57_!19sChIJRa2oVcm-kIgRWJGOFD4QvOI?authuser=0&hl=en&rclk=1,Restaurant,,4.4,988,11 AM-8 PM,"filipino food, lumpia, pancit, sisig, karaoke, adobo, sinigang, halo halo, lechon kawali, kare-kare",
Sago Tea Bar ATBP,452 S Hunt Club Blvd,Apopka,FL,32703,US,(407) 951-7758,http://www.sagoteabar.com/,https://www.google.com/maps/place/Sago+Tea+Bar+ATBP/data=!4m7!3m6!1s0x88e777fd25db4b75:0xeebed7f0120deec1!8m2!3d28.6734306!4d-81.4501902!16s%2Fg%2F11mn09pvnv!19sChIJdUvbJf1354gRwe4NEvDXvu4?authuser=0&hl=en&rclk=1,"Bakery, Dessert & Cafe",,4.6,390,11 AM-9 PM,"sweet, ube, taro, halo halo, slushy, flavor, thai tea, matcha, filipino food, cashier",
SaySoSweets Filipino and Hawaiian Cafe and Bakery,11757 Beach Blvd Ste. 3,Jacksonville,FL,32246,US,(904) 999-2265,,https://www.google.com/maps/place/SaySoSweets+Filipino+and+Hawaiian+Cafe+and+Bakery/data=!4m7!3m6!1s0x88e44b190835b9dd:0x958a5266899eb251!8m2!3d30.2878541!4d-81.5159318!16s%2Fg%2F11n8zd71rm!19sChIJ3bk1CBlL5IgRUbKeiWZSipU?authuser=0&hl=en&rclk=1,"Bakery, Dessert & Cafe",,4.5,168,10 AM-2 PM,"breakfast, halo halo, ube, brunch, pork, spam musubi, filipino food, flavor, french toast, lumpia",
The Baker's Son,11957 Atlantic Blvd #101,Jacksonville,FL,32225,US,,https://thebakersonusa.com/,https://www.google.com/maps/place/The+Baker%E2%80%99s+Son/data=!4m7!3m6!1s0x88e44b9d428b0fb3:0xa3150b8d40c53814!8m2!3d30.3210286!4d-81.4918304!16s%2Fg%2F11qr5q8h40!19sChIJsw-LQp1L5IgRFDjFQI0LFaM?authuser=0&hl=en&rclk=1,"Bakery, Dessert & Cafe",,4.6,693,8 AM-8 PM,"halo halo, filipino, pandesal, ube, siopao, ensaymada, turon, bibingka, sapin-sapin, spanish bread",
"The Magayon Restaurant - Organic. Filipino, Spanish and More.",318 9th St N,Naples,FL,34102,US,(239) 529-6733,https://www.facebook.com/TheMagayonRestaurant/?view_public_for=2022855767956232,"https://www.google.com/maps/place/The+Magayon+Restaurant+-+Organic.+Filipino,+Spanish+and+More./data=!4m7!3m6!1s0x88dae1974f6b92d5:0x73bd0ba8f97e4c48!8m2!3d26.1510135!4d-81.7957429!16s%2Fg%2F11f3zs5r1p!19sChIJ1ZJrT5fh2ogRSEx--agLvXM?authuser=0&hl=en&rclk=1",Restaurant,,4.3,29,,"halo halo, filipino food, asian food, rice, lunch, guisado, papaya, home",
Tindahang Pinoy Variety Store,9150 49th St N,Pinellas Park,FL,33782,US,(727) 544-8020,,https://www.google.com/maps/place/Tindahang+Pinoy+Variety+Store/data=!4m7!3m6!1s0x88c2e4f1893bd035:0x3f64108d1c526698!8m2!3d27.8551436!4d-82.7006727!16s%2Fg%2F1tdcs9x6!19sChIJNdA7ifHkwogRmGZSHI0QZD8?authuser=0&hl=en&rclk=1,Supermarket & Grocery,,4.4,270,9 AM-8 PM,"filipino food, price, halo halo, home, lechon kawali, dinuguan, pancit, adobo, sinigang, mom",
4K'S Asian Mart Inc,9416 W 179th St,Tinley Park,IL,60487,US,(708) 633-6200,http://www.4ksasianmart.com/,https://www.google.com/maps/place/4K%27S+Asian+Mart+Inc/data=!4m7!3m6!1s0x880e1548db5477df:0x958250059ae78aab!8m2!3d41.565788!4d-87.847474!16s%2Fg%2F1tlbk47j!19sChIJ33dU20gVDogRq4rnmgVQgpU?authuser=0&hl=en&rclk=1,Supermarket & Grocery,,4.2,80,9 AM-5 PM,"pancit, filipino food, price, crispy pork belly, lumpia, ube, lechon, eggrolls, BBQ",
A Taste of the Philippines,5914 W Lawrence Ave,Chicago,IL,60630,US,(720) 746-8880,http://www.atasteofthephilippines.com/,https://www.google.com/maps/place/A+Taste+of+the+Philippines/data=!4m7!3m6!1s0x880e2d9288905f43:0xe81888b6388a616f!8m2!3d41.9680303!4d-87.7754685!16s%2Fg%2F11j6_72hpw!19sChIJQ1-QiJItDogRb2GKOLaIGOg?authuser=0&hl=en&rclk=1,Restaurant,,4.5,159,10 AM-2 PM,"lumpia, donuts, longaniza, breakfast sandwich, pandan, silog, chocolate chip cookie, brunch, chicken tocino, ube cheesecake",
Bayan Ko,1810 W Montrose Ave,Chicago,IL,60613,US,(773) 698-6373,http://www.bayankochicago.com/,https://www.google.com/maps/place/Bayan+Ko/data=!4m7!3m6!1s0x880fd30366dc6017:0x13e06eda279a6f2a!8m2!3d41.96162!4d-87.674965!16s%2Fg%2F11fdxn6rtk!19sChIJF2DcZgPTD4gRKm-aJ9pu4BM?authuser=0&hl=en&rclk=1,Restaurant,,4.7,424,5-10 PM,"tasting menu, sundae, BYOB, croquetas, wine, ube ice cream, 5 course, luglug, alfredo, lobster",
Bayan Ko Diner,1820 W Montrose Ave,Chicago,IL,60613,US,(773) 915-3117,https://www.bayankodiner.com/,https://www.google.com/maps/place/Bayan+Ko+Diner/data=!4m7!3m6!1s0x880fd3002ef964f5:0x37f1222a0cb26600!8m2!3d41.9616258!4d-87.675468!16s%2Fg%2F11vymwxww2!19sChIJ9WT5LgDTD4gRAGayDCoi8Tc?authuser=0&hl=en&rclk=1,Restaurant,,4.6,190,"9 AM-3 PM, 5-10 PM","silog, garlic rice, ropa vieja, filipino food, lumpia, plantains, halo halo, sisig, chicken skewers, ube",
Bistro Manila of Naperville,2764 Aurora Ave Suite 104,Naperville,IL,60540,US,(331) 305-4042,http://www.bistromanilanaperville.com/,https://www.google.com/maps/place/Bistro+Manila+of+Naperville/data=!4m7!3m6!1s0x880ef908f343833f:0x9e9312cd13f0fe54!8m2!3d41.7619203!4d-88.1993072!16s%2Fg%2F11rwl4683k!19sChIJP4ND8wj5DogRVP7wE80Sk54?authuser=0&hl=en&rclk=1,Restaurant,,4.8,108,11 AM-6 PM,"halo halo, home, lumpia, pork, pancit, atmosphere, price, catering, tocino, recipe",
Boonie's Filipino Restaurant,4337 N Western Ave,Chicago,IL,60618,US,(708) 990-8886,http://www.booniefoods.com/,https://www.google.com/maps/place/Boonie%27s+Filipino+Restaurant/data=!4m7!3m6!1s0x880e2d6ebff77303:0xd3fd46ea1b4f38ed!8m2!3d41.9606338!4d-87.6883335!16s%2Fg%2F11r3dztlrm!19sChIJA3P3v24tDogR7ThPG-pG_dM?authuser=0&hl=en&rclk=1,Restaurant,,4.6,396,"11 AM-2 PM, 5-9 PM","short ribs, bistek, silog, BYOB, anniversary, black cod, gourmand, mac salad, michelin, pickled papaya",
Cebu Chicago,3120 N Lincoln Ave,Chicago,IL,60657,US,(773) 709-9153,https://www.cebuchicago.com/,https://www.google.com/maps/place/Cebu+Chicago/data=!4m7!3m6!1s0x880fd3073e3f30f9:0x7e1461f557353d47!8m2!3d41.9383015!4d-87.6672404!16s%2Fg%2F11vzbwd3qq!19sChIJ-TA_PgfTD4gRRz01V_VhFH4?authuser=0&hl=en&rclk=1,Restaurant,,4.6,158,9 AM-2 PM,"brunch, lechon, short rib, french toast, ube waffles, chicken and waffles, cocktails, popcorn chicken, ube latte, burrito",
Cebu Lechon House & New Chinese Kitchen,1999 75th St,Woodridge,IL,60517,US,(630) 910-4100,https://newchinesekitchen.com/?utm_source=google,https://www.google.com/maps/place/Cebu+Lechon+House+%26+New+Chinese+Kitchen/data=!4m7!3m6!1s0x880e5938f6f45d61:0xac14f96b3f7fbaa1!8m2!3d41.7497114!4d-88.0302092!16s%2Fg%2F11j0tw2lqj!19sChIJYV309jhZDogRobp_P2v5FKw?authuser=0&hl=en&rclk=1,Restaurant,,4.6,65,11 AM-9 PM,"filipino food, pancit, egg rolls, salty, kare kare, lechon kawali, filipino chinese cuisine, sisig, crispy pata, bbq pork belly",
Chibogan Filipino Cuisine,905 E Rand Rd #600,Mt Prospect,IL,60056,US,(224) 735-2217,,https://www.google.com/maps/place/Chibogan+Filipino+Cuisine/data=!4m7!3m6!1s0x880fb9001baf4c57:0x6e4eae085a75a527!8m2!3d42.0671317!4d-87.9235789!16s%2Fg%2F11vq9nhzc9!19sChIJV0yvGwC5D4gRJ6V1WgiuTm4?authuser=0&hl=en&rclk=1,Restaurant,Quick Bites & Turo-Turo,4.7,119,11 AM-8 PM,"lechon, halo-halo, price, egg rolls, take out, pancit, skewer, leche flan, skin, ube flan",
Filipino Food Catering,6019 Dempster St,Morton Grove,IL,60053,US,(847) 967-5620,http://www.filipinofoodcatering.com/,https://www.google.com/maps/place/Filipino+Food+Catering/data=!4m7!3m6!1s0x880fc8b4b89f60ed:0x5d32afe09e1f16d2!8m2!3d42.0405727!4d-87.7771952!16s%2Fg%2F1vg6vb85!19sChIJ7WCfuLTID4gR0hYfnuCvMl0?authuser=0&hl=en&rclk=1,Restaurant,,4.3,25,11 AM-7 PM,phone,
Filipino Sari-Sari Store,1017 W Main St,Belleville,IL,62220,US,(618) 698-0453,,https://www.google.com/maps/place/Filipino+Sari-Sari+Store/data=!4m7!3m6!1s0x887603f87f0cc6a9:0xb8f27a1ea4d36a96!8m2!3d38.5154917!4d-89.9971393!16s%2Fg%2F11k9t8f2ww!19sChIJqcYMf_gDdogRlmrTpB568rg?authuser=0&hl=en&rclk=1,Supermarket & Grocery,,4.7,30,10 AM-6 PM,"selection, prices, filipino food, sauces",
Filipino Store,3935 W Touhy Ave,Lincolnwood,IL,60712,US,(847) 674-2120,,https://www.google.com/maps/place/Filipino+Store/data=!4m7!3m6!1s0x880fce521cca1991:0xb25657f43adf9962!8m2!3d42.0114551!4d-87.7277451!16s%2Fg%2F11f4_6hw1m!19sChIJkRnKHFLOD4gRYpnfOvRXVrI?authuser=0&hl=en&rclk=1,Supermarket & Grocery,,4.9,11,9 AM-6 PM,,
"FM Asian Foodmart, Inc",2001 75th St,Woodridge,IL,60517,US,(630) 985-2721,http://fmasianfoodmart.com/,"https://www.google.com/maps/place/FM+Asian+Foodmart,+Inc/data=!4m7!3m6!1s0x880e507333bcdf47:0xad0d38e9d7974609!8m2!3d41.7502236!4d-88.0316597!16s%2Fg%2F1tdcbd69!19sChIJR9-8M3NQDogRCUaX1-k4Da0?authuser=0&hl=en&rclk=1",Supermarket & Grocery,,4,80,9 AM-6 PM,"filipino food, BBQ, lechon, lottery, shelves, choices, prices",
Hiromi's Oriental Restaurant,3609 W Lawrence Ave,Chicago,IL,60625,US,(773) 588-6764,https://www.facebook.com/HIROMIS-ORIENTAL-RESTAURANT-113166532058678/,https://www.google.com/maps/place/Hiromi%27s+Oriental+Restaurant/data=!4m7!3m6!1s0x880fcddd13eb5c25:0x9936b8c8df1ce93c!8m2!3d41.9682487!4d-87.7188017!16s%2Fg%2F1tgh84r_!19sChIJJVzrE93ND4gRPOkc38i4Npk?authuser=0&hl=en&rclk=1,Restaurant,,4.3,57,6 PM-12 AM,"karaoke, sinigang, prices, halo-halo",
Hong Ning Filipino Restaurant & Grill,"East, 598 North Ave",Carol Stream,IL,60188,US,(630) 480-2688,http://www.hongningrestaurant.com/,https://www.google.com/maps/place/Hong+Ning+Filipino+Restaurant+%26+Grill/data=!4m7!3m6!1s0x880fac861f9247c1:0xa5518593de157b88!8m2!3d41.9012674!4d-88.1012928!16s%2Fg%2F1263lh4g3!19sChIJwUeSH4asD4gRiHsV3pOFUaU?authuser=0&hl=en&rclk=1,Restaurant,,4.4,709,11 AM-8 PM,"halo halo, pancit, lechon kawali, area, entree, egg rolls, caldereta, skewers, traditional, dinuguan",
HP ORIENTAL MART,16142 S Cicero Ave #6,Oak Forest,IL,60452,US,(708) 687-4888,https://hporientalmart.com/,https://www.google.com/maps/place/HP+ORIENTAL+MART/data=!4m7!3m6!1s0x880e3d21b911b36d:0xf02bfef4b58531c5!8m2!3d41.5982002!4d-87.7367684!16s%2Fg%2F11mx53zkt_!19sChIJbbMRuSE9DogRxTGFtfT-K_A?authuser=0&hl=en&rclk=1,Supermarket & Grocery,,4.7,46,10 AM-7 PM,"selection, prices, boba, home",
Ian Mae Oriental Store,9022 N Greenwood Ave,Niles,IL,60714,US,(847) 759-0415,,https://www.google.com/maps/place/Ian+Mae+Oriental+Store/data=!4m7!3m6!1s0x880fc8115c0e2841:0xde267773a5898069!8m2!3d42.0444246!4d-87.8409793!16s%2Fg%2F1tcz8xth!19sChIJQSgOXBHID4gRaYCJpXN3Jt4?authuser=0&hl=en&rclk=1,Supermarket & Grocery,,4.4,170,9 AM-6 PM,"filipino food, turon, price, pancit, egg rolls, BBQ, siopao, pork, lumpia, dessert",
J & A Oriental Food Mart,5755 W Fullerton Ave,Chicago,IL,60639,US,(773) 622-0021,,https://www.google.com/maps/place/J+%26+A+Oriental+Food+Mart/data=!4m7!3m6!1s0x880fcc9beea2096b:0xba119008ebca2658!8m2!3d41.9236896!4d-87.7705835!16s%2Fg%2F1tcxdt52!19sChIJawmi7pvMD4gRWCbK6wiQEbo?authuser=0&hl=en&rclk=1,Supermarket & Grocery,,4.6,37,10 AM-6 PM,"filipino food, sisig, pork, bbq skewers, parties",
Jofen Oriental,457 N Bolingbrook Dr,Bolingbrook,IL,60440,US,(630) 759-5004,http://www.jofenorientalfood.com/,https://www.google.com/maps/place/Jofen+Oriental/data=!4m7!3m6!1s0x880e5a49ae092e4f:0x36511caeb267933b!8m2!3d41.7115207!4d-88.0709066!16s%2Fg%2F12628w1jk!19sChIJTy4JrklaDogRO5Nnsq4cUTY?authuser=0&hl=en&rclk=1,Supermarket & Grocery,,4.2,373,8 AM-7 PM,"filipino food, prices, snacks, take out, area, selection, african food, check, money, ingredients",
Jollibee,5033 N Elston Ave,Chicago,IL,60630,US,(773) 685-6770,https://locations.jollibeefoods.com/usa/il/chicago/5033-n-elston-ave?utm_medium=organic&utm_source=local&utm_campaign=googlelistings&utm_content=website&utm_term=OLO146038,https://www.google.com/maps/place/Jollibee/data=!4m7!3m6!1s0x880fcc28c76228b7:0xe60cafde288b8b04!8m2!3d41.9730394!4d-87.7455318!16s%2Fg%2F11c2pmn018!19sChIJtyhixyjMD4gRBIuLKN6vDOY?authuser=0&hl=en&rclk=1,Restaurant,Quick Bites & Turo-Turo,4.1,1151,8 AM-9 PM,"spaghetti, pineapple juice, palabok, peach mango pie, filipino food, grocery, halo halo, adobo, spicy fried chicken, burger steak",
Jollibee,3534 W Touhy Ave,Skokie,IL,60076,US,(847) 674-3900,https://locations.jollibeefoods.com/usa/il/skokie/3534-w-touhy-ave?utm_medium=organic&utm_source=local&utm_campaign=googlelistings&utm_content=website&utm_term=OLO146037,https://www.google.com/maps/place/Jollibee/data=!4m7!3m6!1s0x880fce35f6d8954b:0xea0b6c53b121b2da!8m2!3d42.0123122!4d-87.7177657!16s%2Fg%2F11cjnm19dr!19sChIJS5XY9jXOD4gR2rIhsVNsC-o?authuser=0&hl=en&rclk=1,Restaurant,Quick Bites & Turo-Turo,4,2416,9 AM-10 PM,"spaghetti, drive thru, filipino, halo halo, pineapple juice, peach mango pie, palabok, adobo, pineapple drink, ube pie",
J&S Pinoy Oriental Store / JnS Pinoy Filipino Food Express,2970 Ogden Ave,Aurora,IL,60504,US,(630) 898-1000,http://www.jnspinoy.com/,https://www.google.com/maps/place/J%26S+Pinoy+Oriental+Store+%2F+JnS+Pinoy+Filipino+Food+Express/data=!4m7!3m6!1s0x880ef7538e0ce959:0x69f7f2d4fc709194!8m2!3d41.7421244!4d-88.2437299!16s%2Fg%2F1trxkw9_!19sChIJWekMjlP3DogRlJFw_NTy92k?authuser=0&hl=en&rclk=1,Supermarket & Grocery,,4.5,120,9 AM-6:30 PM,"pancit, pork, filipino dish, prices, egg rolls, lechon, fresh food, entree, dinuguan, halo halo",
Kaibigan Inc,962 E Rollins Rd,Round Lake Beach,IL,60073,US,(847) 231-5242,https://kaibiganstore.com/,https://www.google.com/maps/place/Kaibigan+Inc/data=!4m7!3m6!1s0x880f84d235418ae9:0xe2d89e0a2068095f!8m2!3d42.381709!4d-88.0584241!16s%2Fg%2F1vxcw_vs!19sChIJ6YpBNdKED4gRXwloIAqe2OI?authuser=0&hl=en&rclk=1,Restaurant,,4.2,147,9 AM-6 PM,"groceries, prices, lumpia, area, take out, pork, pancit, products, google maps, tray",
Kasama,1001 N Winchester Ave,Chicago,IL,60622,US,(773) 697-3790,http://kasamachicago.com/,https://www.google.com/maps/place/Kasama/data=!4m7!3m6!1s0x880fd3cd1ee1c171:0x14fb7b48590257c5!8m2!3d41.8996829!4d-87.6756519!16s%2Fg%2F11jfdnvvyt!19sChIJccHhHs3TD4gRxVcCWUh7-xQ?authuser=0&hl=en&rclk=1,Restaurant,"Bakery, Dessert & Cafe",4.5,1791,9 AM-3 PM,"pastries, breakfast sandwich, michelin, hash brown, ube latte, tasting menu, truffle, mushroom adobo, matcha, pork belly adobo",
Kawayan,4859 N Milwaukee Ave,Chicago,IL,60630,US,(773) 993-0360,http://kawayanchi.com/,https://www.google.com/maps/place/Kawayan/data=!4m7!3m6!1s0x880fcc199b2a496b:0x7be2af9191cacf49!8m2!3d41.9693278!4d-87.7610611!16s%2Fg%2F11bbx03tfw!19sChIJa0kqmxnMD4gRSc_KkZGv4ns?authuser=0&hl=en&rclk=1,Restaurant,,4.3,242,11:30 AM-8 PM,"pork, garlic fried rice, crispy pata, kare kare, sisig, sinigang, lumpia, breakfast, tocino, adobo",
Kubo Chicago,1232 W Belmont Ave,Chicago,IL,60657,US,(773) 857-1408,https://www.kubochicago.com/,https://www.google.com/maps/place/Kubo+Chicago/data=!4m7!3m6!1s0x880fd254866b11ad:0x79d8540e0cd2caea!8m2!3d41.9399386!4d-87.6603171!16s%2Fg%2F11fylz79t9!19sChIJrRFrhlTSD4gR6srSDA5U2Hk?authuser=0&hl=en&rclk=1,Restaurant,,4.5,421,5-9 PM,"cocktails, adobo ribs, pork ribs, patio, kamayan, salmon, ceviche, martini, appetizers, lechon sisig",
Kusinang Pinoy,16142 S Cicero Ave #5,Oak Forest,IL,60452,US,(708) 535-6460,,https://www.google.com/maps/place/Kusinang+Pinoy/data=!4m7!3m6!1s0x880e3d755e97735f:0x7f2fc533da9e7866!8m2!3d41.5982002!4d-87.7367684!16s%2Fg%2F1tgc0c30!19sChIJX3OXXnU9DogRZnie2jPFL38?authuser=0&hl=en&rclk=1,Restaurant,,4.3,151,11 AM-7 PM,"egg rolls, pork, karaoke, buffet, pansit, curry, asian cuisine, stew, lechon, adobo",
Lasa Filipino Cafe,600 North Ave,Carol Stream,IL,60188,US,(630) 949-2652,https://www.lasafilipinocafe.com/,https://www.google.com/maps/place/Lasa+Filipino+Cafe/data=!4m7!3m6!1s0x880e550002693109:0x1c450c2fd5806527!8m2!3d41.9011543!4d-88.1011614!16s%2Fg%2F11whrsdwt8!19sChIJCTFpAgBVDogRJ2WA1S8MRRw?authuser=0&hl=en&rclk=1,"Bakery, Dessert & Cafe",,4.6,24,11 AM-6 PM,"matcha, lattes, drinks, ube pandesal, spanish bread, atmosphere, salted egg, bibingka, asado, rolls",
Lina's Filipino Marketplace,120 Ridge Ave #17,Bloomingdale,IL,60108,US,(224) 520-8150,https://www.linasfilipinomarketridgeave.com/,https://www.google.com/maps/place/Lina%27s+Filipino+Marketplace/data=!4m7!3m6!1s0x880fac6fb4c831fb:0xc2a4cd5793b02c76!8m2!3d41.955741!4d-88.0789691!16s%2Fg%2F1q64qt7pw!19sChIJ-zHItG-sD4gRdiywk1fNpMI?authuser=0&hl=en&rclk=1,Restaurant,,4.3,225,10 AM-6 PM,"filipino food, pandesal, grocery, price, pancit, clean, lumpia, asian food, baked goods, catering",
Lina's Filipino Marketplace,10 Tyler Creek Plaza,Elgin,IL,60123,US,(224) 561-2825,https://www.linasfilipinomarketelgin.com/,https://www.google.com/maps/place/Lina%27s+Filipino+Marketplace/data=!4m7!3m6!1s0x880f056f9bcb3a57:0x1e3951a2446cc13c!8m2!3d42.0588267!4d-88.3128071!16s%2Fg%2F11h05622jk!19sChIJVzrLm28FD4gRPMFsRKJROR4?authuser=0&hl=en&rclk=1,Restaurant,,4.1,114,10 AM-6 PM,"filipino food, prices, lumpia, pancit, bbq skewers, to go, veggies, eyes, pay, lunch",
Lina's Filipino Marketplace,9715 N Milwaukee Ave,Glenview,IL,60025,US,(847) 581-1584,https://www.linasfilipinomarketelgin.com/,https://www.google.com/maps/place/Lina%27s+Filipino+Marketplace/data=!4m7!3m6!1s0x880fc9e4beba54b9:0x65f6f7cb151598cb!8m2!3d42.0583875!4d-87.8410273!16s%2Fg%2F11rjyxg1rr!19sChIJuVS6vuTJD4gRy5gVFcv39mU?authuser=0&hl=en&rclk=1,Supermarket & Grocery,,4.7,19,10 AM-6 PM,empanadas,
Lola Adang's Kusina,2314 Green Bay Rd,North Chicago,IL,60064,US,(847) 775-0535,,https://www.google.com/maps/place/Lola+Adang%27s+Kusina/data=!4m7!3m6!1s0x880f933825ecb225:0x9857f8f34fc50044!8m2!3d42.3164074!4d-87.8654645!16s%2Fg%2F11bbrhv44x!19sChIJJbLsJTiTD4gRRADFT_P4V5g?authuser=0&hl=en&rclk=1,Restaurant,Quick Bites & Turo-Turo,4.6,214,11 AM-4 PM,"price, lumpia, entree, portion sizes, pancit, adobo, cafeteria, teriyaki chicken, stars, liver",
mang pinoy treats,New Wilke Rd,Arlington Heights,IL,60005,US,(224) 478-5874,,https://www.google.com/maps/place/mang+pinoy+treats/data=!4m7!3m6!1s0x880fbb5efaca5fc7:0x78534204cdb1a871!8m2!3d42.0624692!4d-88.0041144!16s%2Fg%2F11xdqc7njf!19sChIJx1_K-l67D4gRcaixzQRCU3g?authuser=0&hl=en&rclk=1,"Bakery, Dessert & Cafe",,0,0,,,
MANILA GROCERY,15507 Illinois Rte 59 Unit 101,Plainfield,IL,60544,US,,,https://www.google.com/maps/place/MANILA+GROCERY/data=!4m7!3m6!1s0x880ef52f2653d7cd:0xe20a6244917ceb28!8m2!3d41.6002967!4d-88.201079!16s%2Fg%2F11v43r2drg!19sChIJzddTJi_1DogRKOt8kURiCuI?authuser=0&hl=en&rclk=1,Supermarket & Grocery,,4.5,15,9 AM-7 PM,"price, filipino food",
Marciana's Kitchen,332 E St Charles Rd,Villa Park,IL,60181,US,(630) 359-3418,,https://www.google.com/maps/place/Marciana%E2%80%99s+Kitchen/data=!4m7!3m6!1s0x880e4d465f81b09d:0xdeff979ff178929c!8m2!3d41.89038!4d-87.9705932!16s%2Fg%2F11v183bpds!19sChIJnbCBX0ZNDogRnJJ48Z-X_94?authuser=0&hl=en&rclk=1,Restaurant,,5,67,,"silog meals, eggrolls, pancit, salad, pork, dessert, entrees, catering, selection, tray",
M.A'S Filipino Cuisine,714 N Carbon St,Marion,IL,62959,US,(618) 422-9141,https://m.facebook.com/m.a.sfilipinocuisine/?tsid=0.12392617292112218&source=result,"https://www.google.com/maps/place/M.A%E2%80%99S+Filipino+Cuisine/@37.7357303,-88.9478378,17z/data=!3m1!4b1!4m6!3m5!1s0x88773d9157ac7561:0x2d00c5dfff03861b!8m2!3d37.7357303!4d-88.9478378!16s%2Fg%2F11nx5knp98?authuser=0&hl=en&entry=ttu&g_ep=EgoyMDI1MDgyNS4wIKXMDSoASAFQAw%3D%3D",Restaurant,,4.9,427,,"tacos, chicken adobo, bistek, crab rangoon, shakes, chicken curry, ube shake, free samples, pho, allergies",
"Max's Restaurant Chicago, Cuisine of the Philippines",5033 N Elston Ave Suite 102L,Chicago,IL,60630,US,(773) 830-6297,https://www.maxsrestaurantna.com/,"https://www.google.com/maps/place/Max%27s+Restaurant+Chicago,+Cuisine+of+the+Philippines/data=!4m7!3m6!1s0x880fcd1ac158d241:0xb6688f13e35ff817!8m2!3d41.9725914!4d-87.746109!16s%2Fg%2F11j86t59vs!19sChIJQdJYwRrND4gRF_hf4xOPaLY?authuser=0&hl=en&rclk=1",Restaurant,,4.3,488,11 AM-8 PM,"kare kare, crispy pata, fried chicken, apple, home, food and service, egg rolls, bones, pancit canton, daing na bangus",
"MAYO FILIPINO STORE, WORTH IL",11228 S Harlem Ave #1,Worth,IL,60482,US,(708) 923-6696,https://www.facebook.com/mayofilipino,"https://www.google.com/maps/place/MAYO+FILIPINO+STORE,+WORTH+IL/data=!4m7!3m6!1s0x880e39727b325417:0xa41b75a5e4d50771!8m2!3d41.6869343!4d-87.7978667!16s%2Fg%2F1tdb08g7!19sChIJF1Qye3I5DogRcQfV5KV1G6Q?authuser=0&hl=en&rclk=1",Supermarket & Grocery,,4.7,81,10 AM-7 PM,"filipino food, prices, frozen, shelves, egg rolls, desserts, fish, money",
Merienda Cafe,1822 E Belvidere Rd,Grayslake,IL,60030,US,(224) 252-2106,https://toasttakeout.page.link/g4Wx,https://www.google.com/maps/place/Merienda+Caf%C3%A9/data=!4m7!3m6!1s0x880f91b009b45f87:0x848bd7105c495ce!8m2!3d42.3400821!4d-88.0029076!16s%2Fg%2F11scqq2nwf!19sChIJh1-0CbCRD4gRzpXEBXG9SAg?authuser=0&hl=en&rclk=1,Restaurant,"Bakery, Dessert & Cafe",4.9,196,10 AM-7 PM,"chicken wings, ube milk tea, loaded fries, garlic fried rice, silog, bulgogi, boba tea, adobo ribs, ube pancakes, ube latte",
Namit Cafe & Restaurant,3346 W Bryn Mawr Ave,Chicago,IL,60659,US,(773) 654-1470,,https://www.google.com/maps/place/Namit+Cafe+%26+Restaurant/data=!4m7!3m6!1s0x880fd36ed40fe0f5:0xd16d2412d074d650!8m2!3d41.9832017!4d-87.7132001!16s%2Fg%2F11s198s83f!19sChIJ9eAP1G7TD4gRUNZ00BIkbdE?authuser=0&hl=en&rclk=1,Restaurant,,4.8,147,"10 AM-3 PM, 5-9 PM","lumpia, cupcakes, chicken inasal, hospitality, tokneneng, garlic rice, molo soup, patio, chicken adobo, arroz caldo",
Nayon Evanston - Filipino Catering of Evanston,"Filipino Rice Cakes, 912 Noyes St",Evanston,IL,60201,US,(847) 868-8033,https://nayonevanston.square.site/,https://www.google.com/maps/place/Nayon+Evanston+-+Filipino+Catering+of+Evanston/data=!4m7!3m6!1s0x880fdb7637063a4b:0x8e6963571de59d24!8m2!3d42.058191!4d-87.6836497!16s%2Fg%2F11rv6dhgbt!19sChIJSzoGN3bbD4gRJJ3lHVdjaY4?authuser=0&hl=en&rclk=1,"Bakery, Dessert & Cafe",,5,2,9 AM-5 PM,,
Oscar's Foods,6130 1/2 W Belmont Ave,Chicago,IL,60634,US,(773) 622-6822,,https://www.google.com/maps/place/Oscar%27s+Foods/data=!4m7!3m6!1s0x880fcb81d9369d89:0x8ed61ee756c2d433!8m2!3d41.9385635!4d-87.7799913!16s%2Fg%2F1vcq85q2!19sChIJiZ022YHLD4gRM9TCVuce1o4?authuser=0&hl=en&rclk=1,Restaurant,,4.5,20,,"lechon, oven, birthday",
Panlasa,131 N Clinton St #6,Chicago,IL,60661,US,(773) 872-9172,http://panlasachicago.square.site/,https://www.google.com/maps/place/Panlasa/data=!4m7!3m6!1s0x880e2d2d21415189:0xb4744e19b6a05d68!8m2!3d41.8841608!4d-87.640857!16s%2Fg%2F11wjp7czg9!19sChIJiVFBIS0tDogRaF2gthlOdLQ?authuser=0&hl=en&rclk=1,Restaurant,,4.9,44,8 AM-6 PM,"pork adobo, spam musubi, lumpia, bowl, longanisa, atchara, chicken adobo, filipino food, hawaiian, kalua pork",
Philippine Resto,16142 S Cicero Ave #5,Oak Forest,IL,60452,US,(708) 926-2027,https://busilist.org/details/philippine-resto-ChIJrSE,https://www.google.com/maps/place/Philippine+Resto/data=!4m7!3m6!1s0x880e3d7af61421ad:0xfa26b867549744a5!8m2!3d41.5982002!4d-87.7367684!16s%2Fg%2F11kpy1xxrf!19sChIJrSEU9no9DogRpUSXVGe4Jvo?authuser=0&hl=en&rclk=1,Restaurant,,4.7,53,11 AM-7 PM,"pancit, pork belly, tray, egg rolls, door, halo halo",
pig & fire,135 N Kedzie Ave,Chicago,IL,60612,US,(312) 883-3754,http://www.pigandfire.com/,https://www.google.com/maps/place/pig+%26+fire/data=!4m7!3m6!1s0x880e33508cd73fe5:0x190cd851f1a9fec8!8m2!3d41.884045!4d-87.7057005!16s%2Fg%2F11jhwn5_f1!19sChIJ5T_XjFAzDogRyP6p8VHYDBk?authuser=0&hl=en&rclk=1,Restaurant,,4.3,12,,"lechon, pop, catering",
Pinoy Asian Mart And Takeout,4206 Prospect Dr,Decatur,IL,62526,US,(217) 520-8029,https://usmapex.org/details/pinoy-asian-mart-and-takeout-ChIJyUR,https://www.google.com/maps/place/Pinoy+Asian+Mart+And+Takeout/data=!4m7!3m6!1s0x8874b21c866844c9:0xbc342ea2e6d956d6!8m2!3d39.898952!4d-88.953125!16s%2Fg%2F11v6d8d5g7!19sChIJyURohhyydIgR1lbZ5qIuNLw?authuser=0&hl=en&rclk=1,Restaurant,,4.8,33,10 AM-6 PM,"filipino food, selection, products, asian food, egg rolls, grocery, questions, sauce, cost",
Pinoy Corner Aurora IL,2262 Ogden Ave,Aurora,IL,60504,US,(630) 486-1444,https://www.pinoy-corner.com/,https://www.google.com/maps/place/Pinoy+Corner+Aurora+IL/data=!4m7!3m6!1s0x880ef1d8427883e1:0xc8e06f301a5f86f3!8m2!3d41.7333124!4d-88.261438!16s%2Fg%2F11j239g3p3!19sChIJ4YN4QtjxDogR84ZfGjBv4Mg?authuser=0&hl=en&rclk=1,Restaurant,Supermarket & Grocery,4.7,77,9 AM-7 PM,"filipino food, grocery store, prices, egg rolls, pork, take out, cake",
Pinoy Grill Authentic Filipino Street Foods,2324 E Rand Rd,Arlington Heights,IL,60004,US,(224) 210-6132,https://www.pinoygrillchicago.com/,https://www.google.com/maps/place/Pinoy+Grill+Authentic+Filipino+Street+Foods/data=!4m7!3m6!1s0x880fba4a35cfe89d:0x8a7dc5654e61cb8f!8m2!3d42.0962283!4d-87.9546949!16s%2Fg%2F11bxdvcmnl!19sChIJnejPNUq6D4gRj8thTmXFfYo?authuser=0&hl=en&rclk=1,Restaurant,,4.5,445,11:30 AM-8 PM,"platter, halo halo, siopao, egg rolls, bangus sisig, isaw, food truck, pork belly, weather, boodle fight",
Pinoy Pride Cuisine,2501 Wabash Ave,Springfield,IL,62704,US,(217) 572-1203,https://www.pinoypridecuisine.com/,https://www.google.com/maps/place/Pinoy+Pride+Cuisine/data=!4m7!3m6!1s0x88754700796275ed:0x5b322384c854c4d3!8m2!3d39.767511!4d-89.703112!16s%2Fg%2F11wtxdvbfk!19sChIJ7XVieQBHdYgR08RUyIQjMls?authuser=0&hl=en&rclk=1,Restaurant,,4.6,9,11 AM-8 PM,omelette,
RCJM Oriental Store,3935 W Touhy Ave,Lincolnwood,IL,60712,US,(847) 674-2120,,https://www.google.com/maps/place/RCJM+Oriental+Store/data=!4m7!3m6!1s0x880fce5203542189:0xe722da9ea83af235!8m2!3d42.011424!4d-87.727739!16s%2Fg%2F1tfg8851!19sChIJiSFUA1LOD4gRNfI6qJ7aIuc?authuser=0&hl=en&rclk=1,Supermarket & Grocery,,4.4,43,9 AM-6 PM,"prices, filipino food, eggrolls, to go, cashier, lunch, vegetables",
Red Ribbon Bakeshop,753 E Boughton Rd,Bolingbrook,IL,60440,US,(630) 403-0925,https://locations.redribbonbakeshop.com/il/bolingbrook/753-e-boughton-rd?utm_medium=organic&utm_source=local&utm_campaign=googlelistings&utm_content=website&utm_term=1131288,https://www.google.com/maps/place/Red+Ribbon+Bakeshop/data=!4m7!3m6!1s0x880e5b8a4cf035a9:0x15842826493bff53!8m2!3d41.7229272!4d-88.037117!16s%2Fg%2F11s34jhbr3!19sChIJqTXwTIpbDogRU_87SSYohBU?authuser=0&hl=en&rclk=1,"Bakery, Dessert & Cafe",Quick Bites & Turo-Turo,4.4,120,11 AM-7 PM,"empanadas, halo halo, mamon, palabok, ube, ensaymada, mango cake, price, filipino food, brazo de mercedes",
Red Ribbon Bakeshop,5033 N Elston Ave Suite 102L,Chicago,IL,60630,US,(773) 685-5888,https://locations.redribbonbakeshop.com/il/chicago/5033-n-elston-ave?utm_medium=organic&utm_source=local&utm_campaign=googlelistings&utm_content=website&utm_term=1130340,https://www.google.com/maps/place/Red+Ribbon+Bakeshop/data=!4m7!3m6!1s0x880fcc28b8a87f47:0xf5a72e6f7f69922e!8m2!3d41.9731945!4d-87.7454188!16s%2Fg%2F11c2kgtwf3!19sChIJR3-ouCjMD4gRLpJpf28up_U?authuser=0&hl=en&rclk=1,"Bakery, Dessert & Cafe",Quick Bites & Turo-Turo,3.8,117,8 AM-8 PM,"ube, mango cake, prices, mamon, butter, bag, expiration date, mango supreme, halo halo, palabok",
Riceby,433 W Boughton Rd,Bolingbrook,IL,60440,US,(217) 583-4363,https://www.riceby.com/,https://www.google.com/maps/place/Riceby/data=!4m7!3m6!1s0x880e5b83ac3db4b5:0xddb4827d96d72c12!8m2!3d41.7074398!4d-88.0853245!16s%2Fg%2F11wqh98074!19sChIJtbQ9rINbDogREizXln2CtN0?authuser=0&hl=en&rclk=1,Restaurant,,4.5,57,11 AM-8 PM,"onigiri, lumpia, price, pancit, spam musubi, bubble tea, chicken curry, pork belly, bulgogi, cassava",
Ruby's Fast Food,4551 N Pulaski Rd,Chicago,IL,60630,US,(773) 539-2669,https://www.rubysfastfoodchicago.com/,https://www.google.com/maps/place/Ruby%27s+Fast+Food/data=!4m7!3m6!1s0x880fcdc152dafeaf:0xb86a7f0bf70e6071!8m2!3d41.9640519!4d-87.7275692!16s%2Fg%2F1tdb4wq4!19sChIJr_7aUsHND4gRcWAO9wt_arg?authuser=0&hl=en&rclk=1,Restaurant,,4.6,720,10:30 AM-7 PM,"home, buffet, palabok, breakfast, parking, garlic rice, cash, egg rolls, leftovers, dinuguan",
Salamat Po Authentic Filipino Cuisine,212 S Milwaukee Ave,Libertyville,IL,60048,US,(224) 513-5697,https://www.salamatpoauthenticfilipinocuisine.com/,https://www.google.com/maps/place/Salamat+Po+Authentic+Filipino+Cuisine/data=!4m7!3m6!1s0x880f97920e4e77fb:0x466aaa8acabc4b39!8m2!3d42.280955!4d-87.9524419!16s%2Fg%2F11l2hmr71_!19sChIJ-3dODpKXD4gROUu8yoqqakY?authuser=0&hl=en&rclk=1,Restaurant,Quick Bites & Turo-Turo,4.5,57,11 AM-7 PM,"dessert, prices, food safety, BBQ, bacteria, tray, delivery, fishballs, container, room",
SANDOK GROCERY AND BAKERY,14141 S Cicero Ave,Crestwood,IL,60445,US,(708) 925-9683,,https://www.google.com/maps/place/SANDOK+GROCERY+AND+BAKERY/data=!4m7!3m6!1s0x880e3cf5f861bb89:0x60d87774bf5f90bb!8m2!3d41.6349018!4d-87.7370818!16s%2Fg%2F11cs38rx8p!19sChIJibth-PU8DogRu5Bfv3R32GA?authuser=0&hl=en&rclk=1,"Bakery, Dessert & Cafe",,4.3,7,8 AM-7 PM,,
Sariling Atin Restaurant,8702 W Golf Rd,Niles,IL,60714,US,(847) 768-1271,https://www.facebook.com/SarilingAtinFilipinoRestaurant/,https://www.google.com/maps/place/Sariling+Atin+Restaurant/data=!4m7!3m6!1s0x880fc808faa41ce3:0xeab600a1b165b4de!8m2!3d42.0549368!4d-87.8429725!16s%2Fg%2F12lkl8ngk!19sChIJ4xyk-gjID4gR3rRlsaEAtuo?authuser=0&hl=en&rclk=1,Restaurant,,4.2,326,8 AM-6 PM,"prices, buffet, cashier, takeout, dessert, lechon kawali, choose, turon, home, parking",
Savory Crust Gourmet Empanadas,135 E St Charles Rd Unit A,Carol Stream,IL,60188,US,(630) 480-2282,http://savorycrust.com/,https://www.google.com/maps/place/Savory+Crust+Gourmet+Empanadas/data=!4m7!3m6!1s0x880e557128fcaab9:0xd8bac1faf6eaa81c!8m2!3d41.8986254!4d-88.1182371!16s%2Fg%2F11mv4z5hbb!19sChIJuar8KHFVDogRHKjq9vrButg?authuser=0&hl=en&rclk=1,Restaurant,,4.9,243,11 AM-8 PM,"pork belly, argentine beef, picadillo, chimichurri, horchata, rice bowls, dessert empanada, spinach and feta, chicken pot pie, sriracha",
Savory Crust Gourmet Empanadas,7180 Dempster St,Morton Grove,IL,60053,US,(847) 423-2273,http://savorycrust.com/,https://www.google.com/maps/place/Savory+Crust+Gourmet+Empanadas/data=!4m7!3m6!1s0x880fc8920a10866f:0x8a864644395eef83!8m2!3d42.0414672!4d-87.8057912!16s%2Fg%2F11c61v315l!19sChIJb4YQCpLID4gRg-9eOURGhoo?authuser=0&hl=en&rclk=1,Restaurant,,4.5,421,11 AM-8 PM,"pork belly, picadillo, philly cheesesteak, spinach, horchata, chimichurri, pot pie, argentinian empanadas, plantains, guava",
Seafood City Supermarket,5033 N Elston Ave,Chicago,IL,60630,US,(773) 295-1658,http://www.seafoodcity.com/,https://www.google.com/maps/place/Seafood+City+Supermarket/data=!4m7!3m6!1s0x880fcc28b94a836d:0x85a22c61f357d763!8m2!3d41.9728129!4d-87.7455798!16s%2Fg%2F11c52vgg7t!19sChIJbYNKuSjMD4gRY9dX82EsooU?authuser=0&hl=en&rclk=1,Supermarket & Grocery,,4.3,3788,8 AM-9 PM,"filipino food, food court, asian food, grill, street food, halo halo, ube, jollibee, bangus, lechon",
Simple Delights Filipino Bakery & Cafe,9237 Waukegan Rd,Morton Grove,IL,60053,US,(773) 267-2726,https://filipinodelights.com/,https://www.google.com/maps/place/Simple+Delights+Filipino+Bakery+%26+Cafe/data=!4m7!3m6!1s0x880fce15ec22c4ef:0x2a2b1f4ab3ba7320!8m2!3d42.0491352!4d-87.7988393!16s%2Fg%2F1tf58h9g!19sChIJ78Qi7BXOD4gRIHO6s0ofKyo?authuser=0&hl=en&rclk=1,"Bakery, Dessert & Cafe",Restaurant,4.1,74,10 AM-6 PM,"price, pandesal, filipino food, BBQ, halo halo, lunch, lumpia, pancit, ensaymada, pork",
SMC Pampanga Express,2855 Washington St,Waukegan,IL,60085,US,(847) 336-8320,http://www.pampangaexpress.com/,https://www.google.com/maps/place/SMC+Pampanga+Express/data=!4m7!3m6!1s0x880f92be7934602b:0x3e1698995fe06683!8m2!3d42.3590503!4d-87.8723724!16s%2Fg%2F1tkp0cpx!19sChIJK2A0eb6SD4gRg2bgX5mYFj4?authuser=0&hl=en&rclk=1,Restaurant,,4.5,250,11 AM-5 PM,"prices, pancit, pork, to go, adobo, entree, comfort food, lumpia, lechon, coconut chicken",
South Sea Asian Carry Out,451 W Boughton Rd,Bolingbrook,IL,60440,US,(630) 226-5707,https://usmapic.org/details/south-sea-asian-carry-out-ChIJTQt,https://www.google.com/maps/place/South+Sea+Asian+Carry+Out/data=!4m7!3m6!1s0x880e5a2b9b590b4d:0x13d4ed15576f9379!8m2!3d41.7066402!4d-88.0856939!16s%2Fg%2F1ts_75wr!19sChIJTQtZmytaDogReZNvVxXt1BM?authuser=0&hl=en&rclk=1,Restaurant,Supermarket & Grocery,4.3,70,8 AM-4:30 PM,"filipino food, desserts, sisig, sausage, taho, chicken adobo, halo halo, lechon, leche flan, area",
Stix and Noodles,1510 Industrial Dr D,Lake in the Hills,IL,60156,US,(312) 866-1456,http://www.stixandnoodles.com/,https://www.google.com/maps/place/Stix+and+Noodles/data=!4m7!3m6!1s0x880f0d56f15185b5:0xaded4e833e73adf3!8m2!3d42.194131!4d-88.3073325!16s%2Fg%2F11ssfhfdxl!19sChIJtYVR8VYND4gR861zPoNO7a0?authuser=0&hl=en&rclk=1,Restaurant,,4.9,98,,"food truck, pancit, lumpia, BBQ, platter, prices, adobo, garlic fried rice, kitchen, dessert",
SUBO Filipino Kitchen,4712 N Kimball Ave,Chicago,IL,60625,US,(773) 478-2599,http://www.subo41.com/,https://www.google.com/maps/place/SUBO+Filipino+Kitchen/data=!4m7!3m6!1s0x880fcd79fb5623b1:0x574cbc84332c84d8!8m2!3d41.9670305!4d-87.7136934!16s%2Fg%2F11fgjn6_yy!19sChIJsSNW-3nND4gR2IQsM4S8TFc?authuser=0&hl=en&rclk=1,Restaurant,,4.3,267,11 AM-8 PM,"lumpia, bowl, lumpia, pancit, adobo, breakfast, entrees, tocino, skewers, tapa",
The Bakehouse,1504 Bloomingdale Rd,Glendale Heights,IL,60139,US,(630) 510-8226,,https://www.google.com/maps/place/The+Bakehouse/data=!4m7!3m6!1s0x880faca56392177f:0xfcea2edfbe87317c!8m2!3d41.9139443!4d-88.0819342!16s%2Fg%2F1vc82df_!19sChIJfxeSY6WsD4gRfDGHvt8u6vw?authuser=0&hl=en&rclk=1,Restaurant,"Bakery, Dessert & Cafe",4.1,88,9 AM-7 PM,"price, empanadas, bakery, take out, container, egg rolls, hopia, buffet, pandesal, siopao",
The Lumpia House and Truck,1731 S MacArthur Blvd,Springfield,IL,62704,US,(447) 448-8262,https://www.thelumpiatruck.us/,https://www.google.com/maps/place/The+Lumpia+House+and+Truck/data=!4m7!3m6!1s0x88753915a8731633:0x95c76f1f54f0c395!8m2!3d39.7814086!4d-89.6686146!16s%2Fg%2F11wg56ty9m!19sChIJMxZzqBU5dYgRlcPwVB9vx5U?authuser=0&hl=en&rclk=1,Restaurant,,4.7,97,11 AM-9 PM,"filipino food, bowl, pork adobo, broth, lechon kawali, karaoke, food truck, pork sisig, state fair, garlic rice",
Tita Mia's Filipino Restaurant & Cafe,8520 W Golf Rd,Niles,IL,60714,US,(224) 938-9955,,https://www.google.com/maps/place/Tita+Mia%27s+Filipino+Restaurant+%26+Cafe/data=!4m7!3m6!1s0x880fc99527654a5d:0x87aef0b742a0ffc7!8m2!3d42.0561117!4d-87.8367799!16s%2Fg%2F11fn0d9x25!19sChIJXUplJ5XJD4gRx_-gQrfwroc?authuser=0&hl=en&rclk=1,Restaurant,,4.2,556,11 AM-9 PM,"halo halo, party, crispy pata, lumpia, tip, korean dishes, ube cake, lomi, chicken adobo, music",
Umaga Bakehouse,4703 W Foster Ave,Chicago,IL,60630,US,(872) 250-3565,https://www.umagabakehouse.com/,https://www.google.com/maps/place/Umaga+Bakehouse/data=!4m7!3m6!1s0x880fcd5eba6a3373:0x307ce20734bce3c!8m2!3d41.9741446!4d-87.7459561!16s%2Fg%2F11vwkqgq6z!19sChIJczNqul7ND4gRPM5LcyDOBwM?authuser=0&hl=en&rclk=1,"Bakery, Dessert & Cafe",,4.6,254,8 AM-8 PM,"spanish bread, filipino, ube, pandesal, empanada, halo halo, ingredients, ensaymada, jackfruit, siopao",
U-MART Foods & Bake Shop,1038 W Golf Rd,Hoffman Estates,IL,60169,US,(847) 755-1082,http://umartfoods.wixsite.com/hoffman,https://www.google.com/maps/place/U-MART+Foods+%26+Bake+Shop/data=!4m7!3m6!1s0x880fa9f0cb78cf9f:0x68b44bc8f0790a40!8m2!3d42.0485189!4d-88.1063747!16s%2Fg%2F11q1t_jtkv!19sChIJn894y_CpD4gRQAp58MhLtGg?authuser=0&hl=en&rclk=1,Restaurant,,4,49,9 AM-6 PM,"egg rolls, prices, people, manager, pay, mom, adobo, selection, pork",
Uncle Mike's Place,1700 W Grand Ave,Chicago,IL,60622,US,(312) 226-5318,http://www.unclemikesplace.com/,https://www.google.com/maps/place/Uncle+Mike%27s+Place/data=!4m7!3m6!1s0x880e2d31899e2b6d:0xf40aed2935a366d5!8m2!3d41.8910764!4d-87.6699019!16s%2Fg%2F1tcyg169!19sChIJbSueiTEtDogR1WajNSntCvQ?authuser=0&hl=en&rclk=1,Restaurant,,4.7,1565,6 AM-2 PM,"tocino, porridge, longanisa, champorado, spam, sausage, pancakes, hash browns, pork shoulder, rice pudding",
Valerio's Tropical Bakeshop,5033 N Elston Ave,Chicago,IL,60630,US,(773) 685-5115,http://www.valeriostropicalbakeshop.com/,https://www.google.com/maps/place/Valerio%27s+Tropical+Bakeshop/data=!4m7!3m6!1s0x880fcc28eaf3025b:0x54f3a83bbafd57ec!8m2!3d41.9732967!4d-87.7455088!16s%2Fg%2F11cs2wbwy8!19sChIJWwLz6ijMD4gR7Ff9ujuo81Q?authuser=0&hl=en&rclk=1,"Bakery, Dessert & Cafe",,3.2,82,8 AM-8 PM,"price, pay, ube, pandesal, sugar, turon, ensaymada, puto, pimento cheese, plastic bag",
Val's Kitchen and Plus,737 Plainfield Rd,Darien,IL,60561,US,(630) 537-1698,https://valskitchenandplus.weebly.com/,https://www.google.com/maps/place/Val%27s+Kitchen+and+Plus/data=!4m7!3m6!1s0x880e4fdcdfaf334d:0x275c8284e9ea9410!8m2!3d41.7525293!4d-87.9631137!16s%2Fg%2F11syrm8v35!19sChIJTTOv39xPDogREJTq6YSCXCc?authuser=0&hl=en&rclk=1,Restaurant,,4.5,43,9 AM-6 PM,"price, catering, fried, lumpia, pancit, mind, parking, adobo, pork, dessert",
Wake 'n Bacon,420 W Belmont Ave,Chicago,IL,60657,US,(773) 880-5100,http://www.eatwakenbacon.com/,https://www.google.com/maps/place/Wake+%E2%80%98n+Bacon/data=!4m7!3m6!1s0x880fd3b177887b55:0xd66a0f52b44e1fa7!8m2!3d41.9402209!4d-87.6403387!16s%2Fg%2F11jlgfpvf6!19sChIJVXuId7HTD4gRpx9OtFIPatY?authuser=0&hl=en&rclk=1,Restaurant,Quick Bites & Turo-Turo,4.1,788,8 AM-4 PM,"chicken and waffles, tater tots, photo booth, ube, qr code, turtle, crepes, bubble waffle, maple, adobo",
Ysabel's Grill Asian Cuisine,4908 W Irving Park Rd,Chicago,IL,60641,US,(773) 481-3781,http://ysabelschicago.wixsite.com/ysabels,https://www.google.com/maps/place/Ysabel%27s+Grill+Asian+Cuisine/data=!4m7!3m6!1s0x880fcc46eb343623:0x507cc0a7d4717bc!8m2!3d41.9536191!4d-87.7503051!16s%2Fg%2F1tf60wvl!19sChIJIzY060bMD4gRvBdHfQrMBwU?authuser=0&hl=en&rclk=1,Restaurant,,4.2,142,6 PM-1 AM,"karaoke, BYOB, song, star, hospitality, home, beer, evening, server, atmosphere",
Amer-Fil Foodmart,1075 Easton Ave # 1,Somerset,NJ,8873,US,(732) 220-6536,,https://www.google.com/maps/place/Amer-Fil+Foodmart/data=!4m7!3m6!1s0x89c3c72f76bd7ec7:0x22b7304f7c47206a!8m2!3d40.5172819!4d-74.4887316!16s%2Fg%2F1tjl6vnx!19sChIJx369di_Hw4kRaiBHfE8wtyI?authuser=0&hl=en&rclk=1,Restaurant,Supermarket & Grocery,4.7,25,10 AM-6 PM,"pancit, banana, wings, bbq pork, grocery store",
American Pinoy Food Mart,9 S Washington Ave,Bergenfield,NJ,7621,US,(201) 384-9222,,https://www.google.com/maps/place/American+Pinoy+Food+Mart/data=!4m7!3m6!1s0x89c2f04610c9b75b:0xef4f724c87deeb7b!8m2!3d40.9274869!4d-73.9960423!16s%2Fg%2F1tkrmqtb!19sChIJW7fJEEbwwokRe-veh0xyT-8?authuser=0&hl=en&rclk=1,Supermarket & Grocery,,4.4,59,9 AM-7 PM,"cashier, prices, selection, balut",
Angry Archies,565 Palisade Ave,Jersey City,NJ,7307,US,(973) 747-2124,https://www.angryarchies.com/,https://www.google.com/maps/place/Angry+Archies/data=!4m7!3m6!1s0x89c2575ad8c820cb:0xd1497bf054cffa69!8m2!3d40.7479018!4d-74.0420852!16s%2Fg%2F11h7v7mxst!19sChIJyyDI2FpXwokRafrPVPB7SdE?authuser=0&hl=en&rclk=1,Food Truck & Pop-Up,,4.5,228,11:30 AM-9 PM,"lobster roll, poutine, crab, truffle fries, chicken sandwich, seafood, lobster mac and cheese, clam chowder, potato salad, lobster meat",
Asian American Food Mart,23 Veterans Plaza,Bergenfield,NJ,7621,US,(201) 244-0944,,https://www.google.com/maps/place/Asian+American+Food+Mart/data=!4m7!3m6!1s0x89c2f044498fd365:0x32bd262d0856b580!8m2!3d40.9286691!4d-73.9978884!16s%2Fg%2F1td215nh!19sChIJZdOPSUTwwokRgLVWCC0mvTI?authuser=0&hl=en&rclk=1,Restaurant,Supermarket & Grocery,4.7,24,8 AM-5 PM,"turon, price, pc, party, parking",
Asian Food Market Jersey City,701 NJ-440,Jersey City,NJ,7304,US,(201) 333-8898,http://www.asianfoodmarkets.com/,https://www.google.com/maps/place/Asian+Food+Market+Jersey+City/data=!4m7!3m6!1s0x89c25139c418dab3:0xed2954402e39090d!8m2!3d40.7194026!4d-74.0962896!16s%2Fg%2F1ptz6cdb6!19sChIJs9oYxDlRwokRDQk5LkBUKe0?authuser=0&hl=en&rclk=1,Supermarket & Grocery,,4.2,1202,9 AM-7:30 PM,"fish, produce, fresh, clean, bakery, smells, parking, roast duck, canned, mushrooms",
Bahay Kubo Mart,444 West Side Ave,Jersey City,NJ,7304,US,,,https://www.google.com/maps/place/Bahay+Kubo+Mart/data=!4m7!3m6!1s0x89c25100729042ff:0x30ec238d8fb3af45!8m2!3d40.716358!4d-74.0857172!16s%2Fg%2F11wxxqmrs1!19sChIJ_0KQcgBRwokRRa-zj40j7DA?authuser=0&hl=en&rclk=1,Restaurant,,5,4,9 AM-7 PM,snacks,
Bamboo Grill,54 S Washington Ave A,Bergenfield,NJ,7621,US,(201) 384-5951,http://www.bamboo-grill.com/,https://www.google.com/maps/place/Bamboo+Grill/data=!4m7!3m6!1s0x89c2f0453d8b659f:0xabce7546fcfea782!8m2!3d40.9260215!4d-73.9970245!16s%2Fg%2F1tpf81fz!19sChIJn2WLPUXwwokRgqf-_EZ1zqs?authuser=0&hl=en&rclk=1,Restaurant,,4.4,283,11 AM-8:30 PM,"price, halo halo, sinigang, to go, pork, crispy pata, BBQ, dessert, dinner, lumpia",
Barangay Grill & Food Mart,1045A Stuyvesant Ave.,Union,NJ,7083,US,(908) 964-3500,,https://www.google.com/maps/place/Barangay+Grill+%26+Food+Mart/data=!4m7!3m6!1s0x89c3ada1ce9b0b61:0xd2bd0e7b7f215903!8m2!3d40.6970308!4d-74.2681378!16s%2Fg%2F1tf9zc2n!19sChIJYQubzqGtw4kRA1khf3sOvdI?authuser=0&hl=en&rclk=1,Restaurant,,3.9,68,9 AM-6 PM,"parking, price",
Blue Ribbon Kitchen,195 Mallory Ave,Jersey City,NJ,7304,US,(201) 938-0838,https://usrestcafe.com/jersey-city/492544-blue-ribbon-kitchen,https://www.google.com/maps/place/Blue+Ribbon+Kitchen/data=!4m7!3m6!1s0x89c2512f91c62f5f:0x1ac5a1c6cb4db7b0!8m2!3d40.7211168!4d-74.0869404!16s%2Fg%2F12628vh7q!19sChIJXy_GkS9RwokRsLdNy8ahxRo?authuser=0&hl=en&rclk=1,Restaurant,,4.2,87,9 AM-4 PM,"to go, price, lumpia",
Cafe Pilipino,530 Newark Ave,Jersey City,NJ,7306,US,(201) 659-3880,https://www.cafepilipinojerseycity.com/,https://www.google.com/maps/place/Cafe+Pilipino/data=!4m7!3m6!1s0x89c2573677770e3d:0x50d642ebf9447d47!8m2!3d40.7307908!4d-74.0557952!16s%2Fg%2F11bxbb0k78!19sChIJPQ53dzZXwokRR31E-etC1lA?authuser=0&hl=en&rclk=1,Restaurant,,4,72,7 AM-5 PM,"price, bakery, combo meal, adobo, pancit, lumpia, halo halo, eggplant, pandesal, chew",
Casa Manila Restaurant,8 Bedford Ave,Bergenfield,NJ,7621,US,(201) 385-0388,,https://www.google.com/maps/place/Casa+Manila+Restaurant/data=!4m7!3m6!1s0x89c2f045252a0411:0x3dc3cb2d53886970!8m2!3d40.9254084!4d-73.9971759!16s%2Fg%2F11bbyd6345!19sChIJEQQqJUXwwokRcGmIUy3Lwz0?authuser=0&hl=en&rclk=1,Restaurant,,3.9,83,8:30 AM-7 PM,"price, take out, oily, cafeteria, bathroom, seating, chicken soup, space, needs, fried chicken",
Casa Victoria,691 Newark Ave,Jersey City,NJ,7306,US,(201) 216-1055,http://www.casavictorianj.com/,https://www.google.com/maps/place/Casa+Victoria/data=!4m7!3m6!1s0x89c25730c6f6efd7:0x75e558fc9d1368bb!8m2!3d40.7349125!4d-74.0603376!16s%2Fg%2F1tg5d02f!19sChIJ1-_2xjBXwokRu2gTnfxY5XU?authuser=0&hl=en&rclk=1,Restaurant,"Bakery, Dessert & Cafe",3.7,96,8 AM-7 PM,"price, cake, plants, empanada, lechon, balut, payment, catered, hopia, groceries",
Cusinera,66 S Washington Ave,Bergenfield,NJ,7621,US,(201) 384-8977,,https://www.google.com/maps/place/Cusinera/data=!4m7!3m6!1s0x89c2f0453bc09e23:0xe13a7b6edff538e!8m2!3d40.9256583!4d-73.9968222!16s%2Fg%2F1260lzkch!19sChIJI57AO0XwwokRjlP_7banEw4?authuser=0&hl=en&rclk=1,Restaurant,,4.6,103,8 AM-5 PM,"breakfast, tapsilog, price, cash, lumpia, comfort food, bangus, halo halo",
Familya Kusina Fil-AM Restaurant & Store,3003 English Creek Ave # A6,Egg Harbor Township,NJ,8234,US,(609) 808-1459,https://www.facebook.com/familyakusina,https://www.google.com/maps/place/Familya+Kusina+Fil-AM+Restaurant+%26+Store/data=!4m7!3m6!1s0x89c0c3f05554402d:0xa021d1aec38e511a!8m2!3d39.4341745!4d-74.6143693!16s%2Fg%2F11fk3v166t!19sChIJLUBUVfDDwIkRGlGOw67RIaA?authuser=0&hl=en&rclk=1,Restaurant,,4.7,86,11 AM-3 PM,"dessert, pancit, lumpia, pork, price, sisig, home, bahay kubo, platter, appetizer",
Fiesta Pilipino Restaurant and Groceries,1246 NJ-27,Colonia,NJ,7067,US,(732) 499-2000,https://fiestapilipino.wordpress.com/,https://www.google.com/maps/place/Fiesta+Pilipino+Restaurant+and+Groceries/data=!4m7!3m6!1s0x89c3b54f508b2909:0x15412b03bc12b9a6!8m2!3d40.5921443!4d-74.294761!16s%2Fg%2F11j9d2m4z4!19sChIJCSmLUE-1w4kRprkSvAMrQRU?authuser=0&hl=en&rclk=1,Restaurant,Supermarket & Grocery,4,68,10 AM-6:30 PM,"price, pork, selection, buffet, kaldereta, trays, bbq chicken, cafeteria, pictures, adobo",
Filipino Food Express,1030 US-22,North Plainfield,NJ,7060,US,(908) 222-2089,https://www.facebook.com/SugarJoyBakehouse/,https://www.google.com/maps/place/Filipino+Food+Express/data=!4m7!3m6!1s0x89c3b94a1ccab821:0xe33fe982fe792058!8m2!3d40.6194267!4d-74.4494835!16s%2Fg%2F11g4fxz7hj!19sChIJIbjKHEq5w4kRWCB5_oLpP-M?authuser=0&hl=en&rclk=1,"Bakery, Dessert & Cafe",,4.1,12,,"buns, ube, sweet",
Filipino Foodmart,322 Inman Ave,Colonia,NJ,7067,US,(973) 671-0515,https://www.filipinofoodmart.com/,https://www.google.com/maps/place/Filipino+Foodmart/data=!4m7!3m6!1s0x89c3b7644cb91333:0x749a18ba1ad26169!8m2!3d40.6002723!4d-74.3160894!16s%2Fg%2F11ltww2shp!19sChIJMxO5TGS3w4kRaWHSGroYmnQ?authuser=0&hl=en&rclk=1,Restaurant,Supermarket & Grocery,4.8,23,9:30 AM-6:30 PM,"pork, adobo, lumpia, bottle, chicken bbq, sinigang, sisig, fried, pancit, price",
Five Chris Catering,7 Franklin Ave #1,Nutley,NJ,7110,US,(973) 542-0111,,https://www.google.com/maps/place/Five+Chris+Catering/data=!4m7!3m6!1s0x89c2559ced235801:0x7fddc2fe5eabe420!8m2!3d40.8088804!4d-74.1666642!16s%2Fg%2F1tdw4cxd!19sChIJAVgj7ZxVwokRIOSrXv7C3X8?authuser=0&hl=en&rclk=1,Restaurant,Quick Bites & Turo-Turo,3.7,74,9 AM-8 PM,"filipino food, buffet, price, cockroach, pancit, spring roll, take out, tray, meat, kids",
FOODbites Filipino Grocery and Cuisine,1255 Stuyvesant Ave.,Union,NJ,7083,US,(908) 349-8849,,https://www.google.com/maps/place/FOODbites+Filipino+Grocery+and+Cuisine/data=!4m7!3m6!1s0x89c3adf0d9b51b85:0x411bef66bd37e8ed!8m2!3d40.6996764!4d-74.2654789!16s%2Fg%2F11v0tdc95l!19sChIJhRu12fCtw4kR7eg3vWbvG0E?authuser=0&hl=en&rclk=1,Supermarket & Grocery,,4.7,54,9 AM-6:30 PM,"filipino food, prices, choices, parking, shelves, smell, fried, organized, sinigang, home",
Golden Bread Bakeshop & Grill,1700 Oak Tree Rd Ste 11,Edison,NJ,8820,US,(732) 548-9880,https://m.facebook.com/goldenbreadbakeshopandgrilledisonnj/,https://www.google.com/maps/place/Golden+Bread+Bakeshop+%26+Grill/data=!4m7!3m6!1s0x89c3b6f7349c9b4f:0xf7114c482cb14edf!8m2!3d40.5732405!4d-74.3455144!16s%2Fg%2F1tgwbvm9!19sChIJT5ucNPe2w4kR306xLEhMEfc?authuser=0&hl=en&rclk=1,Restaurant,,4.5,133,8 AM-6 PM,"bbq, kare-kare, pancit, desserts, price, catering, lumpia, to go, beef steak, noche buena",
Grand Apollo Fast Food & Grocery,472 West Side Ave,Jersey City,NJ,7304,US,(201) 309-0557,http://www.grandapollofastfood.com/,https://www.google.com/maps/place/Grand+Apollo+Fast+Food+%26+Grocery/data=!4m7!3m6!1s0x89c251244eeadd1b:0x28fe6370657a665b!8m2!3d40.7171132!4d-74.0847557!16s%2Fg%2F1xpwkpqg!19sChIJG93qTiRRwokRW2Z6ZXBj_ig?authuser=0&hl=en&rclk=1,Restaurant,,4.2,93,7 AM-6 PM,"prices, bbq, party, selection, lumpia, kare kare, name, plate",
Hamilton Fil-Am Foodmart,88 Flock Rd,Trenton,NJ,8619,US,(609) 528-0655,,https://www.google.com/maps/place/Hamilton+Fil-Am+Foodmart/data=!4m7!3m6!1s0x89c15f53be827b4b:0x9109b7518727e7bc!8m2!3d40.2496586!4d-74.6831368!16s%2Fg%2F1tkvbnxj!19sChIJS3uCvlNfwYkRvOcnh1G3CZE?authuser=0&hl=en&rclk=1,Supermarket & Grocery,,4.7,56,9:30 AM-5 PM,"filipino food, clean, price",
Island Central,329 Central Ave,Jersey City,NJ,7307,US,(201) 526-0252,https://www.islandcentraljerseycity.com/,https://www.google.com/maps/place/Island+Central/data=!4m7!3m6!1s0x89c257003a3c5ccd:0x42b7e070d7159ddf!8m2!3d40.746373!4d-74.0494518!16s%2Fg%2F11mccdd4f9!19sChIJzVw8OgBXwokR350V13Dgt0I?authuser=0&hl=en&rclk=1,Restaurant,,4.9,119,10 AM-10 PM,"karaoke, kare kare, music, halo halo, atmosphere, pancit, sisig, pinakbet, boba, addition",
Jayhan's Grill,456 West Side Ave,Jersey City,NJ,7304,US,(201) 360-2056,https://www.jayhansgrill.com/,https://www.google.com/maps/place/Jayhan%27s+Grill/data=!4m7!3m6!1s0x89c25133d99f266b:0x8725509e2e71c5a0!8m2!3d40.7166692!4d-74.0851554!16s%2Fg%2F11ftvkmwpf!19sChIJayaf2TNRwokRoMVxLp5QJYc?authuser=0&hl=en&rclk=1,Restaurant,,4.2,197,11 AM-7:30 PM,"price, take out, pork sisig, street food, BBQ, kare-kare, halo halo, bangus, chicken inasal, garlic rice",
Kabayan,1421-D Stuyvesant Ave.,Union,NJ,7083,US,(908) 964-6806,https://www.facebook.com/KabayanUnion/,https://www.google.com/maps/place/Kabayan/data=!4m7!3m6!1s0x89c3ad088676b18b:0xd957144ea0c44010!8m2!3d40.7047173!4d-74.2615644!16s%2Fg%2F1tg2ff72!19sChIJi7F2hgitw4kREEDEoE4UV9k?authuser=0&hl=en&rclk=1,Supermarket & Grocery,,4.4,108,9:30 AM-6:30 PM,"prices, take out, kare-kare, adobo, bbq, pancit, baked, choices",
Kafe de Manila,120 W Main St Suite B,Somerville,NJ,8876,US,(908) 894-0618,https://www.facebook.com/kafedemanila920?mibextid=LQQJ4d,https://www.google.com/maps/place/Kafe+de+Manila+%F0%9F%92%9C/data=!4m7!3m6!1s0x89c3ebbd3f4f4161:0x71ee95f697317892!8m2!3d40.5695885!4d-74.615178!16s%2Fg%2F11hm6jmlnl!19sChIJYUFPP73rw4kRkngxl_aV7nE?authuser=0&hl=en&rclk=1,"Bakery, Dessert & Cafe",,4.8,154,12-7 PM,"ube, filipino, boba, halo halo, float, taro slush, taho, sans rival, tres leches, banana pudding",
Kapamilya Philippine Cuisine,4226 US-9,Howell Township,NJ,7731,US,(732) 363-5798,,https://www.google.com/maps/place/Kapamilya+Philippine+Cuisine/data=!4m7!3m6!1s0x89c17f798ff7f26b:0x1dcee10f5c5d6caa!8m2!3d40.1491748!4d-74.2274343!16s%2Fg%2F1tdfp4_z!19sChIJa_L3j3l_wYkRqmxdXA_hzh0?authuser=0&hl=en&rclk=1,Restaurant,,4.5,36,8 AM-5 PM,"grocery store, pork",
Kapamilya Philippine Grocery,4228 US-9,Howell Township,NJ,7731,US,(732) 363-5797,,https://www.google.com/maps/place/Kapamilya+Philippine+Grocery/data=!4m7!3m6!1s0x89c17f79a6ca4f25:0xb3b00b5d20134da4!8m2!3d40.1492759!4d-74.2274669!16s%2Fg%2F1tslkmt8!19sChIJJU_Kpnl_wYkRpE0TIF0LsLM?authuser=0&hl=en&rclk=1,Supermarket & Grocery,,4.6,32,8 AM-5 PM,"BBQ, adobo, noodles",
Kapampangan's Best,83 S Washington Ave,Bergenfield,NJ,7621,US,(201) 771-7272,https://busidirect.org/details/kapampangan-s-best-ChIJ_T9,https://www.google.com/maps/place/Kapampangan%E2%80%99s+Best/data=!4m7!3m6!1s0x89c2f164d26b3ffd:0xd47fb2a3a01d28e3!8m2!3d40.924965!4d-73.9967074!16s%2Fg%2F11hzhyjyr8!19sChIJ_T9r0mTxwokR4ygdoKOyf9Q?authuser=0&hl=en&rclk=1,Restaurant,,4.4,22,8 AM-6 PM,sinigang,
Kusina Ni Inang,104 Flock Rd,Hamilton Township,NJ,8619,US,(609) 587-8755,http://www.kusinaniinang.com/,https://www.google.com/maps/place/Kusina+Ni+Inang/data=!4m7!3m6!1s0x89c15f53c8fa7af1:0x9bfb1def1c3e0a55!8m2!3d40.2496097!4d-74.6824713!16s%2Fg%2F1td0ny7l!19sChIJ8Xr6yFNfwYkRVQo-HO8d-5s?authuser=0&hl=en&rclk=1,Restaurant,,4.5,312,8 AM-5 PM,"price, pork, desserts, home, area, food truck, microwaved, lechon, temperature, picnic",
Leo's Barbecue,4947 Stelton Rd,South Plainfield,NJ,7080,US,(908) 668-5050,,https://www.google.com/maps/place/Leo%27s+Barbecue/data=!4m7!3m6!1s0x89c3b872bdcb7cc7:0x29794748ae7fbf04!8m2!3d40.5512112!4d-74.4291115!16s%2Fg%2F1t_khgrb!19sChIJx3zLvXK4w4kRBL9_rkhHeSk?authuser=0&hl=en&rclk=1,Restaurant,,4.3,187,10 AM-6 PM,"filipino food, bbq skewers, pork, lunch, pancit, rice, halo-halo, teriyaki chicken, lumpia, sisig",
Little Divisoria (Filipino-Asian Store),1594 Lakewood Rd,Toms River,NJ,8755,US,(732) 914-8203,https://www.facebook.com/LittleDivisoriaKusina?mibextid=LQQJ4d&mibextid=LQQJ4d,https://www.google.com/maps/place/Little+Divisoria+%28Filipino-Asian+Store%29/data=!4m7!3m6!1s0x89c19d63cf32a5cf:0x390a11322173c104!8m2!3d40.0077428!4d-74.2166856!16s%2Fg%2F1td1wby5!19sChIJz6Uyz2OdwYkRBMFzITIRCjk?authuser=0&hl=en&rclk=1,Supermarket & Grocery,,4.4,83,9 AM-7 PM,"dessert, produce, selection",
Little Kusina,1594 US-9,Toms River,NJ,8755,US,(732) 914-1972,https://www.facebook.com/share/1J32maGJhR/?mibextid=wwXIfr,https://www.google.com/maps/place/Little+Kusina/data=!4m7!3m6!1s0x89c19d619057c93b:0x6af334c96e7be0fc!8m2!3d40.0078144!4d-74.2163735!16s%2Fg%2F126375w83!19sChIJO8lXkGGdwYkR_OB7bsk082o?authuser=0&hl=en&rclk=1,Restaurant,,4.6,69,10 AM-6 PM,"price, lumpia, comfort food, chef, sell, products, home",
Little Quiapo,530 Newark Ave C,Jersey City,NJ,7306,US,(201) 656-0384,https://www.facebook.com/pages/Little-Quiapo/115799368440880,https://www.google.com/maps/place/Little+Quiapo/data=!4m7!3m6!1s0x89c25736780b80f1:0x8e3c1e95adca8073!8m2!3d40.7310856!4d-74.0556444!16s%2Fg%2F1tfp_rh7!19sChIJ8YALeDZXwokRc4DKrZUePI4?authuser=0&hl=en&rclk=1,Restaurant,,4.4,183,8 AM-4 PM,"breakfast, halo halo, prices, cash, tapsilog, to go, entrees, male, torta, ethic",
Lutong Bahay Restaurant,20 W Somerset St,Raritan,NJ,8869,US,(908) 541-0770,,https://www.google.com/maps/place/Lutong+Bahay+Restaurant/data=!4m7!3m6!1s0x89c3ead35035d7d3:0xaa0e7e9048d4ac2c!8m2!3d40.567856!4d-74.633927!16s%2Fg%2F1tg5_l38!19sChIJ09c1UNPqw4kRLKzUSJB-Dqo?authuser=0&hl=en&rclk=1,Restaurant,,4.2,115,7 AM-7 PM,"prices, turon, lumpia, breakfast, pork, adobo, crispy pata, silog, lechon, pancit",
Luzviminda Grocery and Restaurant,49 Lafayette Rd,Fords,NJ,8863,US,(732) 710-3350,,https://www.google.com/maps/place/Luzviminda+Grocery+and+Restaurant/data=!4m7!3m6!1s0x89c3b70cc5f20527:0xf041030f93fde99e!8m2!3d40.5479301!4d-74.3227756!16s%2Fg%2F11np31pfzw!19sChIJJwXyxQy3w4kRnun9kw8DQfA?authuser=0&hl=en&rclk=1,Restaurant,,4.6,130,10 AM-8 PM,"sinigang, groceries, seafood, price, atmosphere, home, grilled, halo halo, sisig, chicken afritada",
Mama Fina's,253 Main St,Hackensack,NJ,7601,US,(201) 773-0975,http://www.mamafinas.com/,https://www.google.com/maps/place/Mama+Fina%27s/data=!4m7!3m6!1s0x89c2fba36b5fa009:0xaa400fd297949c27!8m2!3d40.8863309!4d-74.0418775!16s%2Fg%2F1263cyjvl!19sChIJCaBfa6P7wokRJ5yUl9IPQKo?authuser=0&hl=en&rclk=1,Restaurant,,4.2,477,11 AM-8 PM,"take out, pork sisig, cash, grocery, squid sisig, turon, sinigang, order, garlic rice, pan",
Manila Cafe & Asian Mart,200 Larchmont Blvd,Mt Laurel Township,NJ,8054,US,(856) 222-0604,http://www.manilacafenj.net/,https://www.google.com/maps/place/Manila+Cafe+%26+Asian+Mart/data=!4m7!3m6!1s0x89c1360653f494e9:0x4f78d7f8f781de2e!8m2!3d39.9531183!4d-74.8710617!16s%2Fg%2F1tdrg84c!19sChIJ6ZT0UwY2wYkRLt6B9_jXeE8?authuser=0&hl=en&rclk=1,Restaurant,,4.7,468,10 AM-7 PM,"halo halo, dessert, grocery, kare kare, take out, egg rolls, catering, skewers, lechon, market",
Manila Central Market & Restaurant,5101 NJ-42,Blackwood,NJ,8012,US,(856) 352-2139,https://www.facebook.com/Manila-Central-Market-Restaurant-113528685416517/,https://www.google.com/maps/place/Manila+Central+Market+%26+Restaurant/data=!4m7!3m6!1s0x89c6d3f04ade2f45:0x7e16997eca91f60e!8m2!3d39.75125!4d-75.0467877!16s%2Fg%2F1tmqmr9r!19sChIJRS_eSvDTxokRDvaRyn6ZFn4?authuser=0&hl=en&rclk=1,Supermarket & Grocery,Restaurant,4.6,151,10 AM-7 PM,"take out, groceries, pancit, prices, pork, products, BBQ, lumpia, empanadas, instant noodles",
Maricel's,111 Main St,East Brunswick,NJ,8816,US,(732) 497-2698,http://maricelskitchen.com/,https://www.google.com/maps/place/Maricel%27s/data=!4m7!3m6!1s0x89c3cfbe3b8577bb:0x3182b6aa808ae54!8m2!3d40.4119432!4d-74.3696522!16s%2Fg%2F11h4h28sx8!19sChIJu3eFO77Pw4kRVK4IqGorGAM?authuser=0&hl=en&rclk=1,Restaurant,,4.9,94,9 AM-5 PM,"learned, chef, fun, empanadas, kitchen, team, teacher, atmosphere, dough, lesson",
Masagana Enterprises Inc,80 Franklin St,Belleville,NJ,7109,US,(973) 759-1449,http://masagananj.com/,https://www.google.com/maps/place/Masagana+Enterprises+Inc/data=!4m7!3m6!1s0x89c254fc550b94af:0xa2529b73929a270a!8m2!3d40.7802063!4d-74.1793698!16s%2Fg%2F1wyc57f7!19sChIJr5QLVfxUwokRCieaknObUqI?authuser=0&hl=en&rclk=1,Restaurant,,4.3,103,8 AM-7 PM,"prices, groceries, home, comfort food, deserts, choice",
Meryendang Pinoy,283 Newark Ave,Jersey City,NJ,7302,US,(551) 229-7172,,https://www.google.com/maps/place/Meryendang+Pinoy/data=!4m7!3m6!1s0x89c251002474d829:0x6d886227bd9faa87!8m2!3d40.7233679!4d-74.0499432!16s%2Fg%2F11w3_1n9cq!19sChIJKdh0JABRwokRh6qfvSdiiG0?authuser=0&hl=en&rclk=1,Restaurant,,4.8,134,12-8 PM,"fish balls, ice scramble, street food, comfort food, taho, ngoh hiang, instagram, silog, nostalgic, catering",
New Barbecue Pit,100 N Washington Ave,Bergenfield,NJ,7621,US,(201) 439-0522,,https://www.google.com/maps/place/New+Barbecue+Pit/data=!4m7!3m6!1s0x89c2f0463c80526d:0x7f815eba235ea776!8m2!3d40.9309034!4d-73.9958838!16s%2Fg%2F1tcvvssj!19sChIJbVKAPEbwwokRdqdeI7pegX8?authuser=0&hl=en&rclk=1,Restaurant,,3.5,76,11 AM-8 PM,"take out, sisig, pig, home, ribs, lechon, thanksgiving, party, sandwich, cafeteria",
Next Door Provisions,"The Agnes, 146 Yale Ave",Jersey City,NJ,7304,US,(201) 408-0237,https://www.nextdoorprovisions.com/,https://www.google.com/maps/place/Next+Door+Provisions/data=!4m7!3m6!1s0x89c251f1ffc1671d:0x61f8723673ddc28f!8m2!3d40.7183572!4d-74.0928781!16s%2Fg%2F11t0q6h_k6!19sChIJHWfB__FRwokRj8LdczZy-GE?authuser=0&hl=en&rclk=1,Restaurant,,5,120,"11 AM-3 PM, 5-8 PM","brunch, kare kare, mafaldine, filipino food, tortang talong, katsu sando, squid ink, bibingka, kamayan, french toast",
Noypi Filipino-Asian Grocery,231 Wanaque Ave,Pompton Lakes,NJ,7442,US,(973) 907-2584,,https://www.google.com/maps/place/Noypi+Filipino-Asian+Grocery/data=!4m7!3m6!1s0x89c31cb779dc3355:0x124474a1bb377625!8m2!3d41.0046217!4d-74.291608!16s%2Fg%2F1tfgkrnb!19sChIJVTPcebccw4kRJXY3u6F0RBI?authuser=0&hl=en&rclk=1,Supermarket & Grocery,,4.6,60,9 AM-7 PM,"filipino food, sinigang",
Pampanguena's Restaurant,561 West Side Ave,Jersey City,NJ,7304,US,(201) 706-3523,https://www.facebook.com/PampaguenaRestaurant,https://www.google.com/maps/place/Pampangue%C3%B1a%27s+Restaurant/data=!4m7!3m6!1s0x89c251d1ade96225:0x9cec4ac3292f4a54!8m2!3d40.720082!4d-74.0822251!16s%2Fg%2F11t5nl51nk!19sChIJJWLprdFRwokRVEovKcNK7Jw?authuser=0&hl=en&rclk=1,Restaurant,,4.7,52,7 AM-7 PM,"price, all you can eat, catering, lechon kawali, party, bbq chicken, pineapple juice, tax, dinuguan, menudo",
Phil-Am,405 NJ-18,East Brunswick,NJ,8816,US,(732) 257-8800,https://www.facebook.com/PhilAmEnterprises,https://www.google.com/maps/place/Phil-Am/data=!4m7!3m6!1s0x89c3cf505c2c4071:0x9212938e5aa37c72!8m2!3d40.4479857!4d-74.3977636!16s%2Fg%2F1trsyz63!19sChIJcUAsXFDPw4kRcnyjWo6TEpI?authuser=0&hl=en&rclk=1,Restaurant,,4.3,40,,"price, grocery",
Phil-Am Raritan Filipino Food & Bakery,34 W Somerset St,Raritan,NJ,8869,US,(908) 300-8239,,https://www.google.com/maps/place/Phil-Am+Raritan+Filipino+Food+%26+Bakery/data=!4m7!3m6!1s0x89c3eb9ae5ed2cd5:0x8d5e11474cce0364!8m2!3d40.5674582!4d-74.6346221!16s%2Fg%2F11mv_drglv!19sChIJ1Szt5Zrrw4kRZAPOTEcRXo0?authuser=0&hl=en&rclk=1,"Bakery, Dessert & Cafe",,4.9,12,9 AM-5 PM,"bibingka, salted egg",
Philippine Bread House,530 Newark Ave,Jersey City,NJ,7306,US,(201) 659-1753,http://philippinebreadhouse.com/,https://www.google.com/maps/place/Philippine+Bread+House/data=!4m7!3m6!1s0x89c25736780b80f1:0xfcd73b389d36fd23!8m2!3d40.7308333!4d-74.0558333!16s%2Fg%2F1tf6y7_l!19sChIJ8YALeDZXwokRI_02nTg71_w?authuser=0&hl=en&rclk=1,"Bakery, Dessert & Cafe",,4.5,893,7 AM-6 PM,"pandesal, filipino, parking, ensaymada, to go, ube, lunch, fried, lumpia, cheese rolls",
Philippine Cuisine,65 NJ-31,Flemington,NJ,8822,US,(908) 244-1785,https://sites.google.com/site/junleldbaphilippinecuisine/,https://www.google.com/maps/place/Philippine+Cuisine/data=!4m7!3m6!1s0x89c3f15def89a90d:0xb07dbe26bc874fbe!8m2!3d40.5123787!4d-74.8515396!16s%2Fg%2F1w0j0k0d!19sChIJDamJ713xw4kRvk-HvCa-fbA?authuser=0&hl=en&rclk=1,Restaurant,Supermarket & Grocery,4.4,69,10 AM-7 PM,"price, pork, take out, taro, grocery store, lumpia, skewers, boba, shaved ice, party",
Philippine Farms Inc,193 Mallory Ave # A,Jersey City,NJ,7304,US,(201) 333-4402,,https://www.google.com/maps/place/Philippine+Farms+Inc/data=!4m7!3m6!1s0x89c2512f9216ef2f:0xdb5c95b64db4067f!8m2!3d40.7210127!4d-74.0870003!16s%2Fg%2F1tdch8dm!19sChIJL-8Wki9RwokRfwa0TbaVXNs?authuser=0&hl=en&rclk=1,Supermarket & Grocery,,4.7,6,9 AM-5 PM,,
Philippine Island Food Mart,116 Thompson St,Raritan,NJ,8869,US,(908) 252-0060,,https://www.google.com/maps/place/Philippine+Island+Food+Mart/data=!4m7!3m6!1s0x89c3952eab8b6729:0xa8191c3058d3a246!8m2!3d40.5737933!4d-74.6337613!16s%2Fg%2F1tcvk0wx!19sChIJKWeLqy6Vw4kRRqLTWDAcGag?authuser=0&hl=en&rclk=1,Supermarket & Grocery,,4.5,42,8 AM-6 PM,"filipino food, pay, BBQ, cash, prices",
Philtrade Food Center & Restaurant,231 Main Ave,Passaic,NJ,7055,US,(973) 773-4666,,https://www.google.com/maps/place/Philtrade+Food+Center+%26+Restaurant/data=!4m7!3m6!1s0x89c2ff2cffe3b335:0xa95ac2c1bb972bda!8m2!3d40.846946!4d-74.1266837!16s%2Fg%2F1yh4c6brq!19sChIJNbPj_yz_wokR2iuXu8HCWqk?authuser=0&hl=en&rclk=1,Restaurant,,4.3,154,9 AM-6 PM,"grocery, catering, prices, take out, products, asian dishes, varieties, pastries, beef steak, tray",
Pilipino Grill,4500 Bordentown Ave,Sayreville,NJ,8872,US,(732) 651-8556,,https://www.google.com/maps/place/Pilipino+Grill/data=!4m7!3m6!1s0x89c3cec215c0c74d:0x95aac562dd9b0938!8m2!3d40.4295593!4d-74.3427239!16s%2Fg%2F1v2f1g8j!19sChIJTcfAFcLOw4kROAmb3WLFqpU?authuser=0&hl=en&rclk=1,Restaurant,,4.1,60,10 AM-7 PM,"price, takeout, skewers, pork",
Pinoy AC,40 Kentucky Ave,Atlantic City,NJ,8401,US,(609) 848-0082,http://www.pinoyac.com/,https://www.google.com/maps/place/Pinoy+AC/data=!4m7!3m6!1s0x89c0ef34ffcaf79f:0x8cfc2da69ecd7c2c!8m2!3d39.3622727!4d-74.4315967!16s%2Fg%2F11vbpb98np!19sChIJn_fK_zTvwIkRLHzNnqYt_Iw?authuser=0&hl=en&rclk=1,Supermarket & Grocery,,4.5,10,11 AM-5 PM,snacks,
Pinoy Kapamilya,1347 John F. Kennedy Blvd,Bayonne,NJ,7002,US,(201) 436-7587,,https://www.google.com/maps/place/Pinoy+Kapamilya/data=!4m7!3m6!1s0x89c2517568a03d37:0xafca893f73c037c5!8m2!3d40.6934988!4d-74.1033513!16s%2Fg%2F1v4707tx!19sChIJNz2gaHVRwokRxTfAcz-Jyq8?authuser=0&hl=en&rclk=1,Supermarket & Grocery,,4.4,16,9 AM-7 PM,prices,
Plain & Simpol,4 Amboy Ave,Metuchen,NJ,8840,US,(732) 662-1900,http://www.plainandsimpol.com/,https://www.google.com/maps/place/Plain+%26+Simpol/data=!4m7!3m6!1s0x89c3b77d8b76a6ad:0x3e8875f8d2c78cca!8m2!3d40.5370114!4d-74.3484188!16s%2Fg%2F11ngsrmtmp!19sChIJraZ2i323w4kRyozH0vh1iD4?authuser=0&hl=en&rclk=1,Restaurant,"Bakery, Dessert & Cafe",4.7,230,8 AM-7:30 PM,"kitchen, platter, sandwich, pork sisig, chicken inasal, ube cheesecake, short rib, the menu, salmon, mechado",
R J Sarilings Atin,1561 Lakewood Rd,Toms River,NJ,8755,US,(732) 244-4493,https://www.facebook.com/RJSAFG/,https://www.google.com/maps/place/R+J+Sarilings+Atin/data=!4m7!3m6!1s0x89c19d63c8c5ea21:0x570dff1a27238a57!8m2!3d40.0051078!4d-74.2136365!16s%2Fg%2F1v2f1f29!19sChIJIerFyGOdwYkRV4ojJxr_DVc?authuser=0&hl=en&rclk=1,Supermarket & Grocery,Quick Bites & Turo-Turo,4.1,107,8 AM-7 PM,"filipino food, grocery, prices, to go, kalderetang kambing, filipino pork bbq, dinuguan, pork barbecue, kare kare, lumpia",
Ramz Oriental Store,30-32 N Washington Ave,Bergenfield,NJ,7621,US,(201) 385-7269,,https://www.google.com/maps/place/Ramz+Oriental+Store/data=!4m7!3m6!1s0x89c2f045e5fc5e71:0xed5ba03212b9829b!8m2!3d40.9289806!4d-73.9958639!16s%2Fg%2F1vpptfww!19sChIJcV785UXwwokRm4K5EjKgW-0?authuser=0&hl=en&rclk=1,Supermarket & Grocery,,4.5,18,9 AM-6 PM,,
Red Ribbon Bakeshop,591 Summit Ave,Jersey City,NJ,7306,US,(201) 795-1988,https://locations.redribbonbakeshop.com/nj/jersey-city/591-summit-ave?utm_medium=organic&utm_source=local&utm_campaign=googlelistings&utm_content=website&utm_term=1130234,https://www.google.com/maps/place/Red+Ribbon+Bakeshop/data=!4m7!3m6!1s0x89c257373453d3ff:0x8b359b5030a677e0!8m2!3d40.7348006!4d-74.0594625!16s%2Fg%2F11_sspzt3!19sChIJ_9NTNDdXwokR4HemMFCbNYs?authuser=0&hl=en&rclk=1,"Bakery, Dessert & Cafe",Quick Bites & Turo-Turo,4.3,679,8 AM-8 PM,"mango cake, empanadas, mamon, ube cake, filipino, halo halo, ensaymada, palabok, chicken empanada, yema cake",
Rekado,20 S White Horse Pike,Somerdale,NJ,8083,US,(856) 435-4999,,https://www.google.com/maps/place/Rekado/data=!4m7!3m6!1s0x89c6cdf0fef22ca7:0x5bba03e7b805abdb!8m2!3d39.8435569!4d-75.0166311!16s%2Fg%2F11rdbh441g!19sChIJpyzy_vDNxokR26sFuOcDuls?authuser=0&hl=en&rclk=1,Restaurant,,4.8,50,10 AM-5:30 PM,"prices, choices, groceries, caldereta, lumpia, skewers, people, products, lechon kawali, fried",
Reyta's Filipino Cuisine,1490 Haddonfield-Berlin Rd,Cherry Hill Township,NJ,8003,US,(302) 534-2343,http://www.reytasnj.com/,https://www.google.com/maps/place/Reyta%E2%80%99s+Filipino+Cuisine/data=!4m7!3m6!1s0x89c6cd1596818f2f:0xfcb5aa1f2f731fe9!8m2!3d39.8799926!4d-75.0054418!16s%2Fg%2F11fq93ggwd!19sChIJL4-BlhXNxokR6R9zLx-qtfw?authuser=0&hl=en&rclk=1,Restaurant,,4.3,265,12-8 PM,"sisig, sweet, to go, halo halo, spring rolls, pork belly, platter, home, grilled, garlic rice",
Sariling Atin,54 E Main St,Bergenfield,NJ,7621,US,(201) 387-0333,,https://www.google.com/maps/place/Sariling+Atin/data=!4m7!3m6!1s0x89c2f04f641fd6f7:0x9dcd30b3922132e1!8m2!3d40.9278301!4d-73.9942056!16s%2Fg%2F11gsbfns_n!19sChIJ99YfZE_wwokR4TIhkrMwzZ0?authuser=0&hl=en&rclk=1,Supermarket & Grocery,,3,55,8 AM-7 PM,"price, cashier, pay, lumpia, filipino food, catering, eye",
Sierra Madre Food Mart,28 E Main St,Bergenfield,NJ,7621,US,(201) 771-7103,,https://www.google.com/maps/place/Sierra+Madre+Food+Mart/data=!4m7!3m6!1s0x89c2f16ae50714bd:0x8cd6e0a3135b69cd!8m2!3d40.9277386!4d-73.9950124!16s%2Fg%2F11fnrzlzbf!19sChIJvRQH5WrxwokRzWlbE6Pg1ow?authuser=0&hl=en&rclk=1,Supermarket & Grocery,,4.5,44,8 AM-5 PM,"filipino food, sisig, cafeteria, garlic, selection",
Tropical Hut,388 US-46,Parsippany,NJ,7054,US,(973) 396-2944,http://www.tropicalhutcatering.com/,https://www.google.com/maps/place/Tropical+Hut/data=!4m7!3m6!1s0x89c3079da8953631:0xded2696d16a215be!8m2!3d40.8600364!4d-74.3610913!16s%2Fg%2F11bwh5gq_t!19sChIJMTaVqJ0Hw4kRvhWiFm1p0t4?authuser=0&hl=en&rclk=1,Restaurant,,4.5,209,11 AM-7 PM,"price, pancit, pork, bbq, entrees, catering, comfort food, grocery store, trays, turon",
Tropical Hut Filipino Cuisine,104 W Pleasant Ave,Maywood,NJ,7607,US,(201) 843-5550,http://www.tropicalhutcatering.com/,https://www.google.com/maps/place/Tropical+Hut+Filipino+Cuisine/data=!4m7!3m6!1s0x89c2fa0d9f503ec5:0x5a76e13bdf195e94!8m2!3d40.9053379!4d-74.0643667!16s%2Fg%2F1vl9sf78!19sChIJxT5Qnw36wokRlF4Z3zvhdlo?authuser=0&hl=en&rclk=1,Restaurant,,4.4,324,10 AM-7 PM,"price, take out, parking, bbq, to choose, empanadas, tray, lechon, catering, bangus",
Tropical Hut Philippine Cuisine,3562 NJ-27 #109,Kendall Park,NJ,8824,US,(732) 288-6007,https://www.tropicalhutcatering.com/,https://www.google.com/maps/place/Tropical+Hut+Philippine+Cuisine/data=!4m7!3m6!1s0x89c3c373ffc46aff:0xc34e4def2b2a496a!8m2!3d40.4209398!4d-74.5768678!16s%2Fg%2F11vlxgkzb5!19sChIJ_2rE_3PDw4kRakkqK-9NTsM?authuser=0&hl=en&rclk=1,Restaurant,,4.8,47,10 AM-7 PM,"selection, pork, chicken adobo, atmosphere, price, buns, groceries, chicken curry, takeout, the menu",
Tropical Hut Philippine Cuisine,3314 US-9,Old Bridge,NJ,8857,US,(732) 679-7010,http://tropicalhutcatering.com/,https://www.google.com/maps/place/Tropical+Hut+Philippine+Cuisine/data=!4m7!3m6!1s0x89c3cddf25f11f31:0xb285d306fa60bf38!8m2!3d40.3893985!4d-74.309015!16s%2Fg%2F1th0nvhw!19sChIJMR_xJd_Nw4kROL9g-gbThbI?authuser=0&hl=en&rclk=1,Restaurant,,4.5,149,10 AM-6 PM,"BBQ, grocery, pork, take out, prices, pancit, catering, parties, empanada, kabobs",
Turon King,13 W Main St,Bergenfield,NJ,7621,US,(201) 387-9849,,https://www.google.com/maps/place/Turon+King/data=!4m7!3m6!1s0x89c2f12554366507:0x1f016a333db79711!8m2!3d40.9280111!4d-73.9967075!16s%2Fg%2F11wr7wvypf!19sChIJB2U2VCXxwokREZe3PTNqAR8?authuser=0&hl=en&rclk=1,Restaurant,,5,1,7 AM-7 PM,,
87 Ludlow,87 Ludlow St,New York,NY,10002,US,(212) 510-7605,http://87ludlownyc.com/,https://www.google.com/maps/place/87+Ludlow/data=!4m7!3m6!1s0x89c25903ef9d69c7:0x53af9798ac192bff!8m2!3d40.7183824!4d-73.9895517!16s%2Fg%2F11vbr8090m!19sChIJx2md7wNZwokR_ysZrJiXr1M?authuser=0&hl=en&rclk=1,Restaurant,,4.7,112,5-11 PM,"oyster, filipino, bone marrow, the menu, birthday, short ribs, mussels, pork, appetizer, wine",
Asian Food,83-35 Parsons Blvd,Jamaica,NY,11432,US,(718) 658-3841,http://pinoyny.com/,https://www.google.com/maps/place/Asian+Food/data=!4m7!3m6!1s0x89c260e8aefc3093:0xfbc2ac875546d989!8m2!3d40.7148289!4d-73.8071449!16s%2Fg%2F11b71tyj56!19sChIJkzD8ruhgwokRidlGVYeswvs?authuser=0&hl=en&rclk=1,Restaurant,,4.6,224,8 AM-8 PM,"price, grocery, to go, home, renovated, breakfast, pork, halo halo, ipad, rice with chicken broth",
BINONDO by Kabisera,50 E Broadway,New York,NY,10002,US,(646) 398-8566,https://www.binondonyc.com/,https://www.google.com/maps/place/BINONDO+by+Kabisera/data=!4m7!3m6!1s0x89c25b06b1106427:0x6715b799d733344b!8m2!3d40.7137974!4d-73.9956861!16s%2Fg%2F11xfqztqlm!19sChIJJ2QQsQZbwokRSzQz15m3FWc?authuser=0&hl=en&rclk=1,Restaurant,,4.7,50,11 AM-11 PM,"chef, pancit, mocktails, paksiw, chat, peanuts, squid ink, lettuce, anchovies, iskrambol",
Fiesta Food Mart,14 W Merrick Rd,Valley Stream,NY,11580,US,(516) 872-4677,,https://www.google.com/maps/place/Fiesta+Food+Mart/data=!4m7!3m6!1s0x89c26487e2f61ad5:0x78ac075050f0a3bf!8m2!3d40.6647321!4d-73.6986747!16s%2Fg%2F1td8_0_j!19sChIJ1Rr24odkwokRv6PwUFAHrHg?authuser=0&hl=en&rclk=1,Supermarket & Grocery,,4.4,47,10 AM-5 PM,"prices, parking",
Filipiniana Restaurant & Catering,84-05 Queens Blvd #1A,Queens,NY,11373,US,(347) 808-8817,https://order.online/business/filipiniana-11229562,https://www.google.com/maps/place/Filipiniana+Restaurant+%26+Catering/data=!4m7!3m6!1s0x89c25f622d9ca947:0x55474de64e0498cc!8m2!3d40.737428!4d-73.8792293!16s%2Fg%2F11t2yhwg89!19sChIJR6mcLWJfwokRzJgETuZNR1U?authuser=0&hl=en&rclk=1,Restaurant,,4.5,157,9 AM-9 PM,"halo halo, dessert, prices, garlic rice, pork, dinuguan, oxtail, ube flan, beef soup, ilocano dish",
FOODbites Asian Store,317 Windsor Hwy Suite 200,New Windsor,NY,12553,US,(845) 563-0616,,https://www.google.com/maps/place/FOODbites+Asian+Store/data=!4m7!3m6!1s0x89dd2db9b1921207:0xbbf8ce4dba9f5df9!8m2!3d41.4638792!4d-74.0506278!16s%2Fg%2F11rfbxhx3b!19sChIJBxKSsbkt3YkR-V2fuk3O-Ls?authuser=0&hl=en&rclk=1,Supermarket & Grocery,,4.8,59,10 AM-7 PM,"filipino, selection, bbq chicken, skewers, pork, chorizo, dinuguan, sisig, lumpia, catering",
Fritzie's Bake Shop,69-10 Roosevelt Ave,Woodside,NY,11377,US,(718) 507-0205,,https://www.google.com/maps/place/Fritzie%27s+Bake+Shop/data=!4m7!3m6!1s0x89c25f03c2107669:0x5933df5eefda465b!8m2!3d40.746142!4d-73.895784!16s%2Fg%2F1tc_0fhw!19sChIJaXYQwgNfwokRW0ba717fM1k?authuser=0&hl=en&rclk=1,"Bakery, Dessert & Cafe",,3.9,49,6 AM-9 PM,"pandesal, lechon, filipino food, meal, cost, hospitality, ube, coffee",
Grill 21,346 E 21st St,New York,NY,10010,US,(212) 473-5950,https://grill21nyc.com/,https://www.google.com/maps/place/Grill+21/data=!4m7!3m6!1s0x89c2590add214c07:0xfbc94e79b8005894!8m2!3d40.7357066!4d-73.9799614!16s%2Fg%2F1tg6wm24!19sChIJB0wh3QpZwokRlFgAuHlOyfs?authuser=0&hl=en&rclk=1,Restaurant,,4.3,434,"11 AM-4 PM, 5-9 PM","garlic rice, pork belly, lechon, chicken adobo, bicol express, platter, party, tocino, chicken curry, breakfast",
Gugu Room,143 Orchard St,New York,NY,10002,US,(646) 329-6875,http://guguroomnyc.com/,https://www.google.com/maps/place/Gugu+Room/data=!4m7!3m6!1s0x89c2592c7977bbcb:0x329879d9b66c9eec!8m2!3d40.7201117!4d-73.9893269!16s%2Fg%2F11swmx4pqd!19sChIJy7t3eSxZwokR7J5sttl5mDI?authuser=0&hl=en&rclk=1,Restaurant,,4.4,182,5-11 PM,"cocktails, skewers, bone marrow, music, dj, short rib, udon, kamayan, happy hour, margarita",
Guiradelco,324 Post Ave,Westbury,NY,11590,US,(516) 333-9898,,https://www.google.com/maps/place/Guiradelco/data=!4m7!3m6!1s0x89c2871456638367:0xdb5013197872bf93!8m2!3d40.7605454!4d-73.587332!16s%2Fg%2F1tfr1bx5!19sChIJZ4NjVhSHwokRk79yeBkTUNs?authuser=0&hl=en&rclk=1,Restaurant,,4.2,239,9 AM-7 PM,"price, grocery store, halo halo, pork, home, skewers, to go, frozen, island, mechado",
Hapag Bistro,58 Vineyard Ave,Highland,NY,12528,US,(845) 834-2379,http://hapagbistro.com/,https://www.google.com/maps/place/Hapag+Bistro/data=!4m7!3m6!1s0x89dd3da8250621e1:0xf90f9b081e940e14!8m2!3d41.7193267!4d-73.9635833!16s%2Fg%2F11t0rp7z3p!19sChIJ4SEGJag93YkRFA6UHgibD_k?authuser=0&hl=en&rclk=1,Restaurant,,4.9,220,12-8 PM,"atmosphere, garlic rice, lechon kawali, pork sisig, adobo chicken, karaoke, turon, bangus sisig, fish, crispy pata",
Hapag Filipino Cuisine,1789 Central Park Ave #1787,Yonkers,NY,10710,US,(914) 652-7773,,https://www.google.com/maps/place/Hapag+Filipino+Cuisine/data=!4m7!3m6!1s0x89c29346611feaaf:0x332aee7b718891c0!8m2!3d40.9612498!4d-73.842049!16s%2Fg%2F11gmyvk2b2!19sChIJr-ofYUaTwokRwJGIcXvuKjM?authuser=0&hl=en&rclk=1,Restaurant,,4.5,249,12-7 PM,"pork, halo halo, sisig, to go, lumpia, kare-kare, egg, crispy pata, dinner, sinigang",
Ihawan,40-06 70th St,Woodside,NY,11377,US,(718) 205-1480,https://www.ihawan-ny.com/,https://www.google.com/maps/place/Ihawan/data=!4m7!3m6!1s0x89c25efe9a36fe33:0x154a55c15f66c143!8m2!3d40.746167!4d-73.89549!16s%2Fg%2F1thfgc6v!19sChIJM_42mv5ewokRQ8FmX8FVShU?authuser=0&hl=en&rclk=1,Restaurant,,4.3,902,10:30 AM-9 PM,"home, platter, avocado, bbq chicken, pork bbq, filipino bbq, lechon kawali, kamayan, tip, stairs",
Jollibee,609 8th Ave,New York,NY,10018,US,(212) 994-2711,https://locations.jollibeefoods.com/usa/ny/new-york/609-8th-ave?utm_medium=organic&utm_source=local&utm_campaign=googlelistings&utm_content=website&utm_term=OLO146025,https://www.google.com/maps/place/Jollibee/data=!4m7!3m6!1s0x89c2591868ce2b8b:0x24eaa9eb901bc24c!8m2!3d40.7557655!4d-73.9911637!16s%2Fg%2F11g4cxz3gn!19sChIJiyvOaBhZwokRTMIbkOup6iQ?authuser=0&hl=en&rclk=1,Restaurant,Quick Bites & Turo-Turo,4.2,3292,9 AM-11 PM,"spaghetti, pineapple juice, peach mango pie, halo halo, times square, adobo, filipino food, palabok, ube, burger steak",
Jollibee,62-29 Roosevelt Ave,Queens,NY,11377,US,(718) 426-4445,https://locations.jollibeefoods.com/usa/ny/queens/6229-roosevelt-ave?utm_medium=organic&utm_source=local&utm_campaign=googlelistings&utm_content=website&utm_term=OLO146022,https://www.google.com/maps/place/Jollibee/data=!4m7!3m6!1s0x89c25f1cd648fd1f:0xd7553ee7cc6ad884!8m2!3d40.7460912!4d-73.9012009!16s%2Fg%2F1tj85r_s!19sChIJH_1I1hxfwokRhNhqzOc-Vdc?authuser=0&hl=en&rclk=1,Restaurant,Quick Bites & Turo-Turo,4.3,3898,8 AM-11 PM,"spaghetti, halo halo, filipino food, pineapple juice, palabok, peach mango pie, adobo, ube, rice and gravy, buzzer",
Kabayan,161-18 Union Tpke,Fresh Meadows,NY,11366,US,(718) 380-0802,,https://www.google.com/maps/place/Kabayan/data=!4m7!3m6!1s0x89c260fabcea1bf9:0x5f4ab07517fb70f!8m2!3d40.720825!4d-73.8057528!16s%2Fg%2F1v3lqwqn!19sChIJ-RvqvPpgwokRD7d_UQer9AU?authuser=0&hl=en&rclk=1,Restaurant,"Bakery, Dessert & Cafe",3.8,178,8 AM-8 PM,"charge, atmosphere, cake, sisig, halo halo, lechon, ube, choice",
Kabayan,69-12 Roosevelt Ave,Woodside,NY,11377,US,(718) 205-4010,,https://www.google.com/maps/place/Kabayan/data=!4m7!3m6!1s0x89c25f03c30ce77f:0xb65632b7c730327f!8m2!3d40.7462646!4d-73.8957391!16s%2Fg%2F1tngr6dy!19sChIJf-cMwwNfwokRfzIwx7cyVrY?authuser=0&hl=en&rclk=1,Restaurant,,3.7,365,8 AM-9 PM,"price, to go, money, cashier, party, lechon, breakfast, quick service, expiration date, okoy",
Kabayan,49-12 Queens Blvd,Woodside,NY,11377,US,(718) 639-3113,,https://www.google.com/maps/place/Kabayan/data=!4m7!3m6!1s0x89c25edef78d55e9:0x14080e8a3cc9f001!8m2!3d40.742456!4d-73.915473!16s%2Fg%2F11bw2k7x5d!19sChIJ6VWN995ewokRAfDJPIoOCBQ?authuser=0&hl=en&rclk=1,Restaurant,,4.4,336,10 AM-8 PM,"price, to go, money, cashier, party, lechon, breakfast, quick service, expiration date, okoy",
Kabayan Bistro Lounge and Banquet,69-09 Roosevelt Ave,Woodside,NY,11377,US,(718) 424-0080,,https://www.google.com/maps/place/Kabayan+Bistro+Lounge+and+Banquet/data=!4m7!3m6!1s0x89c25fa0d95dd537:0x15f4aba180e9634b!8m2!3d40.7465575!4d-73.8958136!16s%2Fg%2F11rc4h9708!19sChIJN9Vd2aBfwokRS2PpgKGr9BU?authuser=0&hl=en&rclk=1,Restaurant,"Bakery, Dessert & Cafe",3.9,180,9 AM-10 PM,"price, bulalo, music, party, kare kare, fee, sisig, food and service, home, halo halo",
Kabayan Grill,1634 Front St,East Meadow,NY,11554,US,(516) 500-9574,,https://www.google.com/maps/place/Kabayan+Grill/data=!4m7!3m6!1s0x89c27ddd55cb5975:0xf17f9ad60202ee64!8m2!3d40.7154907!4d-73.5709168!16s%2Fg%2F11c6rh3syn!19sChIJdVnLVd19wokRZO4CAtaaf_E?authuser=0&hl=en&rclk=1,Restaurant,,4,274,10 AM-7:30 PM,"price, bbq, pork, halo-halo, parking, pancit, money, lumpia, dessert, baked goods",
Kabayan Grill -Farmingville,1075 Portion Rd,Farmingville,NY,11738,US,(631) 320-0708,,"https://www.google.com/maps/place/Kabayan+Grill+-Farmingville/@40.836695,-73.0637618,17z/data=!3m1!4b1!4m6!3m5!1s0x89e84739bd3afa7f:0xae227832671fa4f1!8m2!3d40.836695!4d-73.0637618!16s%2Fg%2F11rtv6kp9n?authuser=0&hl=en&entry=ttu&g_ep=EgoyMDI1MDgyNS4wIKXMDSoASAFQAw%3D%3D",Restaurant,,4.4,84,10 AM-8 PM,"price, grocery, pancit, take out, garlic rice, fried pork belly, deep fried, language, fee, kalderetang kambing",
Kabayan Grill Food Truck,279 1st Ave,New York,NY,10003,US,,,https://www.google.com/maps/place/Kabayan+Grill+Food+Truck/data=!4m7!3m6!1s0x89c259749d26b965:0xbce8002fa9ec9000!8m2!3d40.7326691!4d-73.9819424!16s%2Fg%2F11nmcs4vq3!19sChIJZbkmnXRZwokRAJDsqS8A6Lw?authuser=0&hl=en&rclk=1,Restaurant,,3,1,11 AM-9 PM,,
Kalye Broome ( Now on 111 Rivington st),251 Broome St,New York,NY,10002,US,(646) 422-7267,https://www.kalye.com/,https://www.google.com/maps/place/Kalye+Broome+%28+Now+on+111+Rivington+st%29/data=!4m7!3m6!1s0x89c25932e3808c8f:0x17c6b3155f9b03b5!8m2!3d40.7179107!4d-73.9899965!16s%2Fg%2F11rp34n19j!19sChIJj4yA4zJZwokRtQObXxWzxhc?authuser=0&hl=en&rclk=1,Restaurant,,4.7,535,,"sliders, skewers, ube ice cream, beef tapa, bun, mushroom sisig, mango salad, bartender, adobo ribs, filipino bbq",
Kalye Rivington,111 Rivington St,New York,NY,10002,US,(646) 287-9153,https://www.kalye.com/,https://www.google.com/maps/place/Kalye+Rivington/data=!4m7!3m6!1s0x89c2594108b618cf:0x351c9e961ff7b618!8m2!3d40.7198165!4d-73.9879359!16s%2Fg%2F11ltqrn_1c!19sChIJzxi2CEFZwokRGLb3H5aeHDU?authuser=0&hl=en&rclk=1,Restaurant,,4.8,247,11 AM-10 PM,"bartender, music, pork sisig, brunch, birthday, lumpia, ube ice cream, boodle fight, hospitality, pork skewers",
Kapamilya Restaurant and Bakeshop,69-10 Roosevelt Ave,Flushing,NY,11377,US,(718) 507-0205,,https://www.google.com/maps/place/Kapamilya+Restaurant+and+Bakeshop/data=!4m7!3m6!1s0x89c25f60d54cd1d1:0xfa2ac507095f93de!8m2!3d40.7462015!4d-73.8958104!16s%2Fg%2F11fqpwqtgp!19sChIJ0dFM1WBfwokR3pNfCQfFKvo?authuser=0&hl=en&rclk=1,Restaurant,,2.8,43,6 AM-9 PM,"prices, area, receipt, ube pandesal, food festival, taho, dinuguan, bean, review, cashier",
Karenderya,248 Main St,Nyack,NY,10960,US,(845) 875-7557,https://www.karenderyany.com/,https://www.google.com/maps/place/Karenderya/data=!4m7!3m6!1s0x89c2ea0534651d05:0x554c76425fc75941!8m2!3d41.0919414!4d-73.9260031!16s%2Fg%2F11fxb6dcr0!19sChIJBR1lNAXqwokRQVnHX0J2TFU?authuser=0&hl=en&rclk=1,Restaurant,,4.6,313,5-9 PM,"garlic rice, bowl, atmosphere, dinner, beer, calamansi juice, pork belly adobo, oxtail, empanadas, party",
K'Glen Deli & Sari-Sari Store,39-16 65th St,Woodside,NY,11377,US,(347) 821-8480,http://kglendelisari-saristore.com/,https://www.google.com/maps/place/K%27Glen+Deli+%26+Sari-Sari+Store/data=!4m7!3m6!1s0x89c25f0316d487df:0xf29e0b7c64978a50!8m2!3d40.7457987!4d-73.8992548!16s%2Fg%2F11c5s5pynn!19sChIJ34fUFgNfwokRUIqXZHwLnvI?authuser=0&hl=en&rclk=1,Supermarket & Grocery,,4.5,37,11 AM-9 PM,"price, dessert",
Kusina Pinoy Bistro,69-16 Roosevelt Ave,Woodside,NY,11377,US,(347) 924-9977,https://smorefood.com/order-online/kusina-pinoy-bistro-queens-11377-imwoiy89?utm_source=gmb&utm_medium=website,https://www.google.com/maps/place/Kusina+Pinoy+Bistro/data=!4m7!3m6!1s0x89c25f7b586dd1ad:0xfd52ed6f03b1d154!8m2!3d40.7463011!4d-73.8955976!16s%2Fg%2F11fkllrpms!19sChIJrdFtWHtfwokRVNGxA2_tUv0?authuser=0&hl=en&rclk=1,Restaurant,,4.1,402,12-10 PM,"band, calamari, pork belly, tip, cover charge, live music, garlic rice, bill, bangus sisig, pork adobo",
Kusinera Traditional Filipino Cuisine,192 E Meadow Ave,East Meadow,NY,11554,US,(516) 246-9419,http://www.kusinerany.com/,https://www.google.com/maps/place/Kusinera+Traditional+Filipino+Cuisine/data=!4m7!3m6!1s0x89c27daa0ef78827:0x2b54fcc60a627bca!8m2!3d40.718886!4d-73.5635612!16s%2Fg%2F11sgpdmq33!19sChIJJ4j3Dqp9wokRyntiCsb8VCs?authuser=0&hl=en&rclk=1,Restaurant,,4.5,79,11:30 AM-7 PM,"hospitality, price, spring roll, people, mom, party, share, picture, mushroom, a la carte",
La Mesa,5650 Merrick Rd,Massapequa,NY,11758,US,(516) 799-3610,https://www.lamesa5650.com/,https://www.google.com/maps/place/La+Mesa/data=!4m7!3m6!1s0x89e9d5289d5c831f:0xffb3896d107dad16!8m2!3d40.669091!4d-73.4296885!16s%2Fg%2F11j0zc5lkv!19sChIJH4NcnSjV6YkRFq19EG2Js_8?authuser=0&hl=en&rclk=1,Restaurant,,4.3,322,10 AM-9 PM,"rice, pupusas, filipino food, take out, pernil, burrito, plantains, stew, empanadas, platter",
Lahi,51-24 Van Loon St,Elmhurst,NY,11373,US,(929) 296-0277,http://lahinewyork.hrpos.heartland.us/,https://www.google.com/maps/place/Lahi/data=!4m7!3m6!1s0x89c25e525a9d15e5:0x9ce5dbd4a958e9a1!8m2!3d40.7374855!4d-73.8794997!16s%2Fg%2F11hd23lvdy!19sChIJ5RWdWlJewokRoelYqdTb5Zw?authuser=0&hl=en&rclk=1,Restaurant,,4.3,303,11 AM-9 PM,"sisig, garlic, halo halo, dinner, pancit, bangus, crispy pata, lumpia, tacos, plate",
Lil-m Sari Sari Store,785 Spencerport Rd,Rochester,NY,14606,US,(585) 491-6550,https://www.lil-msarisari.com/,https://www.google.com/maps/place/Lil-m+Sari+Sari+Store/data=!4m7!3m6!1s0x89d6b25a07d27c0d:0x6810bcaf1b3a55f8!8m2!3d43.1713349!4d-77.7115861!16s%2Fg%2F11c0vptccb!19sChIJDXzSB1qy1okR-FU6G6-8EGg?authuser=0&hl=en&rclk=1,Supermarket & Grocery,,4.8,53,10 AM-7 PM,"halo halo, snacks, selection, trip, prices",
Little Manila Grill and Fast Food,68-28 Roosevelt Ave,Woodside,NY,11377,US,(347) 527-2856,,https://www.google.com/maps/place/Little+Manila+Grill+and+Fast+Food/data=!4m7!3m6!1s0x89c25f22b7418571:0x516b6b23463e2cd4!8m2!3d40.746135!4d-73.896598!16s%2Fg%2F11s7shdhz_!19sChIJcYVBtyJfwokR1Cw-RiNra1E?authuser=0&hl=en&rclk=1,Restaurant,,4.3,19,9 AM-9 PM,dinuguan,
Mama Fina's,167 Avenue A,New York,NY,10009,US,(917) 262-0893,http://www.mamafinas.com/,https://www.google.com/maps/place/Mama+Fina%E2%80%99s/data=!4m7!3m6!1s0x89c2597631aa0141:0x362dee696f89c98a!8m2!3d40.7282142!4d-73.9821553!16s%2Fg%2F11gfkdmllk!19sChIJQQGqMXZZwokRismJb2nuLTY?authuser=0&hl=en&rclk=1,Restaurant,,4.3,491,2-9:30 PM,"pork sisig, halo halo, tip, squid sisig, garlic rice, chicken sisig, turon, hospitality, smoothie, bar",
Manila Hut,7 Main St,Hempstead,NY,11550,US,(516) 483-2983,,https://www.google.com/maps/place/Manila+Hut/data=!4m7!3m6!1s0x89c27d1c2e9c98e5:0x576459fb2293c050!8m2!3d40.7063889!4d-73.6241667!16s%2Fg%2F1tdvfhds!19sChIJ5ZicLhx9wokRUMCTIvtZZFc?authuser=0&hl=en&rclk=1,Restaurant,,4.2,85,,"prices, home, bbq, island, lumpia, cakes, pork belly, sinigang",
Maynila,3555 Victory Blvd,Staten Island,NY,10314,US,(718) 494-0316,,https://www.google.com/maps/place/Maynila/data=!4m7!3m6!1s0x89c25730c8830f7b:0x8f81334ec52ed6d8!8m2!3d40.601582!4d-74.1767494!16s%2Fg%2F1hc2lxf4k!19sChIJew-DyDBXwokR2NYuxU4zgY8?authuser=0&hl=en&rclk=1,Restaurant,Quick Bites & Turo-Turo,4.6,63,10 AM-5 PM,"groceries, home, take out, mall",
Mina's Kitchenette,"90-49 Springfield Blvd Suite 206, Second Floor",Jamaica,NY,11428,US,(718) 465-2777,,https://www.google.com/maps/place/Mina%27s+Kitchenette/data=!4m7!3m6!1s0x89c2622e99fbb2e9:0x2fe0d0f6cd6215e0!8m2!3d40.7258778!4d-73.7400648!16s%2Fg%2F126413yvn!19sChIJ6bL7mS5iwokR4BVizfbQ4C8?authuser=0&hl=en&rclk=1,Restaurant,,4.5,115,11 AM-8 PM,"price, kaldereta, snacks, turon, stew, catering, gem, short ribs, groceries, coconut milk",
Mucho Sarap,265 Canal St,New York,NY,10013,US,,https://www.sosarapnyc.com/,https://www.google.com/maps/place/Mucho+Sarap/data=!4m7!3m6!1s0x89c25941867f7e45:0x6160f7f0af0db35d!8m2!3d40.7190632!4d-74.0008623!16s%2Fg%2F11kbq9h_np!19sChIJRX5_hkFZwokRXbMNr_D3YGE?authuser=0&hl=en&rclk=1,Restaurant,,4.1,17,,"tacos, fusion, snack, mind, bowl, price",
Naks,201 1st Ave,New York,NY,10003,US,,http://naks.nyc/,https://www.google.com/maps/place/Naks/data=!4m7!3m6!1s0x89c259f3112bf641:0x8c1f9ace6487f214!8m2!3d40.7303138!4d-73.98363!16s%2Fg%2F11v9v6glk1!19sChIJQfYrEfNZwokRFPKHZM6aH4w?authuser=0&hl=en&rclk=1,Restaurant,,4.7,503,5-10 PM,"cocktails, fried chicken, adobo fried rice, crab, brunch, tasting menu, ube cheesecake, lumpiang hubad, egg noodles, soup number five",
Nayong Filipino,129 S Regent St,Port Chester,NY,10573,US,(914) 937-1741,,"https://www.google.com/maps/place/Nayong+Filipino/@41.0011389,-73.6751036,17z/data=!3m1!4b1!4m6!3m5!1s0x89c297473053aae7:0xd82a23352e39d910!8m2!3d41.0011389!4d-73.6751036!16s%2Fg%2F1tfjgg9b?authuser=0&hl=en&entry=ttu&g_ep=EgoyMDI1MDgzMC4wIKXMDSoASAFQAw%3D%3D",Supermarket & Grocery,,3.9,37,,,
Patok By Rach,5057 Broadway,New York,NY,10034,US,(914) 424-6677,https://www.patokbyrach.com/,https://www.google.com/maps/place/Patok+By+Rach/data=!4m7!3m6!1s0x89c2f3429eba1c5b:0x34f0bd3c70759310!8m2!3d40.8704079!4d-73.9156731!16s%2Fg%2F11l2t6kymg!19sChIJWxy6nkLzwokREJN1cDy98DQ?authuser=0&hl=en&rclk=1,Restaurant,,4.6,247,11:30 AM-8:30 PM,"the menu, chicharron, addition, chicken inasal, culture, skin, lechon belly, vinegar, ube cake, bbq pork",
Phil-Am Food Mart,527 Tompkins Ave.,Staten Island,NY,10305,US,(718) 876-6948,,https://www.google.com/maps/place/Phil-Am+Food+Mart/data=!4m7!3m6!1s0x89c24fabde114ca3:0x887cc6672d688c2!8m2!3d40.6129639!4d-74.0713181!16s%2Fg%2F1thq65sr!19sChIJo0wR3qtPwokRwojWcmbMhwg?authuser=0&hl=en&rclk=1,Supermarket & Grocery,,4.5,164,9 AM-6 PM,"prices, filipino food, snacks, pancit, lumpia, ingredients, halo halo, party, adobo, BBQ",
Phil-Am Food Mart,40-03 70th St,Woodside,NY,11377,US,(718) 899-1797,http://phil-amfoodmart.com/,https://www.google.com/maps/place/Phil-Am+Food+Mart/data=!4m7!3m6!1s0x89c25f03e77b09ab:0xa0243ed62cef22ee!8m2!3d40.7462833!4d-73.895275!16s%2Fg%2F1vg_dsgc!19sChIJqwl75wNfwokR7iLvLNY-JKA?authuser=0&hl=en&rclk=1,Supermarket & Grocery,,4.5,433,9:30 AM-6:30 PM,"filipino food, home, desserts, sausages, delicacies, longganisa, ube, spicy, lumpia, heart",
Phil-Am Kusina,556 Tompkins Ave.,Staten Island,NY,10305,US,(718) 727-3663,http://www.philamkusina.com/,https://www.google.com/maps/place/Phil-Am+Kusina/data=!4m7!3m6!1s0x89c24fabd9fd800d:0x896cee4bc7f4dd94!8m2!3d40.6124623!4d-74.071427!16s%2Fg%2F11b6xlr3s9!19sChIJDYD92atPwokRlN30x0vubIk?authuser=0&hl=en&rclk=1,Restaurant,,4.7,335,11 AM-8 PM,"pork, prices, sisig, dessert, food and service, tacos, buffet, lumpia, coconut, adobo",
Philippine Famous,170-14 Hillside Ave.,Jamaica,NY,11432,US,(718) 523-7080,,https://www.google.com/maps/place/Philippine+Famous/data=!4m7!3m6!1s0x89c261163c8be759:0xcbc863f805f2092a!8m2!3d40.7110722!4d-73.7913818!16s%2Fg%2F11jn1k4p97!19sChIJWeeLPBZhwokRKgnyBfhjyMs?authuser=0&hl=en&rclk=1,Supermarket & Grocery,,4.4,14,9 AM-6 PM,,
Philippines' Best Inc.,56 Woodbury Rd,Hicksville,NY,11801,US,(516) 939-0800,https://www.facebook.com/PhilippinesBestInc/?view_public_for=138678392906074&ref=page_internal,https://www.google.com/maps/place/Philippines%27+Best+Inc./data=!4m7!3m6!1s0x89c28103a55d0cfb:0xfb20113a3cda2faf!8m2!3d40.7704754!4d-73.5205201!16s%2Fg%2F1tt1tm7h!19sChIJ-wxdpQOBwokRry_aPDoRIPs?authuser=0&hl=en&rclk=1,Supermarket & Grocery,,4.6,182,9 AM-6 PM,"filipino food, price, pancit, snacks, bbq skewers, kare kare, lumpia, hopia, siopao, lechon",
Philippines Festival Brgy Hall,45-08 23rd St,Long Island City,NY,11101,US,,,https://www.google.com/maps/place/Philippines+Festival+Brgy+Hall/data=!4m7!3m6!1s0x89c259f7a998891d:0xec2cd73c6531ae55!8m2!3d40.7466214!4d-73.9456765!16s%2Fg%2F11x2f35yry!19sChIJHYmYqfdZwokRVa4xZTzXLOw?authuser=0&hl=en&rclk=1,Supermarket & Grocery,,5,3,,filipino food,
Pinoy Ako,178-25 Hillside Ave.,Jamaica,NY,11432,US,(347) 561-6241,http://www.pinoyakostore.com/,https://www.google.com/maps/place/Pinoy+Ako/data=!4m7!3m6!1s0x89c26167ddd24469:0x81a5b8e346c66a24!8m2!3d40.7127391!4d-73.784531!16s%2Fg%2F11r9dvdqy4!19sChIJaUTS3WdhwokRJGrGRuO4pYE?authuser=0&hl=en&rclk=1,Supermarket & Grocery,,4.6,22,10 AM-8 PM,"remittance, filipino food, price",
Pinoy Asian Foods CHIBUGAN,794 Dutchess Turnpike,Poughkeepsie,NY,12603,US,(845) 471-6900,https://www.facebook.com/Pinoy-Asian-Foods-Chibugan-223664661157034/,https://www.google.com/maps/place/Pinoy+Asian+Foods+CHIBUGAN/data=!4m7!3m6!1s0x89dd3fc71659af1f:0xd90001eb188c6deb!8m2!3d41.7009657!4d-73.8729716!16s%2Fg%2F1thp8z_n!19sChIJH69ZFsc_3YkR622MGOsBANk?authuser=0&hl=en&rclk=1,Supermarket & Grocery,,4.6,91,,"filipino food, prices, pork, desserts, empanadas, adobo, pancit, buffet, lumpia, parties",
Pinoy Tradisyon Corp. Filipino Asian Market,285 NY-211,Middletown,NY,10940,US,(929) 239-8401,,https://www.google.com/maps/place/Pinoy+Tradisyon+Corp.+Filipino+Asian+Market/data=!4m7!3m6!1s0x89c3331c151ba971:0x59b90c8796cfaea2!8m2!3d41.4592017!4d-74.440741!16s%2Fg%2F11t1dv9pxt!19sChIJcakbFRwzw4kRoq7PlocMuVk?authuser=0&hl=en&rclk=1,Supermarket & Grocery,,5,2,,,
Red Ribbon Bakeshop,65-02 Roosevelt Ave,Woodside,NY,11377,US,(718) 335-1150,https://locations.redribbonbakeshop.com/ny/woodside/65-02-roosevelt-ave?utm_medium=organic&utm_source=local&utm_campaign=googlelistings&utm_content=website&utm_term=1130236,https://www.google.com/maps/place/Red+Ribbon+Bakeshop/data=!4m7!3m6!1s0x89c25f031c66a633:0xbae3a5c6eb8527cb!8m2!3d40.7459258!4d-73.8987581!16s%2Fg%2F1tjz8wb6!19sChIJM6ZmHANfwokRyyeF68al47o?authuser=0&hl=en&rclk=1,"Bakery, Dessert & Cafe",Quick Bites & Turo-Turo,4.4,963,8:30 AM-9 PM,"mango cake, empanadas, halo halo, ube cake, mamon, filipino, mocha, ensaymada, palabok, chicken empanada",
Renee's Kitchenette & Grill,69-14 Roosevelt Ave,Woodside,NY,11377,US,(718) 476-9002,http://www.reneeskitchenette.com/,https://www.google.com/maps/place/Renee%27s+Kitchenette+%26+Grill/data=!4m7!3m6!1s0x89c25f03c33dde67:0x2433687b089b9086!8m2!3d40.7462644!4d-73.8956964!16s%2Fg%2F1tfpkr8r!19sChIJZ949wwNfwokRhpCbCHtoMyQ?authuser=0&hl=en&rclk=1,Restaurant,,4.4,370,10 AM-7 PM,"BBQ, home, platter, shakes, juice, vinegar, pay, hospitality, sharing, garlic rice",
Sariling Atin,89-12 Queens Blvd,Elmhurst,NY,11373,US,(718) 397-1200,,https://www.google.com/maps/place/Sariling+Atin/data=!4m7!3m6!1s0x89c25e4e7e6bf1bf:0xfb76e6e996b400cd!8m2!3d40.7343164!4d-73.8745315!16s%2Fg%2F1q62h_3qj!19sChIJv_Frfk5ewokRzQC0lunmdvs?authuser=0&hl=en&rclk=1,Supermarket & Grocery,,4.1,242,9 AM-8 PM,"filipino food, price, home, sisig, cashier, to go, feel, dining area, dinuguan, oily",
So Sarap,"7 World Trade Center, Greenwich St",New York,NY,10007,US,,https://www.sosarapnyc.com/,https://www.google.com/maps/place/So+Sarap/data=!4m7!3m6!1s0x89c25bad602e51f1:0xb3dde07ed43913bd!8m2!3d40.7115723!4d-74.01145!16s%2Fg%2F11v0_zv3s4!19sChIJ8VEuYK1bwokRvRM51H7g3bM?authuser=0&hl=en&rclk=1,Restaurant,,3.9,22,,"skewers, street food, pork, prices",
S&S Kultura at Kusina LLC,14 Main St,Bloomfield,NY,14469,US,(585) 257-5006,https://filipinogrocerydelivery.com/,https://www.google.com/maps/place/S%26S+Kultura+at+Kusina+LLC/data=!4m7!3m6!1s0x89d13ba0dd2fe1cb:0xae8bcda9953315c2!8m2!3d42.9017608!4d-77.4208266!16s%2Fg%2F11wmkk4h41!19sChIJy-Ev3aA70YkRwhUzlanNi64?authuser=0&hl=en&rclk=1,Restaurant,,4.9,52,11 AM-8 PM,"lumpia, price, take out, bento, groceries, baked goods, papaya, chicken kabob, macaroni salad, siopao",
Tadhana,151 Allen St,New York,NY,10002,US,(646) 360-4939,http://www.tadhananyc.com/,https://www.google.com/maps/place/Tadhan%C3%A0/data=!4m7!3m6!1s0x89c2590037ca544b:0x95cc6c98fada518b!8m2!3d40.7209237!4d-73.9899319!16s%2Fg%2F11vzfj_tp9!19sChIJS1TKNwBZwokRi1Ha-phszJU?authuser=0&hl=en&rclk=1,Restaurant,,4.4,149,6-10 PM,"tasting menu, course, caviar, fee, tip, fine dining, BYOB, duck, wagyu, sinuglaw",
Tagpuan NYC,70-06 Roosevelt Ave,Jackson Heights,NY,11372,US,(718) 440-9182,https://www.tagpuannyc.com/,https://www.google.com/maps/place/Tagpuan+NYC/data=!4m7!3m6!1s0x89c25f8fb92393c7:0x8cabe715a72ceb4d!8m2!3d40.7462667!4d-73.8951198!16s%2Fg%2F11x1lt_nyh!19sChIJx5MjuY9fwokRTesspxXnq4w?authuser=0&hl=en&rclk=1,Restaurant,"Bakery, Dessert & Cafe",4.6,26,7 AM-7 PM,"pastries, coffee, pasta, pandan, ube, broth, buffet, lechon kawali",
The Buren,1223 Broadway,Brooklyn,NY,11221,US,(718) 684-3023,http://theburenbkny.com/,https://www.google.com/maps/place/The+Buren/data=!4m7!3m6!1s0x89c25dacb4cd6873:0x222ec8768c20f292!8m2!3d40.6919827!4d-73.9261092!16s%2Fg%2F11g21r11lc!19sChIJc2jNtKxdwokRkvIgjHbILiI?authuser=0&hl=en&rclk=1,"Bakery, Dessert & Cafe",,4,356,8 AM-5 PM,"laptop, bagel, brunch, croissant, bar, avocado toast, environment, waffle, chicken sandwich, beer",
The Mami House,250 Rainbow Blvd,Niagara Falls,NY,14303,US,(716) 304-5100,http://themamihouse.com/,https://www.google.com/maps/place/The+Mami+House/data=!4m7!3m6!1s0x89d343d450112f1d:0xa1443b6be5d35073!8m2!3d43.084217!4d-79.0591278!16s%2Fg%2F11t3v15_6_!19sChIJHS8RUNRD04kRc1DT5Ws7RKE?authuser=0&hl=en&rclk=1,Restaurant,,4.6,449,11 AM-9 PM,"area, fried pork belly, beef pares, garlic fried rice, chicken skewers, dumplings, tip, egg rolls, fried siomai, noodle soup",
Tito Rad's Grill,49-10 Queens Blvd,Woodside,NY,11377,US,(718) 205-7299,http://www.titorads.com/,https://www.google.com/maps/place/Tito+Rad%27s+Grill/data=!4m7!3m6!1s0x89c25edef78d55e9:0xb3fd31b6055aa4d0!8m2!3d40.742463!4d-73.9155641!16s%2Fg%2F1tm69w5l!19sChIJ6VWN995ewokR0KRaBbYx_bM?authuser=0&hl=en&rclk=1,Restaurant,,4.3,1280,11 AM-8 PM,"tuna, crispy pata, ukoy, jaw, appetizer, lumpiang shanghai, vinegar, avocado, fritter, pork knuckle",
Tradisyon,135 W 50th St # 11-5,New York,NY,10020,US,(646) 866-6900,http://www.tradisyonnyc.com/,https://www.google.com/maps/place/Tradisyon/data=!4m7!3m6!1s0x89c259717a3e2977:0x24259dd157efb2d5!8m2!3d40.7609792!4d-73.9825101!16s%2Fg%2F11j936v72p!19sChIJdyk-enFZwokR1bLvV9GdJSQ?authuser=0&hl=en&rclk=1,Restaurant,,4.4,569,11 AM-9 PM,"pork adobo, squid adobo, lechon kawali, chicken adobo, kamayan, short ribs, beef salpicao, bokchoy, beef sinigang, chicken skewers",
Tropical Grille,126 NY-304,Nanuet,NY,10954,US,(845) 624-2420,https://www.facebook.com/share/1BagtApMV5/?mibextid=wwXIfr,https://www.google.com/maps/place/Tropical+Grille/data=!4m7!3m6!1s0x89c2e83ad503aaf9:0xcae471985c9da4a3!8m2!3d41.103183!4d-73.9965904!16s%2Fg%2F1tf7c0db!19sChIJ-aoD1TrowokRo6SdXJhx5Mo?authuser=0&hl=en&rclk=1,Restaurant,,4.5,94,10 AM-7 PM,"prices, grocery store, catering, halo halo, take out, holidays, parties, choose, cafeteria, steak",
Tropical Hut Filipino Cuisine,1 Spring Valley Market Pl,Spring Valley,NY,10977,US,(845) 371-8200,http://www.tropicalhutcatering.com/,https://www.google.com/maps/place/Tropical+Hut+Filipino+Cuisine/data=!4m7!3m6!1s0x89c2e96bb6581ef9:0x89b886ce7d001a17!8m2!3d41.1062729!4d-74.0290432!16s%2Fg%2F11gjrtq5w6!19sChIJ-R5YtmvpwokRFxoAfc6GuIk?authuser=0&hl=en&rclk=1,Restaurant,,4.6,158,11 AM-7 PM,"prices, grocery store, area, selection, pork, grilled, halo-halo, empanadas, snack, catering",
AuntysFilipinoDesserts,651 McKnight St #334,Las Vegas,NV,89101,US,(702) 443-0282,,https://www.google.com/maps/place/AuntysFilipinoDesserts/data=!4m7!3m6!1s0x80c8c36b338a1bcb:0xe344eee68efcc42f!8m2!3d36.1752783!4d-115.1144298!16s%2Fg%2F11q7zgdxpq!19sChIJyxuKM2vDyIARL8T8jubuROM?authuser=0&hl=en&rclk=1,"Bakery, Dessert & Cafe",,0,0,12-6 PM,,
Cafe de Manila,4155 S Buffalo Dr #103,Las Vegas,NV,89147,US,(702) 485-6110,https://m.facebook.com/CafeDeManilaLV/,https://www.google.com/maps/place/Cafe+de+Manila/data=!4m7!3m6!1s0x80c8c7894e6bd679:0xea0c4cb9d215c8fd!8m2!3d36.1130397!4d-115.2618058!16s%2Fg%2F11h4dysmwx!19sChIJedZrTonHyIAR_cgV0rlMDOo?authuser=0&hl=en&rclk=1,Restaurant,,4.3,140,9 AM-8 PM,"pancit, sinigang, lechon kawali, kare kare, price, oil, party, pork adobo, reception, timers",
D' Pinoy Joint Flamingo,6820 W Flamingo Rd,Las Vegas,NV,89103,US,(702) 675-4771,,https://www.google.com/maps/place/D%27+Pinoy+Joint+Flamingo/data=!4m7!3m6!1s0x80c8c7268c309fb7:0x4e762696a333216a!8m2!3d36.1149943!4d-115.2408823!16s%2Fg%2F11b5z4m489!19sChIJt58wjCbHyIARaiEzo5Ymdk4?authuser=0&hl=en&rclk=1,Restaurant,,4.1,428,10 AM-9 PM,"price, pancit, party, halo halo, lechon kawali, crispy pata, water, home, room, plates",
D'Pinoy Joint S. Las Vegas blvd,7680 S Las Vegas Blvd,Las Vegas,NV,89123,US,(702) 483-3340,,https://www.google.com/maps/place/D%27Pinoy+Joint+S.+Las+Vegas+blvd/data=!4m7!3m6!1s0x80c8cf4362b4cf6b:0xc2919c08907d96ff!8m2!3d36.0503841!4d-115.1713236!16s%2Fg%2F11d_1n3dnj!19sChIJa8-0YkPPyIAR_5Z9kAickcI?authuser=0&hl=en&rclk=1,Restaurant,,4,352,10 AM-9 PM,"halo halo, dessert, pancit, crispy pata, outlet, lechon kawali, fish, adobo, kare kare, lumpia",
Fiesta Filipina Cuisine,2980 St Rose Pkwy,Henderson,NV,89052,US,(702) 476-1122,,https://www.google.com/maps/place/Fiesta+Filipina+Cuisine/data=!4m7!3m6!1s0x80c8ce6cd5578861:0xe8dafd56b5693ab6!8m2!3d36.0054512!4d-115.1179199!16s%2Fg%2F1tmqm1sf!19sChIJYYhX1WzOyIARtjpptVb92ug?authuser=0&hl=en&rclk=1,Restaurant,Quick Bites & Turo-Turo,4.3,371,10 AM-7:30 PM,"price, pancit, take out, crispy pata, lumpia, selection, craving, halo halo, pork, beef steak",
Fiesta Filipina Cuisine,8565 W Warm Springs Rd,Las Vegas,NV,89113,US,(702) 776-7733,https://order.online/business/fiesta-filipina-cuisine-44742,https://www.google.com/maps/place/Fiesta+Filipina+Cuisine/data=!4m7!3m6!1s0x80c8c7f4014404cb:0xcc468da101fbafd9!8m2!3d36.0539077!4d-115.2781345!16s%2Fg%2F11bxg3ych6!19sChIJywREAfTHyIAR2a_7AaGNRsw?authuser=0&hl=en&rclk=1,Restaurant,,4.1,289,9 AM-7:30 PM,"price, pork, dessert, selection, cafeteria, bbq, buffet, kare kare, cashier, questions",
Fiesta Filipina Cuisine,3310 S Jones Blvd,Las Vegas,NV,89146,US,(702) 252-0664,http://fiestafilipinacuisine.net/,https://www.google.com/maps/place/Fiesta+Filipina+Cuisine/data=!4m7!3m6!1s0x80c8c6d2796163af:0x8356bc6b0b799ff5!8m2!3d36.1283937!4d-115.2245196!16s%2Fg%2F1tgc016x!19sChIJr2NhedLGyIAR9Z95C2u8VoM?authuser=0&hl=en&rclk=1,Restaurant,,4,372,10 AM-7:30 PM,"price, pork, dessert, selection, cafeteria, bbq, buffet, kare kare, cashier, questions",
Filipino Fast Food & Asian Market,"Serene Plaza, 1850 E Serene Ave",Las Vegas,NV,89123,US,,,https://www.google.com/maps/place/Filipino+Fast+Food+%26+Asian+Market/data=!4m7!3m6!1s0x80c8ce458014703d:0xeeae326435720465!8m2!3d36.0212683!4d-115.1265823!16s%2Fg%2F11bz_3d918!19sChIJPXAUgEXOyIARZQRyNWQyru4?authuser=0&hl=en&rclk=1,Supermarket & Grocery,Quick Bites & Turo-Turo,3.9,37,9 AM-6:30 PM,"filipino food, prices",
Filipinos food,9890 S Maryland Pkwy,Las Vegas,NV,89183,US,,,https://www.google.com/maps/place/Filipinos+food/data=!4m7!3m6!1s0x80c8cf0001136b0b:0x6ebb9d920507943c!8m2!3d36.0100908!4d-115.1346859!16s%2Fg%2F11xcmmp8l3!19sChIJC2sTAQDPyIARPJQHBZKdu24?authuser=0&hl=en&rclk=1,Restaurant,,0,0,,,
FULL HOUSE BBQ,9890 S Maryland Pkwy unit d19,Las Vegas,NV,89183,US,(702) 227-4663,https://www.fullhousebbqlv.com/,https://www.google.com/maps/place/FULL+HOUSE+BBQ/data=!4m7!3m6!1s0x80c8ce5e6d3a48cb:0x6503e433d1a9b60!8m2!3d36.0101972!4d-115.1358556!16s%2Fg%2F1pzsxsv7p!19sChIJy0g6bV7OyIARYJsaPUM-UAY?authuser=0&hl=en&rclk=1,Restaurant,,4.3,421,11 AM-8 PM,"halo halo, presentation, pork belly, fried rice, oxtail, fusion, shumai, tacos, light, bicol express",
Grill City,3886 Maryland Pkwy,Las Vegas,NV,89119,US,(702) 851-6727,http://www.grillcity.com/,https://www.google.com/maps/place/Grill+City/data=!4m7!3m6!1s0x80c8c4f976694773:0x226dab29d41917b8!8m2!3d36.1183674!4d-115.1357827!16s%2Fg%2F11fzb1ddmy!19sChIJc0dpdvnEyIARuBcZ1CmrbSI?authuser=0&hl=en&rclk=1,Restaurant,,2.6,85,7 AM-9 PM,"BBQ, money, delivery, phone, cashier, appetite, system, tomato, music, disappointed",
HALO HALO FILIPINO KITCHEN,"The venetian resort, 3377 S Las Vegas Blvd, #2258 Space 2258 at the Grand Canal Shoppes Food Court",Las Vegas,NV,89109,US,(702) 463-9279,http://www.halohalogrill.com/,https://www.google.com/maps/place/HALO+HALO+FILIPINO+KITCHEN/data=!4m7!3m6!1s0x80c8c5f283d5ce55:0xfb6b3637fb5de40a!8m2!3d36.1216551!4d-115.1683969!16s%2Fg%2F11m419xndn!19sChIJVc7Vg_LFyIARCuRd-zc2a_s?authuser=0&hl=en&rclk=1,"Bakery, Dessert & Cafe",Quick Bites & Turo-Turo,3.8,200,9:30 AM-10 PM,"food court, egg, lumpia, turon, chicken inasal, tocino, tapa, chicken adobo, cashier, palabok",
Island Pacific Supermarket and Seafood,8650 W Tropicana Ave,Las Vegas,NV,89147,US,(702) 476-0400,https://islandpacificmarket.com/stores/tropicana/,https://www.google.com/maps/place/Island+Pacific+Supermarket+and+Seafood/data=!4m7!3m6!1s0x80c8c75fada6333f:0xb166955355602f1!8m2!3d36.101388!4d-115.2805424!16s%2Fg%2F11cn3pcyzv!19sChIJPzOmrV_HyIAR8QJWNVVpFgs?authuser=0&hl=en&rclk=1,Supermarket & Grocery,Restaurant,4.2,1597,7 AM-9 PM,"fish, fresh, produce, cashier, bakery, smells, desserts, food court, grill, fast food",
Joshan Filipino Oriental Market,6325 E Russell Rd,Las Vegas,NV,89122,US,(702) 435-0031,,https://www.google.com/maps/place/Joshan+Filipino+Oriental+Market/data=!4m7!3m6!1s0x80c8d08534d66869:0x74350b97941ea899!8m2!3d36.0833333!4d-115.0338889!16s%2Fg%2F1vm_y4yz!19sChIJaWjWNIXQyIARmagelJcLNXQ?authuser=0&hl=en&rclk=1,Supermarket & Grocery,,4.5,224,9 AM-6 PM,"price, door, snacks, produce, convenient, filipino food, house, halo halo, lumpia, fresh food",
Kakanin Filipino Pasalubong Center,"Parking lot, 3655 S Durango Dr #9",Las Vegas,NV,89147,US,(725) 204-7283,http://kakaninfilipino.com/,https://www.google.com/maps/place/Kakanin+Filipino+Pasalubong+Center/data=!4m7!3m6!1s0x80c8c1dd42311aff:0xa6ab4136ec3ae0e6!8m2!3d36.1231459!4d-115.2798851!16s%2Fg%2F11rkp8pc4b!19sChIJ_xoxQt3ByIAR5uA67DZBq6Y?authuser=0&hl=en&rclk=1,"Bakery, Dessert & Cafe",Restaurant,4,37,10 AM-6 PM,"filipino food, halo halo, ube, snacks, price, sticky rice, milkshakes",
Kusina Ni Lorraine,3507 S Maryland Pkwy #1,Las Vegas,NV,89169,US,(702) 369-2613,,https://www.google.com/maps/place/Kusina+Ni+Lorraine/data=!4m7!3m6!1s0x80c8c4f69fba1a11:0xec12f1f6e6503cc0!8m2!3d36.1262384!4d-115.1374225!16s%2Fg%2F1tdz532h!19sChIJERq6n_bEyIARwDxQ5vbxEuw?authuser=0&hl=en&rclk=1,Restaurant,,3.9,467,9 AM-7 PM,"buffet, grocery, home, munggo, dinner, melon, pinakbet, pay, paper, ginataan",
Kusina Ni Lorraine,3275 W Ann Rd,North Las Vegas,NV,89031,US,(702) 636-9801,,https://www.google.com/maps/place/Kusina+Ni+Lorraine/data=!4m7!3m6!1s0x80c8e98190a1a28d:0xfbdb6195274e28a2!8m2!3d36.261103!4d-115.1842263!16s%2Fg%2F11bc6zbc0c!19sChIJjaKhkIHpyIARoihOJ5Vh2_s?authuser=0&hl=en&rclk=1,Restaurant,Quick Bites & Turo-Turo,4.3,407,7 AM-8 PM,"prices, pancit, groceries, take out, lumpia, fast food, home, dessert, party, sisig",
KUSINA ni Lorraine 3,"Serene Plaza, 1850 E Serene Ave",Las Vegas,NV,89123,US,(725) 233-1949,,https://www.google.com/maps/place/KUSINA+ni+Lorraine+3/data=!4m7!3m6!1s0x80c8ce457a5a31fd:0xef1cf7c572e675e!8m2!3d36.0213369!4d-115.1266203!16s%2Fg%2F1ptwd273m!19sChIJ_TFaekXOyIARXmcuV3zP8Q4?authuser=0&hl=en&rclk=1,Restaurant,Supermarket & Grocery,3.6,158,7 AM-7:30 PM,"price, groceries, selection, health, fried, market, fresh, average, buffet, review",
Kusina Ni Lorraine Filipino Fast Food & Asian Market,4343 N Rancho Dr,Las Vegas,NV,89130,US,(702) 515-1301,,https://www.google.com/maps/place/Kusina+Ni+Lorraine+Filipino+Fast+Food+%26+Asian+Market/data=!4m7!3m6!1s0x80c8ea590462ed3d:0xfe125ec0c29459a!8m2!3d36.2386299!4d-115.2332789!16s%2Fg%2F11bzt5k8g8!19sChIJPe1iBFnqyIARmkUpDOwl4Q8?authuser=0&hl=en&rclk=1,Restaurant,,4.1,293,8 AM-8 PM,"price, pancit, grocery store, home, clean, takeout, pork, check, area, instant noodles",
LEFTY-J'S ISLAND FAVORITES Restaurant #2,4550 S Maryland Pkwy D,Las Vegas,NV,89119,US,(702) 780-4610,,https://www.google.com/maps/place/LEFTY-J%E2%80%99S+ISLAND+FAVORITES+Restaurant+%232/data=!4m7!3m6!1s0x80c8c5b2a70f3997:0xaa6e313f23d50f8!8m2!3d36.1066115!4d-115.1368542!16s%2Fg%2F11fhw84rvj!19sChIJlzkPp7LFyIAR-FA98hPjpgo?authuser=0&hl=en&rclk=1,Restaurant,,4.7,758,10 AM-8 PM,"hawaiian food, mac salad, garlic chicken, chicken katsu, loco moco, filipino food, spam musubi, kalua pork, teriyaki ribeye, Hawaiian Sun",
Little Pampanga Philippine Cuisine,6325 E Russell Rd #105,Henderson,NV,89011,US,(702) 435-0392,,https://www.google.com/maps/place/Little+Pampanga+Philippine+Cuisine/data=!4m7!3m6!1s0x80c8d09aa56eaa6d:0x2c13f6f9573151f!8m2!3d36.0833093!4d-115.0338553!16s%2Fg%2F11cjs95h09!19sChIJbapupZrQyIARHxVzlW8_wQI?authuser=0&hl=en&rclk=1,Restaurant,,4.5,190,9 AM-5 PM,"price, BBQ, home, sinigang, convenient, grocery store, door, tray, fried fish, stew",
Mang Felix Kitchen Bar and Cafe,3528 S Maryland Pkwy #100,Las Vegas,NV,89169,US,(702) 227-0128,http://mangfelix2.com/,https://www.google.com/maps/place/Mang+Felix+Kitchen+Bar+and+Cafe/data=!4m7!3m6!1s0x80c8cf4e9e0d299b:0xa3813513ed46c6c9!8m2!3d36.1240289!4d-115.1358418!16s%2Fg%2F11kq20r1gw!19sChIJmykNnk7PyIARycZG7RM1gaM?authuser=0&hl=en&rclk=1,Restaurant,"Bakery, Dessert & Cafe",4.1,75,11 AM-12 AM,"server, atmosphere, filipino, chicken lumpia, halo halo, kare kare, sisig, live music, lechon belly, turon",
Mang Felix Kitchen Rainbow,7080 S Rainbow Blvd,Las Vegas,NV,89118,US,(702) 834-8998,https://mangfelix.com/?utm_source=google,https://www.google.com/maps/place/Mang+Felix+Kitchen+Rainbow/data=!4m7!3m6!1s0x80c8c878ceb377fb:0x3d09ae294a93e651!8m2!3d36.0600624!4d-115.2416857!16s%2Fg%2F11dfm7j20v!19sChIJ-3ezznjIyIARUeaTSimuCT0?authuser=0&hl=en&rclk=1,Restaurant,,4.3,665,8 AM-10 PM,"pho, vietnamese, chinese food, broth, egg rolls, beef pares, pork chops, soft shell crab, vermicelli, lumpiang ubod",
Manila BBQ & Seafood Grill,4500 E Sunset Rd Unit 14,Henderson,NV,89014,US,(702) 909-5621,https://facebook.com/kuyasmanilabbq/,https://www.google.com/maps/place/Manila+BBQ+%26+Seafood+Grill/data=!4m7!3m6!1s0x80c8d01220499f77:0x1195076b04d24e64!8m2!3d36.0719793!4d-115.0758926!16s%2Fg%2F11f5h3jfk8!19sChIJd59JIBLQyIARZE7SBGsHlRE?authuser=0&hl=en&rclk=1,Restaurant,,4.1,224,9 AM-7 PM,"filipino food, rice, pancit, to go, buffet, plate, sinigang, chicken inasal, lechon, lumpia",
Manila Hong Kong Store & Kitchen,2233 Oddie Blvd,Sparks,NV,89431,US,(775) 331-7877,https://www.manilahkstore.com/,https://www.google.com/maps/place/Manila+Hong+Kong+Store+%26+Kitchen/data=!4m7!3m6!1s0x809938b01a0623ab:0xf3ac72fc4ac62cc3!8m2!3d39.5444842!4d-119.7742265!16s%2Fg%2F1vg_d334!19sChIJqyMGGrA4mYARwyzGSvxyrPM?authuser=0&hl=en&rclk=1,Supermarket & Grocery,,4.1,310,9 AM-7 PM,"prices, filipino food, cook, lechon, ube, shelf, spices, halo halo, molds, expiration date",
"Max's Restaurant Las Vegas, Cuisine of the Philippines",1290 E Flamingo Rd,Las Vegas,NV,89119,US,(702) 433-4554,https://www.maxsrestaurantna.com/,"https://www.google.com/maps/place/Max%27s+Restaurant+Las+Vegas,+Cuisine+of+the+Philippines/data=!4m7!3m6!1s0x80c8c4febc159149:0x8ecc5914f0730d7d!8m2!3d36.1149157!4d-115.13662!16s%2Fg%2F1q2wg68s8!19sChIJSZEVvP7EyIARfQ1z8BRZzI4?authuser=0&hl=en&rclk=1",Restaurant,,4.1,968,12-7 PM,"garlic rice, server, party, crispy, skewers, disappointment, ube ice cream, lumpia, vacation, crab meat",
Nanay Gloria's Filipino Restaurant,5980 W Spring Mountain Rd #2c,Las Vegas,NV,89146,US,(702) 252-3255,,https://www.google.com/maps/place/Nanay+Gloria%27s+Filipino+Restaurant/data=!4m7!3m6!1s0x80c8c6ce3ce8a975:0x30ac4417639790e9!8m2!3d36.1261111!4d-115.2233333!16s%2Fg%2F12hk32_n3!19sChIJdanoPM7GyIAR6ZCXYxdErDA?authuser=0&hl=en&rclk=1,Restaurant,Quick Bites & Turo-Turo,4,406,8 AM-9 PM,"selection, all you can eat, plate, desserts, pay, kare kare, tax, lumpia, house, dinner",
Oming's Kitchen Blue Diamond,5180 Blue Diamond Rd #105,Las Vegas,NV,89139,US,(702) 722-3171,http://www.omingskitchen.com/,https://www.google.com/maps/place/Oming%27s+Kitchen+Blue+Diamond/data=!4m7!3m6!1s0x80c8c490a466d7a7:0x4a5bb78dbc482fc6!8m2!3d36.0312759!4d-115.2120375!16s%2Fg%2F1q64q0lyt!19sChIJp9dmpJDEyIARxi9IvI23W0o?authuser=0&hl=en&rclk=1,Restaurant,Quick Bites & Turo-Turo,4.5,466,10 AM-8 PM,"pork belly, pancit, lumpia, sisig, bowl, beef adobo, food truck, BBQ, crispy pata, cashier",
Oming's Kitchen Sahara and Nellis,"Sahara and Nellis, 2232 S Nellis Blvd Unit #1",Las Vegas,NV,89104,US,(702) 541-6763,http://www.omingskitchen.com/,https://www.google.com/maps/place/Oming%27s+Kitchen+Sahara+and+Nellis/data=!4m7!3m6!1s0x80c8db34c186c5bf:0xbc4c80bf5001fd4d!8m2!3d36.1458547!4d-115.063476!16s%2Fg%2F11ss0w1ny4!19sChIJv8WGwTTbyIARTf0BUL-ATLw?authuser=0&hl=en&rclk=1,Restaurant,Quick Bites & Turo-Turo,4.6,105,10 AM-8 PM,"lumpia, pork belly, pancit, sisig, garlic rice, price, bbq, longanisa, tapa, adobo beef",
PhilHouse,"Nellis Plaza, 317 N Nellis Blvd",Las Vegas,NV,89110,US,(702) 780-4037,https://shop.islandpacificmarket.com/shop/browse/PhilHouse/Party_Platters_1cc04a,https://www.google.com/maps/place/PhilHouse/data=!4m7!3m6!1s0x80c8dbe3458caafd:0xec21c9c06d4d6f45!8m2!3d36.1677783!4d-115.0636486!16s%2Fg%2F11r3524r6r!19sChIJ_aqMRePbyIARRW9NbcDJIew?authuser=0&hl=en&rclk=1,Restaurant,,3.6,30,7 AM-8 PM,"to choose, leftovers, mother's",
Pink Duck Kitchen,1205 W Sunset Rd Suite 180,Henderson,NV,89014,US,(702) 844-8300,https://pinkduckkitchen.com/,https://www.google.com/maps/place/Pink+Duck+Kitchen/data=!4m7!3m6!1s0x80c8d150f95a4993:0xdff823e784befa56!8m2!3d36.0630833!4d-115.0382036!16s%2Fg%2F11tc_9tn0x!19sChIJk0la-VDRyIARVvq-hOcj-N8?authuser=0&hl=en&rclk=1,Restaurant,,4.4,147,9 AM-3 PM,"brunch, ube pancakes, mimosas, banana bread french toast, filipino, ube waffles, lechon kawali, chicken and waffles, short rib, champagne",
Pinoy 1968 Restaurant & Buffet,340 N Boulder Hwy,Henderson,NV,89015,US,(702) 564-2541,,https://www.google.com/maps/place/Pinoy+1968+Restaurant+%26+Buffet/data=!4m7!3m6!1s0x80c8d7cbf660cf2b:0x9f831e900665c0b2!8m2!3d36.0432149!4d-114.9852369!16s%2Fg%2F11v064kmxc!19sChIJK89g9svXyIARssBlBpAeg58?authuser=0&hl=en&rclk=1,Restaurant,,4,116,9 AM-4 PM,"filipino food, price, selection, plates, dessert, halo halo, sinigang, all you can eat, kare kare, bulalo",
Project BBQ,8 Fremont Street Experience,Las Vegas,NV,89101,US,(702) 726-5491,https://www.circalasvegas.com/drink-dine/project-bbq/,https://www.google.com/maps/place/Project+BBQ/data=!4m7!3m6!1s0x80c8c3a1a5287ff1:0xbda75a91ad7f2e9c!8m2!3d36.171837!4d-115.1458384!16s%2Fg%2F11c6zw6r_l!19sChIJ8X8opaHDyIARnC5_rZFap70?authuser=0&hl=en&rclk=1,Restaurant,,4.3,903,11 AM-1 AM,"chips, bowl, food truck, brisket tacos, truffle, brisket empanadas, elote, churros, steak kabobs, homeless",
Seafood City Supermarket,6435 N Decatur Blvd,Las Vegas,NV,89131,US,(702) 425-6973,http://www.seafoodcity.com/,https://www.google.com/maps/place/Seafood+City+Supermarket/data=!4m7!3m6!1s0x80c8eb8a32b78031:0x2221c2b6f0fd7ec8!8m2!3d36.276843!4d-115.2097578!16s%2Fg%2F11g1grckq7!19sChIJMYC3MorryIARyH798LbCISI?authuser=0&hl=en&rclk=1,Supermarket & Grocery,,4.2,1272,8 AM-9 PM,"fish, clean, asian food, produce, grill, fresh, bakery, bbq, food court, butcher",
Seafood City Supermarket,7230 Arroyo Crossing Pkwy,Las Vegas,NV,89113,US,(702) 765-0885,http://seafoodcity.com/,https://www.google.com/maps/place/Seafood+City+Supermarket/data=!4m7!3m6!1s0x80c8c7f768bb4291:0x5f3c9b510c921a23!8m2!3d36.0645815!4d-115.2503489!16s%2Fg%2F11f659f_b_!19sChIJkUK7aPfHyIARIxqSDFGbPF8?authuser=0&hl=en&rclk=1,Supermarket & Grocery,,4,851,8 AM-9 PM,"fish, clean, asian food, produce, grill, fresh, bakery, bbq, food court, butcher",
Tambayan BBQ,1717 S Decatur Blvd a38,Las Vegas,NV,89102,US,(702) 800-1837,,https://www.google.com/maps/place/Tambayan+BBQ/data=!4m7!3m6!1s0x80c8c158b1261edb:0xcaba054949d98abd!8m2!3d36.1507889!4d-115.2056107!16s%2Fg%2F11yb7w8pvm!19sChIJ2x4msVjByIARvYrZSUkFuso?authuser=0&hl=en&rclk=1,Quick Bites & Turo-Turo,Food Truck & Pop-Up,4.9,171,9 AM-9 PM,"filipino food, taste, street food, lemonade, pares, fantastic indoor swap meet las vegas, siopao, garlic rice, halo halo, taho",
Tina's Filipino Cuisine,7720 S Jones Blvd #105,Las Vegas,NV,89139,US,(702) 998-5880,https://tinasfilipinocuisine.com/,https://www.google.com/maps/place/Tina%27s+Filipino+Cuisine/data=!4m7!3m6!1s0x80c8c89d3495a3bd:0xc0cc23d5869597de!8m2!3d36.0488775!4d-115.2244699!16s%2Fg%2F11bt_8pykz!19sChIJvaOVNJ3IyIAR3peVhtUjzMA?authuser=0&hl=en&rclk=1,Restaurant,,4.2,402,10 AM-8 PM,"pancit, home, pork, buffet, lumpia, lechon kawali, bangus, adobo, cook, garlic rice",
Toto's grill Las Vegas,3910 S Maryland Pkwy,Las Vegas,NV,89119,US,(702) 550-3887,http://www.totos-grill.com/,https://www.google.com/maps/place/Toto%27s+grill+Las+Vegas/data=!4m7!3m6!1s0x80c8c5d08293aae7:0x917212528167e005!8m2!3d36.117898!4d-115.1368053!16s%2Fg%2F11fj7462v8!19sChIJ56qTgtDFyIARBeBngVIScpE?authuser=0&hl=en&rclk=1,Restaurant,,4.3,157,11 AM-8 PM,"street food, price, skewers, isaw, pork bbq, dip, siomai, chicharon bulaklak, intestine, fish balls",
88 Cues - Filipino Classics,"701 N Northlake Way, Seattle, WA 98103",Seattle,WA,98109,US,(425) 319-3944,https://www.88cues.com/,https://www.google.com/maps/place/88+Cues+-+Filipino+Classics/data=!4m7!3m6!1s0x5490151f7a9eb85d:0x7c86401ffeb66ef6!8m2!3d47.6486478!4d-122.3494368!16s%2Fg%2F11t_w35lyb!19sChIJXbieeh8VkFQR9m62_h9Ahnw?authuser=0&hl=en&rclk=1,Restaurant,,4.2,11,10:30 AM-3:30 PM,"pancit, lumpia, price, farmers market, chicken adobo, garlic",
Alex's Pilipino Store,2700 NE Andresen Rd A1B,Vancouver,WA,98661,US,(360) 750-7424,,https://www.google.com/maps/place/Alex%27s+Pilipino+Store/data=!4m7!3m6!1s0x5495af82305a514d:0xba56a0aedff62ecc!8m2!3d45.6421743!4d-122.6012663!16s%2Fg%2F1tgn9b81!19sChIJTVFaMIKvlVQRzC72366gVro?authuser=0&hl=en&rclk=1,Supermarket & Grocery,,4.5,69,9:30 AM-7 PM,"prices, snacks, selection, filipino food, balikbayan box, bag, pay",
Aloha Grill,210 SW 43rd St,Renton,WA,98057,US,(425) 970-4599,http://www.alohagrillrenton.com/,https://www.google.com/maps/place/Aloha+Grill/data=!4m7!3m6!1s0x54905d1d2ba47a7d:0xd9ae3b3e2113adf8!8m2!3d47.4416667!4d-122.2205556!16s%2Fg%2F1pp2wzy4f!19sChIJfXqkKx1dkFQR-K0TIT47rtk?authuser=0&hl=en&rclk=1,Restaurant,,4.4,618,11 AM-7 PM,"mac salad, loco moco, spam musubi, kalua pork, island, garlic, kalbi, patty, kahlua, orange chicken",
Asian Market International,4197 Kitsap Way,Bremerton,WA,98312,US,(360) 627-7722,https://asian-market-international.ueniweb.com/,https://www.google.com/maps/place/Asian+Market+International/data=!4m7!3m6!1s0x5490371751ea0a3d:0x48bf57d1a25808b2!8m2!3d47.5676801!4d-122.6698601!16s%2Fg%2F11f_4scsnr!19sChIJPQrqURc3kFQRsghYotFXv0g?authuser=0&hl=en&rclk=1,Supermarket & Grocery,,4.5,280,9 AM-8 PM,"prices, selection, ingredients, produce, snacks, filipino food, expiration date, siopao, quail eggs, lumpia",
Big Boys Kainan,21230 84th Ave S,Kent,WA,98032,US,(253) 285-2414,http://www.bigboyskainan.com/,https://www.google.com/maps/place/Big+Boys+Kainan/data=!4m7!3m6!1s0x54905c6a16713b29:0x2b9b4ffbfe835360!8m2!3d47.4108486!4d-122.2273637!16s%2Fg%2F11clllk8ly!19sChIJKTtxFmpckFQRYFOD_vtPmys?authuser=0&hl=en&rclk=1,Restaurant,,4.4,361,11 AM-7 PM,"filipino food, garlic rice, adobo, lumpia, burrito, sisig, waffle, ube, calamansi, musubi",
Bry's Filipino Cuisine,1151 N State St,Bellingham,WA,98225,US,(360) 223-1022,http://brysfc.com/,https://www.google.com/maps/place/Bry%27s+Filipino+Cuisine/data=!4m7!3m6!1s0x5485a300429555c3:0xb35f31e3d1cd37de!8m2!3d48.7473319!4d-122.4792389!16s%2Fg%2F11vr1457r2!19sChIJw1WVQgCjhVQR3jfN0eMxX7M?authuser=0&hl=en&rclk=1,Restaurant,,4.8,168,11 AM-9 PM,"brussels sprouts, lumpia, pork adobo, salmon, ube, the menu, food truck, cocktails, food and service, bowl",
Captain Adobo,3711 Steilacoom Blvd SW,Lakewood,WA,98499,US,(206) 715-6980,,https://www.google.com/maps/place/Captain+Adobo/data=!4m7!3m6!1s0x549101006c5717ff:0xeb433393630795e1!8m2!3d47.1770462!4d-122.4859202!16s%2Fg%2F11y9_m35hb!19sChIJ_xdXbAABkVQR4ZUHY5MzQ-s?authuser=0&hl=en&rclk=1,Restaurant,,4.8,39,11 AM-7 PM,"filipino food, lumpia, food truck, prices, lechon kawali, chicken adobo, portion sizes, sausage, pancit, mac salad",
Casipi Filipino Store,2323 E Section St #130,Mount Vernon,WA,98274,US,(360) 399-7612,,https://www.google.com/maps/place/Casipi+Filipino+Store/data=!4m7!3m6!1s0x54856b2851040591:0xbf28aa8885ccfc4e!8m2!3d48.4141632!4d-122.3125221!16s%2Fg%2F11t_zr9j4g!19sChIJkQUEUShrhVQRTvzMhYiqKL8?authuser=0&hl=en&rclk=1,Supermarket & Grocery,,5,35,10 AM-8 PM,"snacks, produce",
CheBogz,2710 Beacon Ave S,Seattle,WA,98144,US,(206) 446-0930,https://www.chebogz.com/,https://www.google.com/maps/place/CheBogz/data=!4m7!3m6!1s0x54906b79b402204b:0x5777d1a5197a7934!8m2!3d47.5789347!4d-122.3116321!16s%2Fg%2F11svwhflxp!19sChIJSyACtHlrkFQRNHl6GaXRd1c?authuser=0&hl=en&rclk=1,Restaurant,,4.7,208,11 AM-7:30 PM,"chicken adobo, lumpia, kare kare, island, dinner, pork sisig, pork ribs, food truck, tofu, inihaw",
Chowking,"Seafood City, Main Entrance, 1383 Southcenter Mall Floor 1",Seattle,WA,98188,US,(206) 241-2469,https://locations.chowkingusa.com/wa/seattle/1383-southcenter-mall-seafood-city-main-entrance?utm_medium=organic&utm_source=local&utm_campaign=googlelistings&utm_content=website&utm_term=1361663,https://www.google.com/maps/place/Chowking/data=!4m7!3m6!1s0x54905cd3078d9c73:0x97be69e86627fcb1!8m2!3d47.4594381!4d-122.2563603!16s%2Fg%2F1wj_szmq!19sChIJc5yNB9NckFQRsfwnZuhpvpc?authuser=0&hl=en&rclk=1,Restaurant,,3.6,301,9 AM-8 PM,"halo halo, siopao, filipino food, chow mein, cashier, mall, fast food, bowl, pancit, asado",
Dagupan Grill,3911 W 27th Ave #109,Kennewick,WA,99337,US,(509) 579-5980,https://dagupangrill.com/,"https://www.google.com/maps/place/Dagupan+Grill/@46.1841316,-119.172615,17z/data=!3m1!4b1!4m6!3m5!1s0x549878414f0bf9b5:0xd68798f3559efd73!8m2!3d46.1841316!4d-119.172615!16s%2Fg%2F11gfgck921?authuser=0&hl=en&entry=ttu&g_ep=EgoyMDI1MDgyNS4wIKXMDSoASAFQAw%3D%3D",Restaurant,,4.6,447,"11 AM-2:30 PM, 5-8:30 PM","atmosphere, fried rice, buffet, lumpia, pork belly, skewers, orange chicken, appetizer, the menu, water",
D'Unik Filipino Restaurant,18002 15th Ave NE,Shoreline,WA,98155,US,(206) 361-9474,,https://www.google.com/maps/place/D%27Unik+Filipino+Restaurant/data=!4m7!3m6!1s0x5490105106fea999:0x4459887692bab608!8m2!3d47.7595713!4d-122.3125029!16s%2Fg%2F11ckr5yj55!19sChIJman-BlEQkFQRCLa6knaIWUQ?authuser=0&hl=en&rclk=1,Restaurant,,4.6,79,11 AM-7 PM,"prices, lumpia, groceries, sinigang, couple, adobo, stew, noon, egg rolls, take out",
Enseamada Cafe,11114 Evergreen Wy ste a,Everett,WA,98204,US,(206) 519-4996,https://www.facebook.com/people/enseamada/100064760838481/,https://www.google.com/maps/place/Enseamada+Cafe/data=!4m7!3m6!1s0x5490076bec03db8b:0xf5823ab9ccc3e234!8m2!3d47.8972845!4d-122.2526481!16s%2Fg%2F11s4tgk4hm!19sChIJi9sD7GsHkFQRNOLDzLk6gvU?authuser=0&hl=en&rclk=1,Restaurant,,4.7,438,11 AM-7:30 PM,"bowl, ribs, mac salad, ube pancakes, ensaymada, island, soft serve, spam, hawaiian, corn flakes",
Fil Cuisine,23843 108th Ave SE,Kent,WA,98031,US,(253) 239-4429,https://filcuisine.com/filkent?utm_source=google,https://www.google.com/maps/place/Fil+Cuisine/data=!4m7!3m6!1s0x54905ea2123ead29:0x30777e5772dd35fc!8m2!3d47.3873826!4d-122.1976115!16s%2Fg%2F1tgg9nzq!19sChIJKa0-EqJekFQR_DXdcld-dzA?authuser=0&hl=en&rclk=1,Restaurant,,4.4,976,10 AM-7 PM,"halo halo, lumpia, home, lechon kawali, cooks, fried rice, pork adobo, oxtail, bowl, pompano",
Fil Cuisine,3333 184th St SW,Lynnwood,WA,98037,US,(425) 835-0748,https://filcuisine.com/fillynnwood?utm_source=google,https://www.google.com/maps/place/Fil+Cuisine/data=!4m7!3m6!1s0x5490050c75e90c2b:0xe18f9de4fce4df1e!8m2!3d47.8331213!4d-122.279667!16s%2Fg%2F11rr_lg7df!19sChIJKwzpdQwFkFQRHt_k_OSdj-E?authuser=0&hl=en&rclk=1,Restaurant,,4,303,10 AM-8 PM,"lechon kawali, lumpia, portion sizes, nilaga, door, pinakbet, mechado, delivery, pork adobo, leftovers",
Fil-Am Food & Gifts Inc.,15206 Aurora Ave N,Shoreline,WA,98133,US,(206) 367-4832,http://filamsantos.wixsite.com/filamstore,https://www.google.com/maps/place/Fil-Am+Food+%26+Gifts+Inc./data=!4m7!3m6!1s0x54901120e15102fb:0x7d9c7cd38123cf16!8m2!3d47.7393!4d-122.344023!16s%2Fg%2F1vxz99p3!19sChIJ-wJR4SARkFQRFs8jgdN8nH0?authuser=0&hl=en&rclk=1,Supermarket & Grocery,,4.7,79,11 AM-7 PM,"filipino food, halo halo, local, take out, lumpia, pregnant, baked",
Filipino Food Catered by Mariane,4335 WA-302,Belfair,WA,98528,US,(360) 535-3513,,"https://www.google.com/maps/place/Filipino+Food+Catered+by+Mariane/@47.3761985,-122.8105601,17z/data=!3m1!4b1!4m6!3m5!1s0x5491b550c16d2469:0x6fc45d160f5c464d!8m2!3d47.3761985!4d-122.8105601!16s%2Fg%2F11yjkvhlfj?authuser=0&hl=en&entry=ttu&g_ep=EgoyMDI1MDgyNS4wIKXMDSoASAFQAw%3D%3D",Quick Bites & Turo-Turo,,5,6,,,
Filipino Food Truck,200-208 W Holly St,Bellingham,WA,98225,US,,,https://www.google.com/maps/place/Filipino+Food+Truck/data=!4m7!3m6!1s0x5485a37aa1af624b:0xc5e64d4bd46292db!8m2!3d48.7507037!4d-122.4803259!16s%2Fg%2F11qlhbbnjt!19sChIJS2KvoXqjhVQR25Ji1EtN5sU?authuser=0&hl=en&rclk=1,Restaurant,,5,11,,lumpia,
Grill City,1368 Southcenter Mall #100,Tukwila,WA,98188,US,(206) 248-8114,https://www.grillcity.com/,https://www.google.com/maps/place/Grill+City/data=!4m7!3m6!1s0x54905cd3ac724ff5:0xe9679bae93906849!8m2!3d47.4598304!4d-122.2557771!16s%2Fg%2F1tglh09l!19sChIJ9U9yrNNckFQRSWiQk66bZ-k?authuser=0&hl=en&rclk=1,Restaurant,,3.8,509,8 AM-9 PM,"skewers, cashier, fish, grocery store, pork belly, home, choices, kare kare, party, money",
Hood Famous Bakeshop,"23251/2, 2325 NW Market St",Seattle,WA,98107,US,(206) 261-2066,http://www.hoodfamousbakeshop.com/,https://www.google.com/maps/place/Hood+Famous+Bakeshop/data=!4m7!3m6!1s0x549015c42eb651a5:0xed755c4bd74266f1!8m2!3d47.668447!4d-122.3873339!16s%2Fg%2F11cr_hnhf0!19sChIJpVG2LsQVkFQR8WZC10tcde0?authuser=0&hl=en&rclk=1,"Bakery, Dessert & Cafe",,4.7,88,,"cheesecakes, ube, flavor, mango, calamansi, filipino, purple yam, check, coffee",
"Island Cuisine, Inc.",109 Washington Ave,Bremerton,WA,98337,US,(360) 479-4229,,"https://www.google.com/maps/place/Island+Cuisine,+Inc./data=!4m7!3m6!1s0x5490337259799c83:0x8c568608d8b5fff2!8m2!3d47.563783!4d-122.6255342!16s%2Fg%2F11cklftzk8!19sChIJg5x5WXIzkFQR8v-12AiGVow?authuser=0&hl=en&rclk=1",Restaurant,Quick Bites & Turo-Turo,4.3,67,10 AM-5:30 PM,"lumpia, pancit, chicken adobo, price, pork adobo, portion sizes, takeout",
Island Flavors,2901 Perry Ave NE,Bremerton,WA,98310,US,(360) 479-2552,,https://www.google.com/maps/place/Island+Flavors/data=!4m7!3m6!1s0x549039c239753c7b:0x7e967c1be15e5f3a!8m2!3d47.5885687!4d-122.615408!16s%2Fg%2F1w0q_m4x!19sChIJezx1OcI5kFQROl9e4Rt8ln4?authuser=0&hl=en&rclk=1,Restaurant,,4.4,63,10 AM-6 PM,"filipino food, price, lumpia, pancit, stewed, choices",
Island Style Food & BBQ,2931 N Division St,Spokane,WA,99207,US,(509) 315-9478,https://www.islandstylefood.net/,https://www.google.com/maps/place/Island+Style+Food+%26+BBQ/data=!4m7!3m6!1s0x549e196ca71ff553:0xf6ba6fcc91a5a29f!8m2!3d47.6853089!4d-117.4116457!16s%2Fg%2F11qsv99krv!19sChIJU_Ufp2wZnlQRn6KlkcxvuvY?authuser=0&hl=en&rclk=1,Restaurant,,4.9,481,11 AM-9 PM,"macaroni salad, cucumber salad, food truck, teriyaki chicken, ube ice cream, kalbi, pineapple, dumplings, apples, katsu",
It's The Sweet Things,1206 Cornwall Ave,Bellingham,WA,98225,US,(360) 255-9998,http://www.itsthesweetthings.com/,https://www.google.com/maps/place/It%27s+The+Sweet+Things/data=!4m7!3m6!1s0x5485a317b57ac553:0xcdaef0fff87248d0!8m2!3d48.7488989!4d-122.4801893!16s%2Fg%2F11j0bkd5g2!19sChIJU8V6tRejhVQR0Ehy-P_wrs0?authuser=0&hl=en&rclk=1,"Bakery, Dessert & Cafe",,4.9,93,11 AM-6 PM,"cupcakes, desserts, vegan, gluten-free, carrot cake, almond, frosting, wedding cake, peanut butter, flavor",
Jeepney Cap Hill,1356 E Olive Wy,Seattle,WA,98122,US,(206) 979-7049,http://jeepneycaphill.com/,https://www.google.com/maps/place/Jeepney+Cap+Hill/data=!4m7!3m6!1s0x5490150ad147fe01:0x5687ef4532f55563!8m2!3d47.6169766!4d-122.3274135!16s%2Fg%2F11gjnb87dz!19sChIJAf5H0QoVkFQRY1X1MkXvh1Y?authuser=0&hl=en&rclk=1,Restaurant,,3.8,56,6-9:30 PM,"price, lumpia, sandwich, pork, bowl, adobo, take out, potatoes, ube, portion sizes",
Kamayan Pinoy Restaurant,601 N Rainier Ave,Bremerton,WA,98312,US,,,https://www.google.com/maps/place/Kamayan+Pinoy+Restaurant/data=!4m7!3m6!1s0x54903772a75d45bf:0xf9096cb88e3b3d92!8m2!3d47.5675794!4d-122.6511469!16s%2Fg%2F11c3s8jh8z!19sChIJv0Vdp3I3kFQRkj07jrhsCfk?authuser=0&hl=en&rclk=1,Restaurant,,0,0,,,
Kilig,710 8th Ave S,Seattle,WA,98104,US,(206) 778-4513,http://kiligseattle.com/,https://www.google.com/maps/place/Kilig/data=!4m7!3m6!1s0x54906b5fb8a7981d:0x32a2aebc43c6b06b!8m2!3d47.5965607!4d-122.3223335!16s%2Fg%2F11sw4dqbjd!19sChIJHZinuF9rkFQRa7DGQ7yuojI?authuser=0&hl=en&rclk=1,Restaurant,,4.3,181,12-9 PM,"tip, sinigang, bulalo, wings, service charge, cocktails, the menu, bowl, beef shank soup, beef soup",
Lin's Teriyaki Fish & Chips,32 NE Silver Pine Dr # 214,Bremerton,WA,98311,US,(360) 698-1094,https://linsteriyaki.menu11.com/bremerton/order,https://www.google.com/maps/place/Lin%27s+Teriyaki+Fish+%26+Chips/data=!4m7!3m6!1s0x54903a44d84e9d8f:0x297e2134fc0dd629!8m2!3d47.633199!4d-122.6488789!16s%2Fg%2F1v4pspvp!19sChIJj51O2EQ6kFQRKdYN_DQhfik?authuser=0&hl=en&rclk=1,Restaurant,,4.2,225,11 AM-8:30 PM,"prices, fish and chips, lumpia, pancit, to go, pork, sisig, kare kare, beef teriyaki, yakisoba",
Ludi's Restaurant,120 Stewart St,Seattle,WA,98101,US,(206) 239-2728,https://www.ludisrestaurantwa.com/,https://www.google.com/maps/place/Ludi%27s+Restaurant/data=!4m7!3m6!1s0x54906b5deb1e406d:0x3e69313b646d41fc!8m2!3d47.610944!4d-122.3407198!16s%2Fg%2F11sbc2b2xg!19sChIJbUAe611rkFQR_EFtZDsxaT4?authuser=0&hl=en&rclk=1,Restaurant,,4.6,2039,7 AM-3 PM,"ube pancakes, filipino, silog, garlic rice, loco moco, lumpia, longanisa, bistek, lechon, halo halo",
Lumpia Factory,417 Park Ave,Bremerton,WA,98337,US,(360) 692-5899,https://www.orderlumpiafactorybremerton.com/,https://www.google.com/maps/place/Lumpia+Factory/data=!4m7!3m6!1s0x54903a4bc8d694ab:0xe4c56626274f485a!8m2!3d47.5663813!4d-122.6305006!16s%2Fg%2F1tt0qtzw!19sChIJq5TWyEs6kFQRWkhPJyZmxeQ?authuser=0&hl=en&rclk=1,Restaurant,,4.5,224,10:30 AM-6:30 PM,"pancit, price, pork, adobo, home, dozen, beef lumpia, filling, amount, combo meal",
Lumpia Love Food Truck,7104 6th Ave,Tacoma,WA,98406,US,(253) 209-3872,http://lumpialovestore.com/,https://www.google.com/maps/place/Lumpia+Love+Food+Truck/data=!4m7!3m6!1s0x5491abacad777f55:0xa75975714e63f87c!8m2!3d47.2552704!4d-122.5321886!16s%2Fg%2F11sspzj2xs!19sChIJVX93rayrkVQRfPhjTnF1Wac?authuser=0&hl=en&rclk=1,Quick Bites & Turo-Turo,Restaurant,2.1,10,,"musubi, filipino food, pancit, adobo",
Lutong Pinoy,502 N Main St,Ellensburg,WA,98926,US,(509) 307-7841,,https://www.google.com/maps/place/Lutong+Pinoy/data=!4m7!3m6!1s0x5499f3c87f90b891:0xeba7d78b308602a6!8m2!3d46.9969433!4d-120.5484169!16s%2Fg%2F11hcfr6bl6!19sChIJkbiQf8jzmVQRpgKGMIvXp-s?authuser=0&hl=en&rclk=1,Restaurant,,4.9,69,,"BBQ, food truck, adobo, pancit, trip, pork belly, farmers market, name, egg rolls, pork bbq",
Manila Couve,612 N Devine Rd,Vancouver,WA,98661,US,(360) 718-2779,http://manilacouve.com/,https://www.google.com/maps/place/Manila+Couve/data=!4m7!3m6!1s0x5495a5456c388537:0xf3d49bbbe84c5d6a!8m2!3d45.6248184!4d-122.6138163!16s%2Fg%2F11shp2sxkq!19sChIJN4U4bEWllVQRal1M6Lub1PM?authuser=0&hl=en&rclk=1,Restaurant,,4.3,146,11 AM-8 PM,"mexican food, pancit, salsa, chips, the menu, pork adobo, lumpia, lechon kawali, halo halo, take out",
Manila's Pride Sari-Sari Store,1500 South 336th St #16,Federal Way,WA,98003,US,(253) 838-8860,,https://www.google.com/maps/place/Manila%27s+Pride+Sari-Sari+Store/data=!4m7!3m6!1s0x549057bd3fcbc4e3:0x16df8f40c86f7a11!8m2!3d47.3011852!4d-122.3152593!16s%2Fg%2F1tmxqqbw!19sChIJ48TLP71XkFQREXpvyECP3xY?authuser=0&hl=en&rclk=1,Restaurant,Supermarket & Grocery,4.5,88,,"lumpia, pork, adobo, price, sisig, healthy, sinigang, gem, area, party",
Maresol Restaurant,10505 Bridgeport Way SW,Lakewood,WA,98499,US,(253) 581-7248,,https://www.google.com/maps/place/Maresol+Restaurant/data=!4m7!3m6!1s0x5491011ec01580a1:0x10bc0cb851fb15!8m2!3d47.1620023!4d-122.5050157!16s%2Fg%2F1tngp_db!19sChIJoYAVwB4BkVQRFftRuAy8EAA?authuser=0&hl=en&rclk=1,Restaurant,,4.4,473,11 AM-6 PM,"lumpia, price, pancit, adobo, home, owner, mom, pork, to go, sinigang",
Mekenie Pampangga's Special | Filipino Restaurant,16928 116th Ave SE,Renton,WA,98058,US,(425) 572-0081,,https://www.google.com/maps/place/Mekenie+Pampangga%E2%80%99s+Special+%7C+Filipino+Restaurant/data=!4m7!3m6!1s0x54905d88566c95ed:0x67ac699fa80dfad4!8m2!3d47.4507575!4d-122.1847844!16s%2Fg%2F11grv8gd50!19sChIJ7ZVsVohdkFQR1PoNqJ9prGc?authuser=0&hl=en&rclk=1,Restaurant,,4.2,209,11:30 AM-7:30 PM,"sisig, pancit, lumpia, kare kare, adobo, pork, sinigang, calamansi, lemon, home",
Mum's Filipino Restaurant,4217 Wheaton Wy,Bremerton,WA,98310,US,(360) 813-1933,,https://www.google.com/maps/place/Mum%27s+Filipino+Restaurant/data=!4m7!3m6!1s0x54903a202048b7ab:0x233d2a10a5ce14bd!8m2!3d47.6056793!4d-122.6297985!16s%2Fg%2F11bz__fpqd!19sChIJq7dIICA6kFQRvRTOpRAqPSM?authuser=0&hl=en&rclk=1,Restaurant,,4.4,243,11 AM-9 PM,"fish and chips, lumpia, teriyaki, pancit, adobo, pork, sisig, shrimp, kare-kare, sinigang",
Musang,2524 Beacon Ave S,Seattle,WA,98144,US,(206) 535-5564,https://www.musangseattle.com/,https://www.google.com/maps/place/Musang/data=!4m7!3m6!1s0x54906b9ea048fa07:0x82d31b72e4d729b!8m2!3d47.5803751!4d-122.3127377!16s%2Fg%2F11fmb4_jzw!19sChIJB_pIoJ5rkFQRm3JNLrcxLQg?authuser=0&hl=en&rclk=1,Restaurant,,4.6,758,5-10 PM,"short rib, cocktails, service charge, tip, bibingka, fried chicken, scallops, small plates, mushroom sisig, hamachi",
Oriental Market,3919 E Trent Ave,Spokane,WA,99202,US,(509) 535-3936,https://m.facebook.com/Oriental-Market-190060594411203/,https://www.google.com/maps/place/Oriental+Market/data=!4m7!3m6!1s0x549e1f4c2063043b:0xb06c641f8bbc79fe!8m2!3d47.6711235!4d-117.3521881!16s%2Fg%2F1tf86t6y!19sChIJOwRjIEwfnlQR_nm8ix9kbLA?authuser=0&hl=en&rclk=1,Supermarket & Grocery,,4.4,414,11 AM-6 PM,"prices, ingredients, selection, thai, produce, spices, cook, middle eastern, staples, sesame balls",
Oriental Mart Filipino Restaurant,1506 Pike Pl #509,Seattle,WA,98101,US,(206) 622-8488,,https://www.google.com/maps/place/Oriental+Mart+Filipino+Restaurant/data=!4m7!3m6!1s0x54906ab2f0c728f7:0xc1a2b05fd5f04939!8m2!3d47.6088566!4d-122.3405796!16s%2Fg%2F11j34dy99f!19sChIJ9yjH8LJqkFQROUnw1V-wosE?authuser=0&hl=en&rclk=1,Restaurant,,4.5,221,11 AM-4 PM,"sinigang na salmon, longganisa, pork adobo, bangus, tourist trap, bones, chicken adobo, review, market, wall",
Papa Chi's Grill,14200 Tukwila International Blvd Suite 141,Tukwila,WA,98168,US,(206) 843-9413,,https://www.google.com/maps/place/Papa+Chi%27s+Grill/data=!4m7!3m6!1s0x549043d09ce6255d:0x3df72fae44ea7b16!8m2!3d47.4750597!4d-122.2835903!16s%2Fg%2F11x6p8ywg4!19sChIJXSXmnNBDkFQRFnvqRK4v9z0?authuser=0&hl=en&rclk=1,Restaurant,,5,3,11:30 AM-6 PM,,
Paraiso Filipino Native Foods,10518 S Tacoma Way C,Lakewood,WA,98499,US,(253) 584-6494,,https://www.google.com/maps/place/Paraiso+Filipino+Native+Foods/data=!4m7!3m6!1s0x5491010f5f455557:0x9083e7abd5fd8f00!8m2!3d47.1616396!4d-122.4849106!16s%2Fg%2F11c6zw8kf4!19sChIJV1VFXw8BkVQRAI_91avng5A?authuser=0&hl=en&rclk=1,Restaurant,,4.5,315,11 AM-6 PM,"halo halo, sisig, to go, lumpia, dinuguan, choice, kare kare, home, atmosphere, pork adobo",
Pepa's Lumpia Filipino Cuisine / Oriental Store,1220 Sylvan Way,Bremerton,WA,98310,US,(360) 627-8114,https://www.pepas-lumpia.com/,https://www.google.com/maps/place/Pepa%27s+Lumpia+Filipino+Cuisine+%2F+Oriental+Store/data=!4m7!3m6!1s0x549039efc17ba8b9:0x1e5f69032e0169b0!8m2!3d47.5958275!4d-122.6282994!16s%2Fg%2F1tf1njph!19sChIJuah7we85kFQRsGkBLgNpXx4?authuser=0&hl=en&rclk=1,Restaurant,,4.5,279,11 AM-7 PM,"pancit, halo halo, pork, sisig, adobo, dinuguan, ice cream, kare kare, waffle, half and half",
Pepa's Lumpia Filipino Cuisine--Outlet Collection Way,1101 Outlet Collection Way,Auburn,WA,98001,US,(206) 914-9247,https://www.pepas-lumpia.com/about-us,https://www.google.com/maps/place/Pepa%27s+Lumpia+Filipino+Cuisine--Outlet+Collection+Way/data=!4m7!3m6!1s0x5490580e83bda259:0xe78d531d0d85c487!8m2!3d47.2996014!4d-122.2449471!16s%2Fg%2F11byyzwzm3!19sChIJWaK9gw5YkFQRh8SFDR1Tjec?authuser=0&hl=en&rclk=1,Restaurant,,3.9,114,11 AM-8 PM,"pancit, pork, price, dinuguan, food court, sisig, sinigang, fast food, entree, stall",
Philippine Cuisine,702 George Washington Way,Richland,WA,99352,US,(509) 231-9294,https://www.philippinecuisinetc.com/,https://www.google.com/maps/place/Philippine+Cuisine/data=!4m7!3m6!1s0x54987b1f7ebcf10d:0xb03d316147a78043!8m2!3d46.2750394!4d-119.2734898!16s%2Fg%2F11ydkwt9t9!19sChIJDfG8fh97mFQRQ4CnR2ExPbA?authuser=0&hl=en&rclk=1,Restaurant,,4.3,6,"11 AM-2 PM, 4-7 PM","lumpia, kabobs, chicken adobo",
Pinoy Kitchen Panlasang Pinoy,7978 Seabeck Hwy NW,Silverdale,WA,98383,US,(360) 471-3413,https://m.facebook.com/profile.php/?id=100063760921419&name=xhp_nt__fblite__profile__tab_bar&profile_tab_item_selected=about,https://www.google.com/maps/place/Pinoy+Kitchen+Panlasang+Pinoy/data=!4m7!3m6!1s0x5490315e78a07867:0x9fbb85584941da0a!8m2!3d47.6353159!4d-122.7692669!16s%2Fg%2F11l6dyf2v_!19sChIJZ3igeF4xkFQRCtpBSViFu58?authuser=0&hl=en&rclk=1,Restaurant,,4.8,83,12-7 PM,"lumpia, price, pancit, pork adobo, orange chicken, couple, money, catering, facebook, seasoned",
"Pinoyshki Bakery, Cafe & Bar",715 E Pine St,Seattle,WA,98122,US,(206) 322-2820,https://www.pinoyshki.com/,"https://www.google.com/maps/place/Pinoyshki+Bakery,+Cafe+%26+Bar/data=!4m7!3m6!1s0x54906ab088bff061:0xde9b58c00444a2b1!8m2!3d47.6150702!4d-122.3226252!16s%2Fg%2F1vcjlz21!19sChIJYfC_iLBqkFQRsaJEBMBYm94?authuser=0&hl=en&rclk=1","Bakery, Dessert & Cafe",,4.6,1045,8:30 AM-6 PM,"piroshki, russian, borscht, pierogies, chicken adobo, filipino, pork sisig, ube, beef and potatoes, laing",
Rosana's Asian Market,10 NE Silver Pine Dr #116,Bremerton,WA,98311,US,(360) 692-3556,,https://www.google.com/maps/place/Rosana%27s+Asian+Market/data=!4m7!3m6!1s0x54903a44ba572957:0x1d4a0b1b7b195699!8m2!3d47.6331548!4d-122.6497179!16s%2Fg%2F11bwnd3nth!19sChIJVylXukQ6kFQRmVYZexsLSh0?authuser=0&hl=en&rclk=1,Supermarket & Grocery,,4.7,168,9 AM-8 PM,"prices, produce, snacks, ingredients, people, pork buns, selection, filipino food, gem",
Seafood City Supermarket,1368 Southcenter Mall #100,Tukwila,WA,98188,US,(206) 316-4258,http://www.seafoodcity.com/,https://www.google.com/maps/place/Seafood+City+Supermarket/data=!4m7!3m6!1s0x54905cd3ac724ff5:0x59897f5b48369c7e!8m2!3d47.4598682!4d-122.2560468!16s%2Fg%2F1tf6x16k!19sChIJ9U9yrNNckFQRfpw2SFt_iVk?authuser=0&hl=en&rclk=1,Supermarket & Grocery,Quick Bites & Turo-Turo,4.2,3340,8 AM-9 PM,"fish, filipino food, bakery, mall, produce, cashier, grill, food court, deli, smell",
That's What I Like! Restaurant & Lounge,3236 Northwest Ave,Bellingham,WA,98225,US,(360) 778-2766,https://thatswhatilikeislandgrill.com/,https://www.google.com/maps/place/That%27s+What+I+Like!+Restaurant+%26+Lounge/data=!4m7!3m6!1s0x5485a33157e078e7:0xc36c3c3537ab2ec0!8m2!3d48.7754013!4d-122.4966218!16s%2Fg%2F11rbtlty7v!19sChIJ53jgVzGjhVQRwC6rNzU8bMM?authuser=0&hl=en&rclk=1,Restaurant,,4.6,323,3-10 PM,"food truck, pork adobo, karaoke, live music, patio, loco moco, pork belly, bartender, chicken adobo, lumpiang shanghai",
The Heritage,1500 South 336th St #16,Federal Way,WA,98003,US,(253) 838-8860,https://www.facebook.com/profile.php?id=100090165559476,https://www.google.com/maps/place/The+Heritage/data=!4m7!3m6!1s0x549057a936e3ba75:0x7d1dab04bb8657ec!8m2!3d47.3011863!4d-122.3153183!16s%2Fg%2F11srzjm870!19sChIJdbrjNqlXkFQR7FeGuwSrHX0?authuser=0&hl=en&rclk=1,Restaurant,,4.3,68,10:30 AM-6 PM,"price, pork adobo, chicken adobo, crispy dinuguan, cravings, snacks, lechon kawali, lumpia, dinakdakan, cassava",
Tindahan SA Nayon Filipino,9623 State Ave,Marysville,WA,98270,US,(360) 658-0103,,https://www.google.com/maps/place/Tindahan+SA+Nayon+Filipino/data=!4m7!3m6!1s0x548553eb3e9bd9a1:0xf8471bdbe38d7448!8m2!3d48.0828583!4d-122.1712994!16s%2Fg%2F1wnf0r5b!19sChIJodmbPutThVQRSHSN49sbR_g?authuser=0&hl=en&rclk=1,Supermarket & Grocery,,4.7,145,9:30 AM-7 PM,"prices, snacks, ingredients, selection, lumpia, baked goods, airline tickets, turon, balikbayan box, ube ice cream",
West Hill Deli,3615 W Valley Hwy N,Auburn,WA,98001,US,(253) 929-8632,https://www.westhilldeli.com/,https://www.google.com/maps/place/West+Hill+Deli/data=!4m7!3m6!1s0x549059682d5f4ef1:0x672e5e7743ff42d9!8m2!3d47.3402156!4d-122.2500239!16s%2Fg%2F11qgls359t!19sChIJ8U5fLWhZkFQR2UL_Q3deLmc?authuser=0&hl=en&rclk=1,Restaurant,,4.4,267,10 AM-6 PM,"filipino food, ube pancakes, halo halo, pandan chicken, ube waffles, longanisa, adobo fried rice, kare kare, pork belly bowl, brisket sandwich",
A&E Oriental Foodmart,1295 S Kihei Rd Ste D,Kihei,HI,96753,US,(808) 875-8317,,https://www.google.com/maps/place/A%26E+Oriental+Foodmart/data=!4m7!3m6!1s0x7954d041eb895f4d:0xccb9d6245a2ee296!8m2!3d20.7488219!4d-156.4546008!16s%2Fg%2F1ptyhh60w!19sChIJTV-J60HQVHkRluIuWiTWucw?authuser=0&hl=en&rclk=1,Supermarket & Grocery,,4.3,25,7 AM-5 PM,"filipino food, pork adobo, snacks",
Aje's Cafe,1120 Maunakea St Suite 123,Honolulu,HI,96817,US,,,https://www.google.com/maps/place/Aje%27s+Cafe/data=!4m7!3m6!1s0x7c006f1a85d6f07d:0x69e80e8142b5a28f!8m2!3d21.3128315!4d-157.862882!16s%2Fg%2F11rhrrk1nd!19sChIJffDWhRpvAHwRj6K1QoEO6Gk?authuser=0&hl=en&rclk=1,Restaurant,,4.5,6,7 AM-3:30 PM,"pork adobo, portion size, prices",
Alyssandra's Lumpia Express,199 Kamehameha Hwy #98,Aiea,HI,96701,US,(808) 389-1522,https://www.alyssandraslumpia.com/,https://www.google.com/maps/place/Alyssandra%E2%80%99s+Lumpia+Express/data=!4m7!3m6!1s0x7c006f7bb095af8f:0x9d3b08049e4de779!8m2!3d21.3814324!4d-157.9433038!16s%2Fg%2F11fksj5wcp!19sChIJj6-VsHtvAHwReedNngQIO50?authuser=0&hl=en&rclk=1,Restaurant,,4.2,23,11 AM-6 PM,"pork, pancit, banana, chicken adobo, price",
Alyssandra's Lumpia Express,94-790 Lumiaina St,Waipahu,HI,96797,US,(808) 389-1522,http://www.alyssandraslumpia.com/,https://www.google.com/maps/place/Alyssandra%27s+Lumpia+Express/data=!4m7!3m6!1s0x7c00668472ccd631:0xac5c385f39332471!8m2!3d21.4022422!4d-158.0065573!16s%2Fg%2F11bwl3rdz6!19sChIJMdbMcoRmAHwRcSQzOV84XKw?authuser=0&hl=en&rclk=1,Restaurant,,4.6,29,10 AM-8 PM,"vinegar, banana lumpia, sweet chili, ground pork, snack, mall, atmosphere",
Asian Mart & Fast Food,745 Lower Main St,Wailuku,HI,96793,US,(808) 856-0437,https://www.hoppermaui.com/restaurant/74089/,https://www.google.com/maps/place/Asian+Mart+%26+Fast+Food/data=!4m7!3m6!1s0x7954d37110008e9d:0xc79d204b25bb1805!8m2!3d20.9019422!4d-156.4855804!16s%2Fg%2F11r_xhdlvc!19sChIJnY4AEHHTVHkRBRi7JUsgncc?authuser=0&hl=en&rclk=1,Restaurant,,4.2,25,6 AM-7 PM,"snacks, pork and peas, ala carte, halo halo, prices",
Austina's Grinds,310 W Kaahumanu Ave,Kahului,HI,96732,US,(808) 442-2483,https://facebook.com/pages/Austinas-Grinds-Local-Food/164572880325727,https://www.google.com/maps/place/Austina%27s+Grinds/data=!4m7!3m6!1s0x7954d346bc597133:0x5bc6f811f4de9b48!8m2!3d20.8924047!4d-156.4770853!16s%2Fg%2F11fsq0qvkh!19sChIJM3FZvEbTVHkRSJve9BH4xls?authuser=0&hl=en&rclk=1,Food Truck & Pop-Up,Quick Bites & Turo-Turo,3.3,4,7 AM-1 PM,swap meet,
Balai Pata,425 Koloa St Suite 104,Kahului,HI,96732,US,(808) 727-2230,https://instagram.com/balaipata?igshid=MzRlODBiNWFlZA==,https://www.google.com/maps/place/Balai+Pata/data=!4m7!3m6!1s0x7954d30a8005fb61:0x46b74b97d11deac5!8m2!3d20.8876589!4d-156.4552338!16s%2Fg%2F11y1mffwbc!19sChIJYfsFgArTVHkRxeod0ZdLt0Y?authuser=0&hl=en&rclk=1,Restaurant,,4.5,69,4-9 PM,"price, crispy pata, filipino, halo halo, airport, garlic, brussel sprouts, lau lau, pinakbet, pork adobo",
Bautista's Filipino Kitchen,98-1005 Moanalua Rd Fs5,Aiea,HI,96701,US,(808) 487-2234,https://usmapor.org/details/bautista-s-filipino-kitchen-ChIJ1Uy,https://www.google.com/maps/place/Bautista%27s+Filipino+Kitchen/data=!4m7!3m6!1s0x7c006f4d57b24cd5:0x4875e32159421b7e!8m2!3d21.3849789!4d-157.9414411!16s%2Fg%2F1ts2_h87!19sChIJ1UyyV01vAHwRfhtCWSHjdUg?authuser=0&hl=en&rclk=1,Restaurant,,3.4,49,10 AM-7:30 PM,"price, choice, pork, portion sizes, short ribs, peas, adobo, pancit, plate, mall",
Bebot's,94-861 Farrington Hwy B,Waipahu,HI,96797,US,(808) 517-3866,,https://www.google.com/maps/place/Bebot%27s/data=!4m7!3m6!1s0x7c006415ee106c5d:0x937a664f376a3969!8m2!3d21.3838433!4d-158.0025418!16s%2Fg%2F11g6xbj18q!19sChIJXWwQ7hVkAHwRaTlqN09mepM?authuser=0&hl=en&rclk=1,Restaurant,,4.2,9,9 AM-4:30 PM,prices,
CAA Marketplace LLC,960 Lower Main St,Wailuku,HI,96793,US,(808) 298-0043,http://www.caamarketplace.com/,https://www.google.com/maps/place/CAA+Marketplace+LLC/data=!4m7!3m6!1s0x7954d35ea3c9b55b:0x7c731713ef58f5f6!8m2!3d20.9007006!4d-156.4885061!16s%2Fg%2F11sttqdwww!19sChIJW7XJo17TVHkR9vVY7xMXc3w?authuser=0&hl=en&rclk=1,Quick Bites & Turo-Turo,Restaurant,5,1,7 AM-7 PM,,
Da Tambayan Corner (Food Truck Park),70 Lono Ave,Kahului,HI,96732,US,,https://www.instagram.com/datambayancorner/p/C33I0SctZ4B/,https://www.google.com/maps/place/Da+Tambayan+Corner+%28Food+Truck+Park%29/data=!4m7!3m6!1s0x7954d3176b118b07:0x542922c4a4d7c1c!8m2!3d20.888319!4d-156.4697225!16s%2Fg%2F11vz139c7s!19sChIJB4sRaxfTVHkRHHxNSiySQgU?authuser=0&hl=en&rclk=1,Quick Bites & Turo-Turo,,4.8,5,11 AM-8 PM,,
Da Ultimate Grindz Hawaii,94-256 Waipahu Depot St,Waipahu,HI,96797,US,(808) 888-3872,https://www.daultimategrindzhi.com/,https://www.google.com/maps/place/Da+Ultimate+Grindz+Hawaii/data=!4m7!3m6!1s0x7c0065132197d059:0x89f774378937be5c!8m2!3d21.3842114!4d-158.0067612!16s%2Fg%2F11fjm9h7s0!19sChIJWdCXIRNlAHwRXL43iTd094k?authuser=0&hl=en&rclk=1,Restaurant,,4.8,92,10 AM-3:30 PM,"brisket, price, loco moco, mac salad, steak, kalbi, gravy, steamed, heart attack, plate lunch",
Da-Soriano Grindz (food truck),70 Lono Ave,Kahului,HI,96732,US,(808) 283-1188,,https://www.google.com/maps/place/Da-Soriano+Grindz+%28food+truck%29/data=!4m7!3m6!1s0x79552b0dcd7b89f7:0xc02731cc49fd28c!8m2!3d20.888319!4d-156.4697225!16s%2Fg%2F11jz71qcwl!19sChIJ94l7zQ0rVXkRjNKfxBxzAgw?authuser=0&hl=en&rclk=1,Restaurant,,4.4,32,11 AM-8 PM,"halo halo, pork, steak, mac salad, garlic shrimp, gas station, salmon, rice",
Dick's Lechon,94-849 Lumiaina St,Waipahu,HI,96797,US,(808) 725-8919,https://www.waikelecenter.com/store/Dicks-Lechon/2138944454/,https://www.google.com/maps/place/Dick%E2%80%99s+Lechon/data=!4m7!3m6!1s0x7c0067c7e08380db:0x4602ca45a78fa945!8m2!3d21.3984989!4d-158.0063553!16s%2Fg%2F11qn86bb6l!19sChIJ24CD4MdnAHwRRamPp0XKAkY?authuser=0&hl=en&rclk=1,Restaurant,,3.8,54,9 AM-7 PM,"rice, pancit, filipino food, lumpia, skin, pork, food truck, bbq, crunchiness, container",
Elena's Restaurant,"Tropicana Square Shopping Center, 94-866 Moloalo St D4A",Waipahu,HI,96797,US,(808) 676-8005,http://www.elenasrestaurant.com/,https://www.google.com/maps/place/Elena%27s+Restaurant/data=!4m7!3m6!1s0x7c00642d04fa8c71:0x93584220bb95d533!8m2!3d21.3852562!4d-158.0025917!16s%2Fg%2F1tht1nw1!19sChIJcYz6BC1kAHwRM9WVuyBCWJM?authuser=0&hl=en&rclk=1,Restaurant,Quick Bites & Turo-Turo,4.4,396,7 AM-8 PM,"omelette, adobo fried rice, buffet, take out, pancit, pork adobo, plate, lechon, lumpia, sari",
Filipino Merchandise Store,577 California Ave # A,Wahiawa,HI,96786,US,,,https://www.google.com/maps/place/Filipino+Merchandise+Store/data=!4m7!3m6!1s0x7c005df3cc4c53f9:0xc156e2042ee6ff2b!8m2!3d21.4961745!4d-158.0285289!16s%2Fg%2F1tmgcn4w!19sChIJ-VNMzPNdAHwRK__mLgTiVsE?authuser=0&hl=en&rclk=1,Supermarket & Grocery,,5,2,8 AM-8 PM,,
First Commercial Kitchen,94-538 Puahi St,Waipahu,HI,96797,US,(808) 454-0953,http://firstcommercialkitchen.com/,https://www.google.com/maps/place/First+Commercial+Kitchen/data=!4m7!3m6!1s0x7c0066f6bf440977:0x7c1df06adbefca78!8m2!3d21.4231221!4d-158.0038758!16s%2Fg%2F1vj5_f2q!19sChIJdwlEv_ZmAHwReMrv22rwHXw?authuser=0&hl=en&rclk=1,,,0,0,7 AM-12 PM,,
Fort Ruger Market,3585 Alohea Ave,Honolulu,HI,96816,US,(808) 737-4531,https://www.toasttab.com/ruger-llc-3585-alohea-ave/v3/,https://www.google.com/maps/place/Fort+Ruger+Market/data=!4m7!3m6!1s0x7c007281384626d7:0xd297465a9d8e4f1d!8m2!3d21.2717929!4d-157.8050383!16s%2Fg%2F1tdkb8tc!19sChIJ1yZGOIFyAHwRHU-OnVpGl9I?authuser=0&hl=en&rclk=1,Restaurant,,4.5,540,6 AM-6 PM,"local food, lechon, filipino food, diamond head, boiled peanuts, laulau, snacks, beef stew, chicharon, convenience store",
Four Sisters Bakery & Catering,1968 E Vineyard St,Wailuku,HI,96793,US,(808) 244-9333,,https://www.google.com/maps/place/Four+Sisters+Bakery+%26+Catering/data=!4m7!3m6!1s0x7954d36a7bf8c749:0x1efa972de7c5d9d6!8m2!3d20.8898577!4d-156.5019813!16s%2Fg%2F1tffv42f!19sChIJScf4e2rTVHkR1tnF5y2X-h4?authuser=0&hl=en&rclk=1,"Bakery, Dessert & Cafe",,4.6,317,6:30 AM-3 PM,"rolls, butter roll, malasadas, cash, banana bread, price, char siu, coconut, DONUTS, cream",
Golden Coin,94-1144 Ka Uka Blvd,Waipahu,HI,96797,US,(808) 892-4858,http://www.goldencoinfood.com/,https://www.google.com/maps/place/Golden+Coin/data=!4m7!3m6!1s0x7c006661fc3be62d:0xc1df0a14ac1f1a21!8m2!3d21.4239427!4d-158.0031895!16s%2Fg%2F11fy_dg2gg!19sChIJLeY7_GFmAHwRIRofrBQK38E?authuser=0&hl=en&rclk=1,Restaurant,,3.9,48,5:30 AM-7 PM,"coffee, price",
Golden Coin Bake Shop,94-459 Puko St,Waipahu,HI,96797,US,(808) 680-0758,http://www.goldencoinfood.com/,https://www.google.com/maps/place/Golden+Coin+Bake+Shop/data=!4m7!3m6!1s0x7c00643c6c13ca21:0x8576c1ff0196cb7b!8m2!3d21.3898773!4d-158.0062121!16s%2Fg%2F12hlfs146!19sChIJIcoTbDxkAHwRe8uWAf_BdoU?authuser=0&hl=en&rclk=1,Restaurant,Quick Bites & Turo-Turo,3.9,236,5 AM-8 PM,"pandesal, rolls, baked, parking, lumpia, management, mochi, smile, tasting, flies",
Golden Coin Bakeshop & Restaurant,759 Lower Main St,Wailuku,HI,96793,US,(808) 214-5317,http://www.goldencoinfood.com/,https://www.google.com/maps/place/Golden+Coin+Bakeshop+%26+Restaurant/data=!4m7!3m6!1s0x7954d32fd3f29681:0xbd52fae0b604c3d0!8m2!3d20.9016191!4d-156.4862591!16s%2Fg%2F11c1w0bgj3!19sChIJgZby0y_TVHkR0MMEtuD6Ur0?authuser=0&hl=en&rclk=1,Restaurant,Quick Bites & Turo-Turo,3.7,103,7 AM-7 PM,"halo halo, desserts, bakery, lumpia, moong, oily, parking, server, pancit",
Golden Coin BakeShop & Restaurant (Wahiawa),661 Kilani Ave,Wahiawa,HI,96786,US,(808) 621-0269,http://www.goldencoinfood.com/,https://www.google.com/maps/place/Golden+Coin+BakeShop+%26+Restaurant+%28Wahiawa%29/data=!4m7!3m6!1s0x7c005df1f51a0d7d:0x4af088de6ebb9392!8m2!3d21.4983762!4d-158.0281685!16s%2Fg%2F1v8k_txv!19sChIJfQ0a9fFdAHwRkpO7bt6I8Eo?authuser=0&hl=en&rclk=1,Restaurant,,4,132,5 AM-7 PM,"prices, rolls, pancit, pork, banana, Spring rolls, mochi, munggo, oil, glutinous rice",
Happy Belly,22 Alahele Pl,Kihei,HI,96753,US,(808) 633-5717,http://happybellymaui.com/,https://www.google.com/maps/place/Happy+Belly/data=!4m7!3m6!1s0x7954d11f8b8e9931:0x73818c51d11d67aa!8m2!3d20.7312034!4d-156.4512751!16s%2Fg%2F11s60_p8qg!19sChIJMZmOix_RVHkRqmcd0VGMgXM?authuser=0&hl=en&rclk=1,Restaurant,,4.9,290,"11:30 AM-3 PM, 4:30-9 PM","chicken katsu, food truck, pork belly bao, panang curry, drunken noodles, drunken udon noodles, pork belly rice, bao buns, pulled pork sliders, cucumber salad",
Ilocos Best,2225 N School St,Honolulu,HI,96819,US,(808) 888-7878,,https://www.google.com/maps/place/Ilocos+Best/data=!4m7!3m6!1s0x7c006f0e2a375399:0xa28c353fe62352d1!8m2!3d21.3402399!4d-157.8742643!16s%2Fg%2F11y8tptrtw!19sChIJmVM3Kg5vAHwR0VIj5j81jKI?authuser=0&hl=en&rclk=1,Supermarket & Grocery,Quick Bites & Turo-Turo,0,0,7:30 AM-5 PM,,
Jesse's Coffee Shop & Restaurant,1101 N King St #6,Honolulu,HI,96817,US,(808) 842-1121,,https://www.google.com/maps/place/Jesse%27s+Coffee+Shop+%26+Restaurant/data=!4m7!3m6!1s0x7c006e6356d14085:0x2a4754ec226e53f0!8m2!3d21.3253411!4d-157.8695628!16s%2Fg%2F1tk9qzyt!19sChIJhUDRVmNuAHwR8FNuIuxURyo?authuser=0&hl=en&rclk=1,Restaurant,"Bakery, Dessert & Cafe",4,122,5 AM-7:30 PM,"bakery, price, fried, pork, to go, parking, tax, mung beans, rolls, adobo",
Jessica's Kitchen,98-150 Kaonohi St Unit B213-B,Aiea,HI,96701,US,(808) 900-2864,https://www.jessicaskitchen808.com/,https://www.google.com/maps/place/Jessica%27s+Kitchen/data=!4m7!3m6!1s0x7c006f123119f7e5:0xcdd80a9947ccdcca!8m2!3d21.3845478!4d-157.9455164!16s%2Fg%2F11x7t7zpk1!19sChIJ5fcZMRJvAHwRytzMR5kK2M0?authuser=0&hl=en&rclk=1,Restaurant,,4.7,46,7 AM-8 PM,"atmosphere, loco moco, prime rib, breakfast, adobo fried rice, eggs benedict, fried chicken, roast pork, plating, hash",
Jimmy's Produce & Filipino,131 N Hotel St,Honolulu,HI,96817,US,(808) 521-2119,,https://www.google.com/maps/place/Jimmy%27s+Produce+%26+Filipino/data=!4m7!3m6!1s0x7c006e73fe403b17:0x243252d7f6c655f6!8m2!3d21.3127108!4d-157.8633348!16s%2Fg%2F1w97vlxp!19sChIJFztA_nNuAHwR9lXG9tdSMiQ?authuser=0&hl=en&rclk=1,Supermarket & Grocery,,5,1,8:30 AM-5 PM,,
Jimmy's Produce & Filipino Store,1874 N King St,Honolulu,HI,96819,US,(808) 845-6866,,https://www.google.com/maps/place/Jimmy%27s+Produce+%26+Filipino+Store/data=!4m7!3m6!1s0x7c006e8a7783c4cf:0xc26af8ac6307afc2!8m2!3d21.331877!4d-157.877072!16s%2Fg%2F1tyt5kl4!19sChIJz8SDd4puAHwRwq8HY6z4asI?authuser=0&hl=en&rclk=1,Supermarket & Grocery,,3.7,22,8 AM-6 PM,,
JMA Imports,401 Ho'okahi St STE 4,Wailuku,HI,96793,US,(808) 344-8137,,https://www.google.com/maps/place/JMA+Imports/data=!4m7!3m6!1s0x7954d31daf627a07:0xc49780ac2d8736b3!8m2!3d20.9050948!4d-156.4870643!16s%2Fg%2F11sz4n0xmz!19sChIJB3pirx3TVHkRszaHLayAl8Q?authuser=0&hl=en&rclk=1,Supermarket & Grocery,,4.8,8,7:30 AM-7 PM,,
Joey's Kitchen Napili,"Napili Plaza Shopping Center, 5095 Napilihau St A107",Lahaina,HI,96761,US,(808) 214-5590,http://www.joeyskitchenhimaui.com/,https://www.google.com/maps/place/Joey%27s+Kitchen+Napili/data=!4m7!3m6!1s0x7eaad454eed63f1f:0x416e44ae958f6ff4!8m2!3d20.985037!4d-156.667413!16s%2Fg%2F11c2k5wb97!19sChIJHz_W7lTUqn4R9G-Pla5EbkE?authuser=0&hl=en&rclk=1,Restaurant,,4.5,947,"8 AM-2 PM, 4-8 PM","garlic chicken, loco moco, filipino food, adobo, lumpia, halo halo, mahi mahi, kalua pork, crispy pata, sinigang",
Jollibee,1450 Ala Moana Blvd Space 1071,Honolulu,HI,96814,US,(808) 944-0440,https://locations.jollibeefoods.com/usa/hi/honolulu/1450-ala-moana-blvd?utm_medium=organic&utm_source=local&utm_campaign=googlelistings&utm_content=website&utm_term=OLO146016,https://www.google.com/maps/place/Jollibee/data=!4m7!3m6!1s0x7c006d4351f40529:0xd76f91ec18b0f9b7!8m2!3d21.2906019!4d-157.8443222!16s%2Fg%2F11xhy7vvt!19sChIJKQX0UUNtAHwRt_mwGOyRb9c?authuser=0&hl=en&rclk=1,Restaurant,Quick Bites & Turo-Turo,4.1,842,10 AM-8 PM,"spaghetti, food court, fast food, halo halo, spicy chicken, peach mango pie, mall, palabok, filipino food, pineapple juice",
Jollibee,270 Dairy Rd,Kahului,HI,96732,US,(808) 495-4281,https://locations.jollibeefoods.com/usa/hi/kahului/270-dairy-rd?utm_medium=organic&utm_source=local&utm_campaign=googlelistings&utm_content=website&utm_term=OLO146020,https://www.google.com/maps/place/Jollibee/data=!4m7!3m6!1s0x7954d3d723a1c85b:0x6a55483a6ef8576e!8m2!3d20.8821452!4d-156.454063!16s%2Fg%2F11j7j3rlcn!19sChIJW8ihI9fTVHkRblf4bjpIVWo?authuser=0&hl=en&rclk=1,Restaurant,Quick Bites & Turo-Turo,4.2,500,9 AM-10 PM,"spaghetti, chicken sandwich, drive thru, spicy, fast food, peach mango pie, mashed potatoes, adobo, palabok, pineapple juice",
Jollibee,91-5431 Kapolei Pkwy Ste 137,Kapolei,HI,96707,US,(808) 468-4030,https://locations.jollibeefoods.com/usa/hi/kapolei/91-5431-kapolei-pkwy?utm_medium=organic&utm_source=local&utm_campaign=googlelistings&utm_content=website&utm_term=OLO146019,https://www.google.com/maps/place/Jollibee/data=!4m7!3m6!1s0x7c00631ba19aef5b:0xdf10041da8f37bcb!8m2!3d21.3341984!4d-158.0543704!16s%2Fg%2F11h9x1zwr8!19sChIJW--aoRtjAHwRy3vzqB0EEN8?authuser=0&hl=en&rclk=1,Restaurant,Quick Bites & Turo-Turo,4.1,711,9 AM-10 PM,"spaghetti, drive thru, chicken sandwich, pie, mango, adobo, palabok, halo halo, peach, cheese burger",
Julie'Z,590 Farrington Hwy #532,Kapolei,HI,96707,US,(808) 693-8778,https://beluga.kitchen/m/an7kAn,https://www.google.com/maps/place/Julie%27Z/data=!4m7!3m6!1s0x7c0063162b27d605:0x6357725e80e40978!8m2!3d21.3377177!4d-158.0804322!16s%2Fg%2F1thlznlq!19sChIJBdYnKxZjAHwReAnkgF5yV2M?authuser=0&hl=en&rclk=1,Restaurant,,4.2,455,7 AM-8:30 PM,"lechon kawali, buffet, adobo fried rice, pancakes, island, moong, pork adobo, pinakbet, morning, sari",
Kalihi Super Meat,2130 N King St,Honolulu,HI,96819,US,(808) 841-6186,https://www.kalihisupermeats.com/,https://www.google.com/maps/place/Kalihi+Super+Meat/data=!4m7!3m6!1s0x7c006f9b0f73c139:0x5a49742f121cbeb6!8m2!3d21.3341894!4d-157.8790862!16s%2Fg%2F11pxm9ybwt!19sChIJOcFzD5tvAHwRtr4cEi90SVo?authuser=0&hl=en&rclk=1,Supermarket & Grocery,,4.6,40,9 AM-6 PM,"mochi, marinated, sauce, lumpia, char siu, poke, beer, parking",
Kambingan Filipino Express Restaurant,94-366 Pupupani St #117,Waipahu,HI,96797,US,(808) 676-8788,http://www.filipinoexpresshi.com/,https://www.google.com/maps/place/Kambingan+Filipino+Express+Restaurant/data=!4m7!3m6!1s0x7c00643b9bf7ca0f:0x75d0986cdf553aad!8m2!3d21.3817248!4d-158.0169152!16s%2Fg%2F1wrtd1rx!19sChIJD8r3mztkAHwRrTpV32yY0HU?authuser=0&hl=en&rclk=1,Restaurant,Supermarket & Grocery,4.2,51,6 AM-9 PM,"pay, dessert, lumpia, price",
Keaau Filipino Food Store,16-577 Old Volcano Rd,Keaau,HI,96749,US,(808) 966-7222,,https://www.google.com/maps/place/Keaau+Filipino+Food+Store/data=!4m7!3m6!1s0x79523584f832f319:0x1966e10575130a90!8m2!3d19.6212484!4d-155.0399659!16s%2Fg%2F1tpps4wr!19sChIJGfMy-IQ1UnkRkAoTdQXhZhk?authuser=0&hl=en&rclk=1,Supermarket & Grocery,,4.8,18,7 AM-6 PM,"halo halo, sapin-sapin, ube",
Kusina Ni Jayboy,"by Maikai's market, 73 Puunene Ave",Kahului,HI,96732,US,(808) 276-3060,,https://www.google.com/maps/place/Kusina+Ni+Jayboy/data=!4m7!3m6!1s0x79552bb9e1da6bcf:0x23f3e367a2580537!8m2!3d20.889486!4d-156.466165!16s%2Fg%2F11c20c8l5w!19sChIJz2va4bkrVXkRNwVYomfj8yM?authuser=0&hl=en&rclk=1,Restaurant,,4.8,141,11 AM-7 PM,"food truck, pork, skewers, onion, price, cash, loco moco, gravy, grilled, parking",
Little Manila Market,91-3633 Kauluakoko St,Ewa Beach,HI,96706,US,(808) 683-9142,,https://www.google.com/maps/place/Little+Manila+Market/data=!4m7!3m6!1s0x7c0063000079a5d7:0x3fce366d94fff0fa!8m2!3d21.3605369!4d-158.0483424!16s%2Fg%2F11vs_b84g8!19sChIJ16V5AABjAHwR-vD_lG02zj8?authuser=0&hl=en&rclk=1,Supermarket & Grocery,,4.9,15,9 AM-7 PM,dessert,
Little Manila Market Llc Stall 3-5,"Festival Market, 94-340, Waipahu Depot St",Waipahu,HI,96797,US,(808) 459-2446,,https://www.google.com/maps/place/Little+Manila+Market+Llc+Stall+3-5/data=!4m7!3m6!1s0x7c00642e402afd39:0x3290ad55276e4289!8m2!3d21.3850924!4d-158.0075383!16s%2Fg%2F11ks57t_3x!19sChIJOf0qQC5kAHwRiUJuJ1WtkDI?authuser=0&hl=en&rclk=1,Supermarket & Grocery,,0,0,7 AM-3 PM,,
M & N Filipino Restaurant,844 N King St,Honolulu,HI,96817,US,(808) 842-3515,https://mnrestaurant.net/,https://www.google.com/maps/place/M+%26+N+Filipino+Restaurant/data=!4m7!3m6!1s0x7c006e7b18acdb1b:0x9fde4437cfa4c073!8m2!3d21.3223311!4d-157.8673286!16s%2Fg%2F1tgn9v2b!19sChIJG9usGHtuAHwRc8CkzzdE3p8?authuser=0&hl=en&rclk=1,Restaurant,,4.3,53,8 AM-2:30 PM,"mom, pancit, price",
Mabuhay Mart,362 Huku Lii Pl Suite #102 & #103,Kihei,HI,96753,US,(808) 250-7008,,https://www.google.com/maps/place/Mabuhay+Mart/data=!4m7!3m6!1s0x7954d1269b4cd80f:0xefd34b1cbe3eed33!8m2!3d20.7742037!4d-156.4526543!16s%2Fg%2F11w8wvgng_!19sChIJD9hMmybRVHkRM-0-vhxL0-8?authuser=0&hl=en&rclk=1,Supermarket & Grocery,,5,15,8 AM-8 PM,"snacks, wagyu, island, addition, selection",
Marcy's Variety Store,266 Makaala St,Hilo,HI,96720,US,(808) 935-5889,http://marcys-variety-store.edan.io/,https://www.google.com/maps/place/Marcy%27s+Variety+Store/data=!4m7!3m6!1s0x79524b135f968585:0x798823634a7a69ce!8m2!3d19.6990584!4d-155.0659919!16s%2Fg%2F1tmgcmtj!19sChIJhYWWXxNLUnkRzml6SmMjiHk?authuser=0&hl=en&rclk=1,Supermarket & Grocery,,4.6,106,8:30 AM-6 PM,"prices, filipino food, fruits, local produce, array, fresh, bakery, farmers market, balikbayan box",
Marians Catering,79 Mango Pl,Wahiawa,HI,96786,US,(808) 621-6758,https://www.marianscatering.com/,https://www.google.com/maps/place/Marians+Catering/data=!4m7!3m6!1s0x7c005df23f6a1613:0xb32158520a60a61a!8m2!3d21.4975849!4d-158.0284392!16s%2Fg%2F1v7tllk6!19sChIJExZqP_JdAHwRGqZgClJYIbM?authuser=0&hl=en&rclk=1,Restaurant,Quick Bites & Turo-Turo,4.2,37,10 AM-4 PM,"price, bento",
Maui Asian Distribution Filipino Store,910 HI-30 #14,Lahaina,HI,96761,US,(808) 856-0800,https://www.facebook.com/profile.php?id=100078217907256,https://www.google.com/maps/place/Maui+Asian+Distribution+Filipino+Store/data=!4m7!3m6!1s0x79552b1e4e499115:0x998e473d0f42b304!8m2!3d20.8793498!4d-156.6783738!16s%2Fg%2F11t827843f!19sChIJFZFJTh4rVXkRBLNCDz1Hjpk?authuser=0&hl=en&rclk=1,Supermarket & Grocery,,5,13,,,
Maui Food Trucks of Kihei,1 Piikea Ave,Kihei,HI,96753,US,(541) 295-2125,http://mauifoodtrucks.net/,https://www.google.com/maps/place/Maui+Food+Trucks+of+Kihei/data=!4m7!3m6!1s0x7954d1f6db10301f:0x1624411e24cf58e2!8m2!3d20.7499086!4d-156.4538693!16s%2Fg%2F11sq57my13!19sChIJHzAQ2_bRVHkR4ljPJB5BJBY?authuser=0&hl=en&rclk=1,Quick Bites & Turo-Turo,,4.7,174,6 AM-8:30 PM,"park, shrimp, sushi, atmosphere, buns, music, BBQ, thai, tacos, tables",
Maunakea Marketplace,1120 Maunakea St,Honolulu,HI,96817,US,(808) 441-9757,,https://www.google.com/maps/place/Maunakea+Marketplace/data=!4m7!3m6!1s0x7c006e7401789d99:0x453badc9f0a2a35a!8m2!3d21.3128071!4d-157.8627123!16s%2Fg%2F1tx1tdk8!19sChIJmZ14AXRuAHwRWqOi8MmtO0U?authuser=0&hl=en&rclk=1,Supermarket & Grocery,Quick Bites & Turo-Turo,4.1,1421,7 AM-3:30 PM,"vendors, food court, asian food, chinese, fresh, filipino food, homeless, vietnamese, tropical fruits, roast duck",
"Max's Restaurant Dillingham, Cuisine of the Philippines",801 Dillingham Blvd Suite 108,Honolulu,HI,96817,US,(808) 793-5512,https://www.maxsrestaurantna.com/,"https://www.google.com/maps/place/Max%27s+Restaurant+Dillingham,+Cuisine+of+the+Philippines/data=!4m7!3m6!1s0x7c006e6fe79af8a3:0x2ba1095645edd278!8m2!3d21.3180147!4d-157.8694137!16s%2Fg%2F1w665mh_!19sChIJo_ia529uAHwReNLtRVYJoSs?authuser=0&hl=en&rclk=1",Restaurant,,3.9,592,10:30 AM-9 PM,"pancit, halo halo, party, salty, lechon kawali, crispy pata, fried chicken, parking, garlic rice, coconut",
"Max's Restaurant Waipahu, Cuisine of the Philippines",94-300 Farrington Hwy,Waipahu,HI,96797,US,(808) 698-7910,https://www.maxsrestaurantna.com/,"https://www.google.com/maps/place/Max%27s+Restaurant+Waipahu,+Cuisine+of+the+Philippines/data=!4m7!3m6!1s0x7c00643c6c13ca21:0x8af7dab9e4decb9!8m2!3d21.3808803!4d-158.01828!16s%2Fg%2F1hhh77l3m!19sChIJIcoTbDxkAHwRuexNnqt9rwg?authuser=0&hl=en&rclk=1",Restaurant,,3.9,418,10:30 AM-9 PM,"party, halo halo, take out, fried chicken, sinigang, lechon kawali, calamari, bulalo, gratuity, buko",
Merlina's Kitchen,1203 Whitmore Ave,Wahiawa,HI,96786,US,(808) 622-3069,,https://www.google.com/maps/place/Merlina%27s+Kitchen/data=!4m7!3m6!1s0x7c005dbe49db86e5:0xbf17f9a2a25a89f8!8m2!3d21.5111927!4d-158.0205004!16s%2Fg%2F1tf9ymsh!19sChIJ5YbbSb5dAHwR-IlaoqL5F78?authuser=0&hl=en&rclk=1,Restaurant,,4.3,109,10 AM-8 PM,"pork, price, roast, lumpia, mochi, stew, adobo, island, vinegar, banana",
Minasa Hawaii,94-866 Moloalo St D12,Waipahu,HI,96797,US,(808) 629-9958,http://www.minasahawaii.com/,https://www.google.com/maps/place/Minasa+Hawaii/data=!4m7!3m6!1s0x7c0065cee23d6b69:0x92537c43cb8aae96!8m2!3d21.3853308!4d-158.0020753!16s%2Fg%2F11t_zd7hb0!19sChIJaWs94s5lAHwRlq6Ky0N8U5I?authuser=0&hl=en&rclk=1,Restaurant,,4.8,70,12-4 PM,"churros, lechon, ube, filipino food, calamansi, chef, bowl, atmosphere, fried chicken, bao buns",
Nanding's Bakery,918 Gulick Ave #1,Honolulu,HI,96819,US,(808) 841-4731,,https://www.google.com/maps/place/Nanding%27s+Bakery/data=!4m7!3m6!1s0x7c006e8abed95873:0x89b9f56bc18364f3!8m2!3d21.3333339!4d-157.8796541!16s%2Fg%2F1thkrxtz!19sChIJc1jZvopuAHwR82SDwWv1uYk?authuser=0&hl=en&rclk=1,"Bakery, Dessert & Cafe",,4.5,320,4:30 AM-6 PM,"rolls, prices, parking, pandesal, spanish bread, sweet, ensaymada, island, filipino, adobo",
Nanding's Bakery,94-216 Farrington Hwy # B16,Waipahu,HI,96797,US,(808) 678-0828,http://nandings-bakery-waipahu.jany.io/,https://www.google.com/maps/place/Nanding%27s+Bakery/data=!4m7!3m6!1s0x7c00643c2b5eaa7b:0x8bc730b429091fa6!8m2!3d21.3796185!4d-158.0204826!16s%2Fg%2F1tr17spt!19sChIJe6peKzxkAHwRph8JKbQwx4s?authuser=0&hl=en&rclk=1,"Bakery, Dessert & Cafe",,4.6,365,4:30 AM-6 PM,"rolls, prices, spanish bread, butter, desserts, pandesal, island, custard pie, filipino, ensaymada",
Naty's Kitchen Filipino Food,1120 Maunakea St,Honolulu,HI,96817,US,,,https://www.google.com/maps/place/Naty%27s+Kitchen+Filipino+Food/data=!4m7!3m6!1s0x7c006e7401ae5e2b:0x46c158a9bd29c93c!8m2!3d21.3129397!4d-157.8628813!16s%2Fg%2F11d_t4qkk4!19sChIJK16uAXRuAHwRPMkpvalYwUY?authuser=0&hl=en&rclk=1,Restaurant,,4.3,7,,,
Nayong Filipino Restaurant,1136 Union Mall,Honolulu,HI,96813,US,(808) 210-8576,,https://www.google.com/maps/place/Nayong+Filipino+Restaurant/data=!4m7!3m6!1s0x7c006fccd85d13fd:0x65259e8c78992be3!8m2!3d21.3101479!4d-157.8601222!16s%2Fg%2F11vd9_ljhp!19sChIJ_RNd2MxvAHwR4yuZeIyeJWU?authuser=0&hl=en&rclk=1,Restaurant,,3.8,5,8:30 AM-5:30 PM,filipino food,
Nestor Filipino Fast Food,1130 Maunakea St,Honolulu,HI,96817,US,,,https://www.google.com/maps/place/Nestor+Filipino+Fast+Food/data=!4m7!3m6!1s0x7c006e740212370d:0xcbc4e34609d570c6!8m2!3d21.3126338!4d-157.8625411!16s%2Fg%2F11g8j7dkt0!19sChIJDTcSAnRuAHwRxnDVCUbjxMs?authuser=0&hl=en&rclk=1,Restaurant,Quick Bites & Turo-Turo,5,1,9:30 AM-7 PM,,
Nickys Lunch Wagon,978-888 Mililani St,Honolulu,HI,96813,US,(808) 542-5216,https://usmapzen.org/details/nickys-lunch-wagon-ChIJgfe,https://www.google.com/maps/place/Nickys+Lunch+Wagon/data=!4m7!3m6!1s0x7c006ffecd99f781:0xbf4c39c1a613bc84!8m2!3d21.3058021!4d-157.8603699!16s%2Fg%2F11jj128sqm!19sChIJgfeZzf5vAHwRhLwTpsE5TL8?authuser=0&hl=en&rclk=1,Restaurant,,4.9,18,11 AM-1 PM,"price, mac salad, shoyu chicken, plate lunch, food truck, garlic",
North Star Sausage,94-801 Farrington Hwy # 2A,Waipahu,HI,96797,US,(808) 677-3340,,https://www.google.com/maps/place/North+Star+Sausage/data=!4m7!3m6!1s0x7c00642d8c23e04d:0xe51cff9b395c2cb7!8m2!3d21.3832544!4d-158.0044702!16s%2Fg%2F1vgx0zfb!19sChIJTeAjjC1kAHwRtyxcOZv_HOU?authuser=0&hl=en&rclk=1,Supermarket & Grocery,,4.3,48,9 AM-5 PM,"longganisa, chicharon, filipino food, adobo",
Pacific Supermarket,"Waipahu Shopping Plaza, 94-300 Farrington Hwy",Waipahu,HI,96797,US,(808) 678-2828,http://www.pacificsupermarket.com/,https://www.google.com/maps/place/Pacific+Supermarket/data=!4m7!3m6!1s0x7c00643c6c13ca21:0x164efc2ccd39abf4!8m2!3d21.3814928!4d-158.0196463!16s%2Fg%2F1tjynyd6!19sChIJIcoTbDxkAHwR9Ks5zSz8ThY?authuser=0&hl=en&rclk=1,Supermarket & Grocery,,4.1,370,8 AM-8 PM,"price, fish, produce, smell, filipino food, sell, parking, poke, ube, pancit",
Pampanga Kitchen Pearl City,1000 Kamehameha Hwy Suite C,Pearl City,HI,96782,US,(808) 744-1010,,https://www.google.com/maps/place/Pampanga+Kitchen+Pearl+City/data=!4m7!3m6!1s0x7c0067d9b1acae91:0xb5a24eac576c6d9d!8m2!3d21.3965249!4d-157.9771519!16s%2Fg%2F11h915myjk!19sChIJka6ssdlnAHwRnW1sV6xOorU?authuser=0&hl=en&rclk=1,Restaurant,,3.4,48,10 AM-7:30 PM,"pork, pancit, price, sinigang, food court, lechon, banana lumpia, mom, adobo, bag",
Pampanga Kitchen Waipahu Festival,"Inside Waipahu Festival Marketplace, 94-340 Waipahu Depot St",Waipahu,HI,96797,US,(808) 859-9050,,https://www.google.com/maps/place/Pampanga+Kitchen+Waipahu+Festival/data=!4m7!3m6!1s0x7c00654d01e2b8ef:0xf0152e64653e01f6!8m2!3d21.3851324!4d-158.0075553!16s%2Fg%2F11j9clg8ct!19sChIJ77jiAU1lAHwR9gE-ZWQuFfA?authuser=0&hl=en&rclk=1,Restaurant,,4.5,4,7 AM-3 PM,,
Pampanga Kitchen Waipahu Plaza,94-300 Farrington Hwy c04,Waipahu,HI,96797,US,(808) 888-2989,,https://www.google.com/maps/place/Pampanga+Kitchen+Waipahu+Plaza/data=!4m7!3m6!1s0x7c00654d44029b41:0xd5858a3b053c4496!8m2!3d21.380951!4d-158.0194795!16s%2Fg%2F11rcy6kyvb!19sChIJQZsCRE1lAHwRlkQ8BTuKhdU?authuser=0&hl=en&rclk=1,Restaurant,,3.4,30,10 AM-7 PM,"cashier, pancit, renovation, bicol express, catering, the menu, adobo, atmosphere, dining, pork",
Paradise Supermart,207 E Wakea Ave,Kahului,HI,96732,US,(808) 877-6767,,https://www.google.com/maps/place/Paradise+Supermart/data=!4m7!3m6!1s0x7954d2c2e8899e97:0xb65074f72cdd78ee!8m2!3d20.8865907!4d-156.4613508!16s%2Fg%2F1tw1f0l3!19sChIJl56J6MLSVHkR7njdLPd0ULY?authuser=0&hl=en&rclk=1,Supermarket & Grocery,Food Truck & Pop-Up,4.1,279,5:30 AM-8 PM,"filipino food, price, plate lunch, pork, halo halo, lechon, dinner, cashier, pancit, adobo",
Philmart Oriental and Fast Foods,330 Ohukai Rd,Kihei,HI,96753,US,(808) 891-0481,http://www.philmartmaui.com/,https://www.google.com/maps/place/Philmart+Oriental+and+Fast+Foods/data=!4m7!3m6!1s0x7954d1b563009067:0xffea0335011fe2b!8m2!3d20.7734547!4d-156.4511843!16s%2Fg%2F1ts2_gx9!19sChIJZ5AAY7XRVHkRK_4RUDOg_g8?authuser=0&hl=en&rclk=1,Supermarket & Grocery,,3.8,89,6:30 AM-8 PM,"price, filipino food, adobo, meatballs, pancit, bentos, etiquette, expiration date, pork, rude",
Pinoy's Best Food & Cafe,563 Farrington Hwy,Kapolei,HI,96707,US,(808) 798-3242,,https://www.google.com/maps/place/Pinoy%27s+Best+Food+%26+Cafe/data=!4m7!3m6!1s0x7c006360923261d9:0x90842527285f2776!8m2!3d21.3377594!4d-158.0778538!16s%2Fg%2F11sdq41vsf!19sChIJ2WEykmBjAHwRdidfKCclhJA?authuser=0&hl=en&rclk=1,Restaurant,,5,3,,,
Pomaikai's Onolicious,94-065 Waipahu Depot St,Waipahu,HI,96797,US,(808) 451-4746,,https://www.google.com/maps/place/Pomaikai%27s+Onolicious/data=!4m7!3m6!1s0x7c0065007f1c37fd:0x11abe7e7ea8b008a!8m2!3d21.3822432!4d-158.0057164!16s%2Fg%2F11v_2j0fnw!19sChIJ_TccfwBlAHwRigCL6ufnqxE?authuser=0&hl=en&rclk=1,Restaurant,,5,2,,,
Randy's Catering & Fast Food,1032 Lower Main St # C,Wailuku,HI,96793,US,(808) 249-8533,,https://www.google.com/maps/place/Randy%27s+Catering+%26+Fast+Food/data=!4m7!3m6!1s0x7954d33a818c3799:0x3517407601865099!8m2!3d20.8994334!4d-156.4893348!16s%2Fg%2F1thgh75g!19sChIJmTeMgTrTVHkRmVCGAXZAFzU?authuser=0&hl=en&rclk=1,Restaurant,,5,3,11 AM-8 PM,,
San Nicolas Chicharon,2130 N King St #8,Honolulu,HI,96819,US,(808) 848-9959,,https://www.google.com/maps/place/San+Nicolas+Chicharon/data=!4m7!3m6!1s0x7c006e8ae8d15843:0x79a0788b1f65e3c9!8m2!3d21.3340371!4d-157.8794481!16s%2Fg%2F1tdpgdr9!19sChIJQ1jR6IpuAHwRyeNlH4t4oHk?authuser=0&hl=en&rclk=1,Restaurant,,4.2,179,7 AM-4:30 PM,"pork, parking, longganisa, stew, plate, empanadas, dinuguan, goat, vinegar, lechon",
Seafood City Supermarket,94-050 Farrington Hwy,Waipahu,HI,96797,US,(808) 675-2350,http://www.seafoodcity.com/,https://www.google.com/maps/place/Seafood+City+Supermarket/data=!4m7!3m6!1s0x7c006415af7d8f7f:0xb716aaeac2720d3d!8m2!3d21.378245!4d-158.0261203!16s%2Fg%2F11b806pfg8!19sChIJf499rxVkAHwRPQ1ywuqqFrc?authuser=0&hl=en&rclk=1,Supermarket & Grocery,Quick Bites & Turo-Turo,4.3,1248,8 AM-9 PM,"filipino food, bakery, asian food, fresh, halo halo, spices, poke, street food, pandesal, ube",
Shays Filipino Cafe,94-1040 Waipio Uka St Suite #10,Waipahu,HI,96797,US,(808) 892-1793,https://www.shaysfilipinocafe.com/,https://www.google.com/maps/place/Shays+Filipino+Cafe/data=!4m7!3m6!1s0x7c006661c3fff24b:0xabf40f33669932fa!8m2!3d21.4126036!4d-157.9988483!16s%2Fg%2F11bzt56hct!19sChIJS_L_w2FmAHwR-jKZZjMP9Ks?authuser=0&hl=en&rclk=1,Restaurant,,4.1,210,10 AM-8 PM,"pizza, ube pancakes, pancit, to go, sari, omelet, lechon kawali, lumpia, bicol express, pork adobo",
Sw8 dada's Sisig,94-333 Waipahu Depot St,Waipahu,HI,96797,US,(808) 387-9554,,https://www.google.com/maps/place/Sw8+dada%27s+Sisig/data=!4m7!3m6!1s0x7c00653a8f333b6f:0xeab447b90d24a36a!8m2!3d21.3852091!4d-158.0066669!16s%2Fg%2F11pbd3jjkk!19sChIJbzszjzplAHwRaqMkDblHtOo?authuser=0&hl=en&rclk=1,Restaurant,,4.8,34,9 AM-6 PM,"pork sisig, food truck, rice, parking, beef pares, pork skin, side dish",
T & L Market,1335 Middle St,Honolulu,HI,96819,US,(808) 341-3603,,https://www.google.com/maps/place/T+%26+L+Market/data=!4m7!3m6!1s0x7c006e8d26aad8cf:0xcf5501bf5f115cdc!8m2!3d21.34093!4d-157.8797674!16s%2Fg%2F1tffj_bq!19sChIJz9iqJo1uAHwR3FwRX78BVc8?authuser=0&hl=en&rclk=1,Quick Bites & Turo-Turo,Restaurant,4.7,75,8 AM-5 PM,"prices, manapua, fried, local food, plate lunches, truck food, parking, island, comfort food, the menu",
Tagpuan,60 Kanoa St,Wailuku,HI,96793,US,(808) 209-5010,https://tagpuanmaui.com/,https://www.google.com/maps/place/Tagpuan/data=!4m7!3m6!1s0x7954d310b0f5dbd7:0x2372c9a0d26b1430!8m2!3d20.8878156!4d-156.4982133!16s%2Fg%2F11wc6132hg!19sChIJ19v1sBDTVHkRMBRr0qDJciM?authuser=0&hl=en&rclk=1,Restaurant,,5,10,12-7:30 PM,"pork belly, halo-halo, lumpia, food truck, serving size, banana",
The Lechon King,692 Mapunapuna St,Honolulu,HI,96819,US,(808) 520-7030,,https://www.google.com/maps/place/The+Lechon+King/data=!4m7!3m6!1s0x7c006efee47cd82d:0x3aa32a7be2771ffd!8m2!3d21.3381889!4d-157.9007457!16s%2Fg%2F11fll62yj_!19sChIJLdh85P5uAHwR_R934nsqozo?authuser=0&hl=en&rclk=1,Restaurant,,4.4,29,10:30 AM-2 PM,"price, skin, island",
Thelma's Restaurant,94-366 Pupupani St #116,Waipahu,HI,96797,US,(808) 677-0443,https://thelmasrestaurant.shop/,https://www.google.com/maps/place/Thelma%27s+Restaurant/data=!4m7!3m6!1s0x7c00643b9bf7ca0f:0xd5da868884a23ff0!8m2!3d21.3817617!4d-158.0165719!16s%2Fg%2F1tfbccdg!19sChIJD8r3mztkAHwR8D-ihIiG2tU?authuser=0&hl=en&rclk=1,Restaurant,,4.4,643,7 AM-8:30 PM,"buffet, food and service, parking, mung beans, dinuguan, pinakbet, tomato, lechon, peas, pork adobo",
Tiano's Restaurant,94-673 Kupuohi St B202,Waipahu,HI,96797,US,(808) 379-1160,http://www.mytianos.com/,https://www.google.com/maps/place/Tiano%27s+Restaurant/data=!4m7!3m6!1s0x7c00641a8388be39:0x799753bab1845226!8m2!3d21.3877488!4d-158.0333573!16s%2Fg%2F11hbksvk8k!19sChIJOb6IgxpkAHwRJlKEsbpTl3k?authuser=0&hl=en&rclk=1,Restaurant,,4.4,375,11 AM-8 PM,"prime rib, lechon kawali, filipino food, fried rice, pork, ribeye, poke, halo halo, lumpia, sisig",
Trini's Mix Plate & Catering,74-5533 Luhia St APT K6,Kailua-Kona,HI,96740,US,(808) 329-3938,,https://www.google.com/maps/place/Trini%27s+Mix+Plate+%26+Catering/data=!4m7!3m6!1s0x79540e58f9aba8cb:0x5030f5f4bb9576cc!8m2!3d19.6492851!4d-156.0013934!16s%2Fg%2F1wcxd8_t!19sChIJy6ir-VgOVHkRzHaVu_T1MFA?authuser=0&hl=en&rclk=1,Restaurant,,4.6,46,9 AM-4 PM,"prices, chicharon, food court, tomato, pork, white rice, vinegar",
UBAE,1284 Kalani St,Honolulu,HI,96817,US,(808) 439-3224,http://www.ubaehawaii.com/,https://www.google.com/maps/place/UBAE/data=!4m7!3m6!1s0x7c006e6614465e59:0x6db5c1e222deefbe!8m2!3d21.3214783!4d-157.8761791!16s%2Fg%2F11f12pt9ly!19sChIJWV5GFGZuAHwRvu_eIuLBtW0?authuser=0&hl=en&rclk=1,"Bakery, Dessert & Cafe",,4.5,272,8 AM-7 PM,"cookies, tarts, soft serve, ube cheesecake, flavor, pandan, ube ice cream, parking, bakery, coconut",
Valerio's Tropical Bake Shop,94-050 Farrington Hwy,Waipahu,HI,96797,US,(808) 676-5777,http://www.valeriostropicalbakeshop.com/store-locations/,https://www.google.com/maps/place/Valerio%27s+Tropical+Bake+Shop/data=!4m7!3m6!1s0x7c006415a4d337c7:0x7c6406f63cdf120d!8m2!3d21.3782548!4d-158.0259235!16s%2Fg%2F11c1n459c4!19sChIJxzfTpBVkAHwRDRLfPPYGZHw?authuser=0&hl=en&rclk=1,"Bakery, Dessert & Cafe",,4.2,43,8 AM-8 PM,"ube, pandesal, cheese, donuts, oven, custard, bibingka, filipino, market, island",
Vicky's Filipino Fast Food,1113 Fort Street Mall,Honolulu,HI,96813,US,(808) 526-3950,https://usrestcafe.com/honolulu/409444-vickys-filipino-fast-food,https://www.google.com/maps/place/Vicky%27s+Filipino+Fast+Food/data=!4m7!3m6!1s0x7c006e75ada215c7:0x30e4b3618ba7e3eb!8m2!3d21.3100473!4d-157.8608171!16s%2Fg%2F1tmpf476!19sChIJxxWirXVuAHwR6-Oni2Gz5DA?authuser=0&hl=en&rclk=1,Quick Bites & Turo-Turo,Restaurant,4.4,34,6:30 AM-5 PM,"pork, filipino food, adobo, pancit, lunch",
Waialua General Store,67-272 Goodale Ave,Waialua,HI,96791,US,(808) 637-3131,,https://www.google.com/maps/place/Waialua+General+Store/data=!4m7!3m6!1s0x7c005f411acca9af:0x50c84d63774422f3!8m2!3d21.5739137!4d-158.1218256!16s%2Fg%2F1tdnx359!19sChIJr6nMGkFfAHwR8yJEd2NNyFA?authuser=0&hl=en&rclk=1,Supermarket & Grocery,,4.9,101,10 AM-6 PM,"poke, steak, plate, dessert, island, wall, wednesday, choice, mochi, pork",
Waipahu Festival Marketplace,94-340 Waipahu Depot St #115,Waipahu,HI,96797,US,(808) 487-9500,,https://www.google.com/maps/place/Waipahu+Festival+Marketplace/data=!4m7!3m6!1s0x7c00642e1127e485:0x7b211ffe1193e90!8m2!3d21.3851324!4d-158.0075553!16s%2Fg%2F1v6l7q2w!19sChIJheQnES5kAHwRkD4Z4f8Rsgc?authuser=0&hl=en&rclk=1,Supermarket & Grocery,,4.2,283,7 AM-3 PM,"price, filipino food, fruits, parking, vendors, fresh vegetables, pork, local, asian food, cook",
Waipahu Market,94-861 Farrington Hwy C,Waipahu,HI,96797,US,(808) 671-5550,,https://www.google.com/maps/place/Waipahu+Market/data=!4m7!3m6!1s0x7c00642d721e5d41:0xeeea9a1800c7873f!8m2!3d21.3838732!4d-158.0023855!16s%2Fg%2F11cjkpf991!19sChIJQV0eci1kAHwRP4fHABia6u4?authuser=0&hl=en&rclk=1,Supermarket & Grocery,,3.7,31,6 AM-8 PM,prices,
Yumyum Tumtum Filipino Food,45-1127 Kamehameha Hwy F,Kaneohe,HI,96744,US,(808) 226-0590,https://www.facebook.com/share/1EDosE5LTb/,https://www.google.com/maps/place/Yumyum+Tumtum+Filipino+Food/data=!4m7!3m6!1s0x7c006bf54c6191cd:0x211960adf1c95e7!8m2!3d21.4176327!4d-157.8013444!16s%2Fg%2F11xmfsq4fx!19sChIJzZFhTPVrAHwR55Uc3wqWEQI?authuser=0&hl=en&rclk=1,Quick Bites & Turo-Turo,Restaurant,5,6,9 AM-6 PM,,
Yumyum Tumtum Filipino Food Truck,"Lokahi Kailua Market, 340 Uluniu St",Kailua,HI,96734,US,(808) 226-0590,,https://www.google.com/maps/place/Yumyum+Tumtum+Filipino+Food+Truck/data=!4m7!3m6!1s0x7c0013e4e1797e71:0x99b67ffc3ee4bfd1!8m2!3d21.3970786!4d-157.7430165!16s%2Fg%2F11rgrp51fm!19sChIJcX554eQTAHwR0b_kPvx_tpk?authuser=0&hl=en&rclk=1,Restaurant,,3.8,11,,"pancit, pork, lumpia, bbq, price",
A Taste of the Philippines,55 Meadows Rd,Poteet,TX,78065,US,(210) 218-2200,http://www.farmtofamilia.com/,https://www.google.com/maps/place/A+Taste+of+the+Philippines/data=!4m7!3m6!1s0x865ce322ef48c53f:0xbaa6991f6eb14dc5!8m2!3d29.0965881!4d-98.5943967!16s%2Fg%2F11krf26r5p!19sChIJP8VI7yLjXIYRxU2xbh-Zpro?authuser=0&hl=en&rclk=1,Restaurant,,5,5,10 AM-6 PM,,
Bahay Kubo at iba pa,9292 Warren Pkwy suite 200 unit 104,Frisco,TX,75035,US,(940) 343-2564,,https://www.google.com/maps/place/Bahay+Kubo+at+iba+pa/data=!4m7!3m6!1s0x864c3d9d92d099a5:0x18abdcfcd198f45b!8m2!3d33.1099472!4d-96.8026795!16s%2Fg%2F11s433fblp!19sChIJpZnQkp09TIYRW_SY0fzcqxg?authuser=0&hl=en&rclk=1,Restaurant,,4.3,28,,"dinuguan, price, bicol express, food court, pork belly",
Baso by The Baker's Son,15235 Southwest Fwy Suite D,Sugar Land,TX,77478,US,(346) 319-8109,https://basobythebakerson.com/,https://www.google.com/maps/place/Baso+by+The+Baker%27s+Son/data=!4m7!3m6!1s0x8640e72299f1240b:0xf16d3b4dbccc6f3d!8m2!3d29.6031976!4d-95.6114109!16s%2Fg%2F11xlyzdy90!19sChIJCyTxmSLnQIYRPW_MvE07bfE?authuser=0&hl=en&rclk=1,"Bakery, Dessert & Cafe",Restaurant,4.8,49,8 AM-8 PM,"filipino, smash burger, ube, sandwich, halo halo, pandan, soft serve, spam, matcha latte, hash brown",
Batangas On Wheels,3496 N 1st St,Abilene,TX,79603,US,(325) 514-0435,,https://www.google.com/maps/place/Batangas+On+Wheels/data=!4m7!3m6!1s0x86568f37a5144979:0xba9588e3ecbd801b!8m2!3d32.4525103!4d-99.7665611!16s%2Fg%2F11xn8dhg_9!19sChIJeUkUpTePVoYRG4C97OOIlbo?authuser=0&hl=en&rclk=1,Restaurant,,4,1,,,
Be More Pacific,506 Yale St Suite E,Houston,TX,77007,US,(832) 582-5264,http://www.bemorepacifickitchenandbar.com/,https://www.google.com/maps/place/Be+More+Pacific/data=!4m7!3m6!1s0x8640c7cc372a3f4b:0xaea2009a478c56ac!8m2!3d29.7802987!4d-95.3984092!16s%2Fg%2F11fstpxz9l!19sChIJSz8qN8zHQIYRrFaMR5oAoq4?authuser=0&hl=en&rclk=1,Restaurant,,4.5,835,11 AM-10 PM,"happy hour, karaoke, bartender, patio, banana ketchup, tacos, spam musubi, brussel sprouts, ribeye, ceviche",
Cabalen Restaurant,504 N 10th St # B11,McAllen,TX,78501,US,(956) 687-6313,http://cabalen-mcallen.edan.io/,https://www.google.com/maps/place/Cabalen+Restaurant/data=!4m7!3m6!1s0x8665a736309dbd0b:0x854544c22bfcadfb!8m2!3d26.208118!4d-98.2283473!16s%2Fg%2F1vd76br5!19sChIJC72dMDanZYYR-638K8JERYU?authuser=0&hl=en&rclk=1,Restaurant,,4.8,92,7:30 AM-4 PM,"price, desserts, pork, adobo, people, rolls, parents, comfort food, skewers, entree",
Claro's Seafood Restaurant,10904 Scarsdale Blvd Unit 252,Houston,TX,77089,US,(281) 529-6481,http://www.clarosseafood.com/,https://www.google.com/maps/place/Claro%27s+Seafood+Restaurant/data=!4m7!3m6!1s0x86409b2583374367:0xa7adc16cbd4a66a1!8m2!3d29.5854712!4d-95.2110883!16s%2Fg%2F11yf40wmrs!19sChIJZ0M3gyWbQIYRoWZKvWzBrac?authuser=0&hl=en&rclk=1,Restaurant,,4.9,40,11 AM-8:30 PM,"fried, price, sinigang, taro, grilled shrimps, oysters, sweet and sour fish",
Cocina Elena,"Asia Time Square, 2615 W Pioneer Pkwy",Grand Prairie,TX,75051,US,(817) 721-1776,https://facebook.com/CocinaElenaTx,https://www.google.com/maps/place/Cocina+Elena/data=!4m7!3m6!1s0x864e862dd482b5ad:0xa12e875306a4591d!8m2!3d32.7095377!4d-97.0447985!16s%2Fg%2F11bzy56yxc!19sChIJrbWC1C2GToYRHVmkBlOHLqE?authuser=0&hl=en&rclk=1,Restaurant,,4.3,140,10:30 AM-4 PM,"price, cash, pancit, mom, lumpia, sisig, gloves, mayo, food court, tocino",
Da Real Aloha BBQ,12210 Montwood Dr Ste 109,El Paso,TX,79936,US,(808) 562-7122,,https://www.google.com/maps/place/Da+Real+Aloha+BBQ/data=!4m7!3m6!1s0x86e74596f279e4c7:0xb7c899d1501fb057!8m2!3d31.7602171!4d-106.2646891!16s%2Fg%2F11sd7rzznq!19sChIJx-R58pZF54YRV7AfUNGZyLc?authuser=0&hl=en&rclk=1,Restaurant,,4.4,208,11 AM-8 PM,"mac salad, spam musubi, hawaiian food, rice, loco moco, teriyaki chicken, islands, spicy chicken katsu, lau lau, potato mac",
Dad's Best Filipino Cuisine,"1810 D, Rayford Rd",Spring,TX,77386,US,(956) 285-8791,http://www.dadsbestfilipinocuisine.online/,https://www.google.com/maps/place/Dad%27s+Best+Filipino+Cuisine/data=!4m7!3m6!1s0x86473772c2e64821:0xfe5ea4373ca1cb75!8m2!3d30.1240381!4d-95.4147673!16s%2Fg%2F11lkddgmk7!19sChIJIUjmwnI3R4YRdcuhPDekXv4?authuser=0&hl=en&rclk=1,Restaurant,,4.8,114,,"lumpia, pansit, food truck, empanadas, skewer, people, christian, social media, pork bbq, dozen",
De Dios Filipino Store,6500 N 10th St Ste T,McAllen,TX,78504,US,(956) 664-2210,,https://www.google.com/maps/place/De+Dios+Filipino+Store/data=!4m7!3m6!1s0x8665a14cbfb066e7:0x9c879d1ecd20c6c6!8m2!3d26.2611151!4d-98.2188201!16s%2Fg%2F1tdp0x5s!19sChIJ52awv0yhZYYRxsYgzR6dh5w?authuser=0&hl=en&rclk=1,Supermarket & Grocery,,4.8,48,9 AM-8 PM,convenience,
DelCiano Pinoy Cuisine,6320 U.S. 287 Frontage Rd Ste 108,Arlington,TX,76001,US,(817) 897-6134,http://delciano.com/,https://www.google.com/maps/place/DelCiano+Pinoy+Cuisine/data=!4m7!3m6!1s0x864e6339b1964add:0x2aafcb6c8d07ebaa!8m2!3d32.6442921!4d-97.1858324!16s%2Fg%2F1vhlylj0!19sChIJ3UqWsTljToYRqusHjWzLryo?authuser=0&hl=en&rclk=1,Restaurant,,4.5,446,11:30 AM-9 PM,"karaoke, pancit, halo halo, chef, crispy pata, pandesal, Spring rolls, entrees, feel, bistek",
Eat and Out Cafeteria,20680 Westheimer Pkwy #10,Katy,TX,77450,US,(281) 717-8626,https://www.order.store/store/eat-and-out-cafeteria/i2QeQLfWW162mcDaTT5LSw,https://www.google.com/maps/place/Eat+and+Out+Cafeteria/data=!4m7!3m6!1s0x8641213759bef1b3:0xb47a73eadaa515b7!8m2!3d29.7390111!4d-95.7341104!16s%2Fg%2F11gh_4pswb!19sChIJs_G-WTchQYYRtxWl2upzerQ?authuser=0&hl=en&rclk=1,Quick Bites & Turo-Turo,Restaurant,4.4,149,9:30 AM-6 PM,"price, halo halo, sisig, lumpia, pancit, fried, trays, buffet, menudo, laing",
El Pinoy Restaurante & Groceries,101 21st St #4,Galveston,TX,77550,US,,https://elpinoyrestaurante.com/,"https://www.google.com/maps/place/El+Pinoy+Restaurante+%26+Groceries/@29.3084175,-94.7926144,17z/data=!3m1!4b1!4m6!3m5!1s0x863f9e6b2841b245:0x34e2d0c15691d63b!8m2!3d29.3084175!4d-94.7926144!16s%2Fg%2F11b6_gxm7k?authuser=0&hl=en&entry=ttu&g_ep=EgoyMDI1MDgyNS4wIKXMDSoASAFQAw%3D%3D",Restaurant,,4.2,37,9 AM-2 PM,"home, fish, price",
Elsie's Egg Rolls,525 Chris Kelley Blvd STE 100A,Hutto,TX,78634,US,(512) 642-6984,https://sites.google.com/elsieseggrolls.com/elsies/menu?authuser=0,https://www.google.com/maps/place/Elsie%27s+Egg+Rolls/data=!4m7!3m6!1s0x8644dbabd9eced6b:0xd024b56002a00724!8m2!3d30.5322331!4d-97.5637087!16s%2Fg%2F11fxy3c332!19sChIJa-3s2avbRIYRJAegAmC1JNA?authuser=0&hl=en&rclk=1,Restaurant,,4.5,372,,"pancit, lumpia, food truck, chicken curry, drive thru, pork adobo, garlic rice, filipino spaghetti, pork skewers, spicy sauce",
Fely's Lumpia House,3845 FM888,Beeville,TX,78102,US,(361) 362-9524,,https://www.google.com/maps/place/Fely%27s+Lumpia+House/data=!4m7!3m6!1s0x86680762c5a64659:0xa00615b788b32347!8m2!3d28.3305025!4d-97.7593607!16s%2Fg%2F11mvr9_wmx!19sChIJWUamxWIHaIYRRyOziLcVBqA?authuser=0&hl=en&rclk=1,Restaurant,Quick Bites & Turo-Turo,4.3,6,11 AM-6 PM,,
Filipiniana Restaurant,9671 Bissonnet St,Houston,TX,77036,US,(713) 272-8888,https://filipinianarestaurants.com/,https://www.google.com/maps/place/Filipiniana+Restaurant/data=!4m7!3m6!1s0x8640c2a71909b60d:0xcf9821930dfc9ebd!8m2!3d29.675137!4d-95.5470859!16s%2Fg%2F1tywyb4r!19sChIJDbYJGafCQIYRvZ78DZMhmM8?authuser=0&hl=en&rclk=1,Restaurant,,4.2,483,10:30 AM-6 PM,"buffet, price, dessert, home, selection, kare-kare, cook, plate, adobo, lumpia",
FilipinianaToo HTX,4051 FM 1960,Houston,TX,77068,US,(281) 895-6666,https://filipinianatoohtx.com/,https://www.google.com/maps/place/FilipinianaToo+HTX/data=!4m7!3m6!1s0x8640cc642227be7b:0xd162ae51a2382cd6!8m2!3d29.9930428!4d-95.4885867!16s%2Fg%2F12llh70ld!19sChIJe74nImTMQIYR1iw4olGuYtE?authuser=0&hl=en&rclk=1,Restaurant,,4,400,10 AM-4 PM,"buffet, price, take out, pancit, plate, fresh, feel, atmosphere, adobo, pork",
Filipino Asian Mart,615 W Slaughter Ln,Austin,TX,78748,US,(512) 291-8135,http://filipino-asianmart.com/,https://www.google.com/maps/place/Filipino+Asian+Mart/data=!4m7!3m6!1s0x865b4cc4693ada55:0x2b7aa366a64a5040!8m2!3d30.172323!4d-97.801245!16s%2Fg%2F1tdd5pc6!19sChIJVdo6acRMW4YRQFBKpmajeis?authuser=0&hl=en&rclk=1,Supermarket & Grocery,Restaurant,4.7,669,12-7 PM,"filipino food, pancit, lumpia, chicken adobo, halo halo, egg rolls, sinigang, dinuguan, lechon kawali, taho",
Filipino Restaurant & Bake Shop,209 Bedford Rd,Bedford,TX,76022,US,(817) 282-0655,https://m.facebook.com/filipinianabedford/,https://www.google.com/maps/place/Filipino+Restaurant+%26+Bake+Shop/data=!4m7!3m6!1s0x864e7f267daebb0f:0xa0aba222fbfb3de3!8m2!3d32.834485!4d-97.165337!16s%2Fg%2F1tjyp3kp!19sChIJD7uufSZ_ToYR4z37-yKiq6A?authuser=0&hl=en&rclk=1,Restaurant,"Bakery, Dessert & Cafe",4.3,39,,"prices, cake, lumpia, halo halo",
Filipinolicious,413 N Main St,Cibolo,TX,78108,US,(210) 900-5842,http://www.facebook.com/filipinolicious,https://www.google.com/maps/place/Filipinolicious/data=!4m7!3m6!1s0x865c5f66361111db:0x6758863181602095!8m2!3d29.564669!4d-98.2298586!16s%2Fg%2F11q2nv8ss5!19sChIJ2xERNmZfXIYRlSBggTGGWGc?authuser=0&hl=en&rclk=1,Restaurant,Quick Bites & Turo-Turo,4.6,11,,"lumpia, pancit, boba",
Flip 'n Patties,1809 Eldridge Pkwy Suite 108,Houston,TX,77077,US,(832) 432-7869,https://www.flipnpatties.com/,https://www.google.com/maps/place/Flip+%27n+Patties/data=!4m7!3m6!1s0x8640dc6d3408267f:0x867be0e998fddc3a!8m2!3d29.7487694!4d-95.6245296!16s%2Fg%2F11hbbpry80!19sChIJfyYING3cQIYROtz9mOnge4Y?authuser=0&hl=en&rclk=1,Restaurant,,4.7,1307,11 AM-9 PM,"burger, buns, food truck, empanadas, portabella mushroom, cheddar, wagyu, brick and mortar, banana ketchup, aioli",
Flip 'n Patties,800 Capitol St suite t-307,Houston,TX,77002,US,(832) 582-6178,http://flipnpatties.com/,https://www.google.com/maps/place/Flip+%27n+Patties/data=!4m7!3m6!1s0x8640bfc38f9143ab:0xd9a96fb665603632!8m2!3d29.7594315!4d-95.3648084!16s%2Fg%2F11hzcy27dv!19sChIJq0ORj8O_QIYRMjZgZbZvqdk?authuser=0&hl=en&rclk=1,Restaurant,,4.6,302,11 AM-8 PM,"burger, buns, food truck, empanadas, portabella mushroom, cheddar, wagyu, brick and mortar, banana ketchup, aioli",
Fort Worth Filipino Market,8127 White Settlement Rd # A,Fort Worth,TX,76108,US,(817) 367-6351,,https://www.google.com/maps/place/Fort+Worth+Filipino+Market/data=!4m7!3m6!1s0x864e0ca3ba615c01:0x99f1aa83ef464f19!8m2!3d32.7594806!4d-97.457144!16s%2Fg%2F1tj96tym!19sChIJAVxhuqMMToYRGU9G74Oq8Zk?authuser=0&hl=en&rclk=1,Supermarket & Grocery,,5,1,,,
Genalyn's Filipino Cuisine,Veterans Blvd,Del Rio,TX,78840,US,(830) 212-3895,,"https://www.google.com/maps/place/Genalyn's+Filipino+Cuisine/@29.3802559,-100.9047524,17z/data=!3m1!4b1!4m6!3m5!1s0x86f5eb712605b4d9:0x2808541f8643b71e!8m2!3d29.3802559!4d-100.9047524!16s%2Fg%2F11g7z7tkh3?authuser=0&hl=en&entry=ttu&g_ep=EgoyMDI1MDgyNS4wIKXMDSoASAFQAw%3D%3D",Restaurant,,4.3,13,,"filipino food, buffet",
Gerry's Grill,6833 W Sam Houston Pkwy S # 109,Houston,TX,77072,US,(832) 582-8638,https://www.facebook.com/profile.php?id=61558369435748&mibextid=LQQJ4d,https://www.google.com/maps/place/Gerry%27s+Grill/data=!4m7!3m6!1s0x8640c2ce9902eb45:0x3fe2b49022fd6570!8m2!3d29.7032074!4d-95.5558593!16s%2Fg%2F11hbv7ywxz!19sChIJResCmc7CQIYRcGX9IpC04j8?authuser=0&hl=en&rclk=1,Restaurant,,4.5,1688,"12-3 PM, 5-9 PM","band, crispy pata, grilled squid, pork bbq, entertainment, chicken inasal, live music, tip, appetizer, soft opening",
Godo's,7235 Fannin St,Houston,TX,77030,US,(713) 797-0670,https://www.godosbakery.com/,https://www.google.com/maps/place/Godo%27s/data=!4m7!3m6!1s0x8640c00c4f2131cb:0xdb3fee138daea062!8m2!3d29.6978123!4d-95.4005061!16s%2Fg%2F1ts3f_hs!19sChIJyzEhTwzAQIYRYqCujRPuP9s?authuser=0&hl=en&rclk=1,Restaurant,,4.1,326,7 AM-7 PM,"egg rolls, price, buffet, lumpia, breakfast, bakery, pancit, party, pork, deliver",
Griego's Bobalicious Emporium,1112 Circle M Dr,Killeen,TX,76549,US,(254) 418-0008,,https://www.google.com/maps/place/Griego%27s+Bobalicious+Emporium/data=!4m7!3m6!1s0x864547cc3d9fc6e3:0xda316eda6c0c3287!8m2!3d31.088974!4d-97.758429!16s%2Fg%2F11vpdr8pvj!19sChIJ48afPcxHRYYRhzIMbNpuMdo?authuser=0&hl=en&rclk=1,Food Truck & Pop-Up,"Bakery, Dessert & Cafe",5,13,11 AM-8 PM,"lumpia, filipino food, empanadas, hot chocolate, vegetables, pancit",
Halo Halo Filipino Food,12135 Montwood Dr #106,El Paso,TX,79936,US,(915) 304-6603,https://www.facebook.com/HaloHaloFilipinoFood,https://www.google.com/maps/place/Halo+Halo+Filipino+Food/data=!4m7!3m6!1s0x86e7453e6efda38b:0x6ab78a41cf1dba71!8m2!3d31.7614361!4d-106.2707403!16s%2Fg%2F11flm0hsmg!19sChIJi6P9bj5F54YRcbodz0GKt2o?authuser=0&hl=en&rclk=1,Restaurant,"Bakery, Dessert & Cafe",4.6,270,11 AM-6 PM,"pancit, price, dessert, lumpia, bbq pork, chicken adobo, lechon kawali, market, plate, kare-kare",
Inihaw Avenue Filipino Kitchen,4835 N O'Connor Rd,Irving,TX,75062,US,(972) 433-5535,http://inihawavenue.com/,https://www.google.com/maps/place/Inihaw+Avenue+Filipino+Kitchen/data=!4m7!3m6!1s0x864e83906e3a087d:0x88a1f192707bd33d!8m2!3d32.8656737!4d-96.949105!16s%2Fg%2F11ghppbw9z!19sChIJfQg6bpCDToYRPdN7cJLxoYg?authuser=0&hl=en&rclk=1,Restaurant,Quick Bites & Turo-Turo,4.3,491,11 AM-7 PM,"home, crispy, garlic rice, pork belly, snacks, pork skewers, bibingka, bbq pork, calamansi juice, appetizer",
iSnak Cafe,3616 N Fry Rd Suite 220,Katy,TX,77449,US,(281) 717-4809,https://isnakcafekaty.com/,https://www.google.com/maps/place/iSnak+Caf%C3%A9/data=!4m7!3m6!1s0x8640d93c105b8339:0xe9861915a29688f!8m2!3d29.8251005!4d-95.7195137!16s%2Fg%2F11j_pnw4dt!19sChIJOYNbEDzZQIYRj2gpWpFhmA4?authuser=0&hl=en&rclk=1,Restaurant,,4.7,174,11 AM-7 PM,"halo halo, snacks, pancit, lumpia, halal, skewers, siomai, ube, palabok, home",
Jambeto's Bakery & Cafe,609 Dulles Ave Ste 750,Stafford,TX,77477,US,(281) 201-2477,https://jambetos.com/?utm_source=google,https://www.google.com/maps/place/Jambeto%27s+Bakery+%26+Cafe/data=!4m7!3m6!1s0x8640e635e14b32fd:0x8c35983855ae93d6!8m2!3d29.6199907!4d-95.5818025!16s%2Fg%2F1261d9bg6!19sChIJ_TJL4TXmQIYR1pOuVTiYNYw?authuser=0&hl=en&rclk=1,Restaurant,"Bakery, Dessert & Cafe",4.6,165,11 AM-6 PM,"lumpia, beef empanadas, bread, halo halo, price, eggrolls, turon, ube pandesal, area, home",
Jayli,18551 Old Richmond Rd,Sugar Land,TX,77498,US,(281) 325-1077,,https://www.google.com/maps/place/Jayli/data=!4m7!3m6!1s0x8640e0f08301c5c5:0x7b2c52e2ce8c6a87!8m2!3d29.6329989!4d-95.6804881!16s%2Fg%2F11dxrymt03!19sChIJxcUBg_DgQIYRh2qMzuJSLHs?authuser=0&hl=en&rclk=1,Restaurant,,4.2,72,9 AM-7 PM,"price, crispy pata, lumpia, cashier, leche flan, coffee, BBQ, halo-halo, take out",
Jollibee,4703 Greenville Ave,Dallas,TX,75206,US,(469) 899-9850,https://locations.jollibeefoods.com/usa/tx/dallas/4703-greenville-ave?utm_medium=organic&utm_source=local&utm_campaign=googlelistings&utm_content=website&utm_term=OLO225711,https://www.google.com/maps/place/Jollibee/data=!4m7!3m6!1s0x864e9fb90330d527:0x365c5623aa748917!8m2!3d32.8449417!4d-96.7705249!16s%2Fg%2F11kc3kzh81!19sChIJJ9UwA7mfToYRF4l0qiNWXDY?authuser=0&hl=en&rclk=1,Restaurant,Quick Bites & Turo-Turo,4.2,1420,10 AM-10 PM,"spaghetti, gravy, drive thru, spicy chicken, fried chicken, mashed potatoes, palabok, peach mango pie, adobo fried rice, ube pie",
Jollibee,8001 S Main St #100,Houston,TX,77025,US,(713) 665-8914,https://locations.jollibeefoods.com/usa/tx/houston/8001-s-main-st?utm_medium=organic&utm_source=local&utm_campaign=googlelistings&utm_content=website&utm_term=OLO146043,https://www.google.com/maps/place/Jollibee/data=!4m7!3m6!1s0x8640bf39cfecca89:0x9de5b336d75bb3!8m2!3d29.6934859!4d-95.4146391!16s%2Fg%2F1pp2wwjg6!19sChIJicrszzm_QIYRs1vXNrPlnQA?authuser=0&hl=en&rclk=1,Restaurant,Quick Bites & Turo-Turo,4.2,4015,7 AM-11 PM,"spaghetti, filipino food, pineapple juice, spicy chicken, peach mango pie, palabok, halo halo, homeless, ube, adobo",
"Kabayan Dallas Filipino Store & Cafe *Dallas, TX",19009 Preston Rd #209,Dallas,TX,75252,US,(972) 982-2133,,"https://www.google.com/maps/place/Kabayan+Dallas+Filipino+Store+%26+Cafe+*Dallas,+TX/data=!4m7!3m6!1s0x864c230b2f256fed:0xf7443311d8514001!8m2!3d33.0071951!4d-96.7962612!16s%2Fg%2F11jqd6cbyq!19sChIJ7W8lLwsjTIYRAUBR2BEzRPc?authuser=0&hl=en&rclk=1",Restaurant,Supermarket & Grocery,4.2,251,10 AM-8 PM,"halo halo, groceries, karaoke, lechon, cashier, products, skewers, drive, live music, pork bbq",
KABAYAN FILIPINO STORE CAFE,2305 S State Hwy 121 #165,Lewisville,TX,75067,US,(214) 513-0440,https://www.kabayanfilipinocafe.com/,https://www.google.com/maps/place/KABAYAN+FILIPINO+STORE+CAFE/data=!4m7!3m6!1s0x864c2e88db50394f:0x270aa4f0ca3addd2!8m2!3d33.0132426!4d-96.9944897!16s%2Fg%2F11byyyzgw1!19sChIJTzlQ24guTIYR0t06yvCkCic?authuser=0&hl=en&rclk=1,"Bakery, Dessert & Cafe",Supermarket & Grocery,4.5,573,10 AM-9 PM,"filipino food, halo halo, karaoke, pancit, kare kare, lumpia, bicol express, lechon, dinuguan, chicken adobo",
KABAYAN KUSINA,5238 De Zavala Rd #124,San Antonio,TX,78249,US,(210) 900-7145,https://www.facebook.com/kabayankusinasatx/,https://www.google.com/maps/place/KABAYAN+KUSINA/data=!4m7!3m6!1s0x865c67fc6773a473:0xf3455a63be04ee88!8m2!3d29.5633635!4d-98.5882761!16s%2Fg%2F11kpg7pgvk!19sChIJc6RzZ_xnXIYRiO4EvmNaRfM?authuser=0&hl=en&rclk=1,Restaurant,,4.7,293,10 AM-8 PM,"crispy pata, chicken adobo, pork belly, pork adobo, mom, presentation, sinuglaw, sago gulaman, pinakbet, fruit salad",
Kain Na-Filipino Cuisine,9323 Perrin Beitel Unit 101,San Antonio,TX,78217,US,(210) 455-2414,https://kainnasatx.com/?utm_source=google,https://www.google.com/maps/place/Kain+Na-Filipino+Cuisine/data=!4m7!3m6!1s0x865c8d489b40a1d9:0xb892934128854274!8m2!3d29.5252847!4d-98.4114143!16s%2Fg%2F11h044t2bz!19sChIJ2aFAm0iNXIYRdEKFKEGTkrg?authuser=0&hl=en&rclk=1,Restaurant,,4,413,11 AM-8 PM,"plate, karaoke, garlic rice, short ribs, pork adobo, kabob, teriyaki chicken, mac salad, stir fried veggies, dynamite lumpia",
Kainan Sa Laguna,909 Spring Creek Pkwy #450,Plano,TX,75023,US,(214) 299-9586,https://www.facebook.com/kainansalaguna/,https://www.google.com/maps/place/Kainan+Sa+Laguna/data=!4m7!3m6!1s0x864c1835e8305c7b:0x5eddb47a8992275d!8m2!3d33.0576353!4d-96.710833!16s%2Fg%2F11hblj8crg!19sChIJe1ww6DUYTIYRXSeSiXq03V4?authuser=0&hl=en&rclk=1,Restaurant,,4.2,216,11 AM-8 PM,"desserts, buffet, lumpia, halo halo, sisig, adobo, home, sinigang, kare kare, puto",
Kalixto's Filipino Food,827 Green Clover Ln,Rosharon,TX,77583,US,(832) 909-2315,https://www.facebook.com/KalixtosHTX?mibextid=ZbWKwL,https://www.google.com/maps/place/Kalixto%27s+Filipino+Food/data=!4m7!3m6!1s0x8640f3cf549b61db:0x476668468601c923!8m2!3d29.4667256!4d-95.4630578!16s%2Fg%2F11vytd84rw!19sChIJ22GbVM_zQIYRI8kBhkZoZkc?authuser=0&hl=en&rclk=1,Restaurant,,5,10,5 AM-9 PM,lumpia,
Kanto Fud,1701 Montana Ave,El Paso,TX,79902,US,(915) 408-4348,http://kantofudtx.com/,https://www.google.com/maps/place/Kanto+Fud/data=!4m7!3m6!1s0x86e743a15bd19dc7:0x7d1c62a276db989d!8m2!3d31.7740277!4d-106.4764365!16s%2Fg%2F11t6_k7405!19sChIJx53RW6FD54YRnZjbdqJiHH0?authuser=0&hl=en&rclk=1,Restaurant,,4.7,72,10 AM-6 PM,"sisig, price, pancit, pork, lemonade, siomai, mouth, egg rolls, chicken fried rice, ginger tea",
KA-ON GRILL FILIPINO CUISINE,1901 East US Hwy 377,Granbury,TX,76049,US,(817) 559-8208,https://busilist.org/details/chilton-s-body-shop-ChIJw53,https://www.google.com/maps/place/KA-ON+GRILL+FILIPINO+CUISINE/data=!4m7!3m6!1s0x864e210975b3ac97:0x28bc654cc7aae6f!8m2!3d32.4416823!4d-97.7552274!16s%2Fg%2F11ydm5308h!19sChIJl6yzdQkhToYRb656zFTGiwI?authuser=0&hl=en&rclk=1,Restaurant,,5,18,11 AM-7 PM,"lumpia, filipino food, pork, BBQ, adobo, car, rice, pancit, food truck",
Kape Tayo Cafe Energy District USA,12012 Wickchester Ln,Houston,TX,77079,US,(832) 295-3617,,https://www.google.com/maps/place/Kape+Tayo+Cafe+Energy+District+USA/data=!4m7!3m6!1s0x8640dbf8e7deb4af:0xa055f57cdf69b352!8m2!3d29.7888307!4d-95.5985995!16s%2Fg%2F11m5k23jvr!19sChIJr7Te5_jbQIYRUrNp33z1VaA?authuser=0&hl=en&rclk=1,"Bakery, Dessert & Cafe",,4.9,14,8:30 AM-3:30 PM,"filipino, atmosphere, selection",
Kusina Ni Chef LLC,2534 Babcock Rd,San Antonio,TX,78229,US,(210) 517-8281,https://www.facebook.com/profile.php?id=100090357270144,https://www.google.com/maps/place/Kusina+Ni+Chef+LLC/data=!4m7!3m6!1s0x865c5d33538ec1e7:0xc94f3aa5019299c4!8m2!3d29.5075161!4d-98.5886842!16s%2Fg%2F11vd5y97xh!19sChIJ58GOUzNdXIYRxJmSAaU6T8k?authuser=0&hl=en&rclk=1,Restaurant,,5,23,,"filipino food, bbq, food truck, pancit, lumpia, medical, burger, prices",
Kusina Restaurant & Market,6700 N 23rd St A,McAllen,TX,78504,US,(956) 664-0044,,https://www.google.com/maps/place/Kusina+Restaurant+%26+Market/data=!4m7!3m6!1s0x8665a6bb28c8e341:0xd3d3e72558c235f9!8m2!3d26.2652798!4d-98.2348404!16s%2Fg%2F1td3ry37!19sChIJQePIKLumZYYR-TXCWCXn09M?authuser=0&hl=en&rclk=1,Restaurant,,4.5,408,10 AM-8 PM,"price, pancit, pork, lumpia, adobo, to go, lechon, breakfast, garlic rice, entrees",
Kuya Walds - Filipino Cuisine,12815 Farm to Market Rd 2154 unit 180,College Station,TX,77845,US,(979) 450-7648,https://www.facebook.com/kuyawaldsfilipino,https://www.google.com/maps/place/Kuya+Walds+-+Filipino+Cuisine/data=!4m7!3m6!1s0x864685f00fb79547:0x5bfbd6c8df81ec68!8m2!3d30.5699882!4d-96.3084182!16s%2Fg%2F11s52c3f7c!19sChIJR5W3D_CFRoYRaOyB38jW-1s?authuser=0&hl=en&rclk=1,Restaurant,,4.7,83,11 AM-9 PM,"pancit, pork, prices, lumpia, halo halo, skewers, people, chicken adobo, karaoke, catering",
Lai-Lai Lumpia and Filipino/Asian Cuisine Food Truck,4288 TX-276,Rockwall,TX,75032,US,(682) 395-3935,https://lailaicuisine.com/,https://www.google.com/maps/place/Lai-Lai+Lumpia+and+Filipino%2FAsian+Cuisine+Food+Truck/data=!4m7!3m6!1s0x864955680bd1aa61:0xa1b36b5e01c0058e!8m2!3d32.905112!4d-96.3842982!16s%2Fg%2F11ybb69yk1!19sChIJYarRC2hVSYYRjgXAAV5rs6E?authuser=0&hl=en&rclk=1,Restaurant,,4.8,30,11 AM-8 PM,"halo halo, pancit bihon, pork, fried rice, ube ice cream",
Little Mama's,2021 N Mays St #1000,Round Rock,TX,78664,US,(512) 244-6262,https://www.facebook.com/littlemamas512/,https://www.google.com/maps/place/Little+Mama%27s/data=!4m7!3m6!1s0x8644d182a5a66eef:0xeb05f4b5c40abf7c!8m2!3d30.5309266!4d-97.6883359!16s%2Fg%2F11bx0h5lgj!19sChIJ726mpYLRRIYRfL8KxLX0Bes?authuser=0&hl=en&rclk=1,Restaurant,Quick Bites & Turo-Turo,4.6,443,11 AM-4 PM,"dessert, halo halo, pancit, lechon kawali, bicol express, stuffed, filipino bbq, lumpia, beef steak, palabok",
Little Manila Lumpia House,2124 Waldron Rd,Corpus Christi,TX,78418,US,(361) 937-5651,http://lumpiaroll.com/,https://www.google.com/maps/place/Little+Manila+Lumpia+House/data=!4m7!3m6!1s0x8668f73a11fbb863:0xd2d0e7cebf819f46!8m2!3d27.6521325!4d-97.2929607!16s%2Fg%2F1v9t_bb8!19sChIJY7j7ETr3aIYRRp-Bv87n0NI?authuser=0&hl=en&rclk=1,Restaurant,,4.6,702,10:30 AM-9 PM,"pancit, pork, egg rolls, home, take out, bihon, salty, adobo, shrimp, plate",
Lumpia House #2,7426 S Staples St #108,Corpus Christi,TX,78413,US,(361) 452-8500,https://lumpiaroll.com/,https://www.google.com/maps/place/Lumpia+House+%232/data=!4m7!3m6!1s0x8668f58c98c37983:0x1a38d8541e8df788!8m2!3d27.6675381!4d-97.3938264!16s%2Fg%2F11ft5h6yb2!19sChIJg3nDmIz1aIYRiPeNHlTYOBo?authuser=0&hl=en&rclk=1,Restaurant,,4.3,223,10 AM-8:30 PM,"prices, pancit, pork, beef lumpia, carry out, chicken adobo, egg rolls, hot and delicious, boat, glass noodles",
LumpiasWheel,33 Laboratory Rd,Floresville,TX,78114,US,(210) 952-2161,https://lumpiaswheel.business.site/?utm_source=gmb&utm_medium=referral#details,https://www.google.com/maps/place/LumpiasWheel/data=!4m7!3m6!1s0x865ce1bf78e2bc03:0x9dbdd42200dd87f3!8m2!3d29.2339719!4d-98.2528815!16s%2Fg%2F11r9p0c_14!19sChIJA7zieL_hXIYR84fdACLUvZ0?authuser=0&hl=en&rclk=1,Restaurant,,4.9,176,11 AM-7 PM,"pancit, pork adobo, plate, bbq pork, fried rice, cream cheese, banana lumpia, food truck, drive, bbq chicken",
Maharlika Asian Mechandise,1580 George Dieter Dr,El Paso,TX,79936,US,(915) 857-1131,,https://www.google.com/maps/place/Maharlika+Asian+Mechandise/data=!4m7!3m6!1s0x86e7448041582609:0x2baf14a62e1885f1!8m2!3d31.7497115!4d-106.3012913!16s%2Fg%2F1tflyb85!19sChIJCSZYQYBE54YR8YUYLqYUrys?authuser=0&hl=en&rclk=1,Supermarket & Grocery,,4.5,79,10 AM-6 PM,"filipino food, snacks, lechon",
Mama Marie's Filipino Soul Food,12703 Alief Clodine Rd,Houston,TX,77082,US,(832) 416-6376,,https://www.google.com/maps/place/Mama+Marie%27s+Filipino+Soul+Food/data=!4m7!3m6!1s0x8640dd77f56e46cb:0x9d1a9b68ba771964!8m2!3d29.7135768!4d-95.6051954!16s%2Fg%2F11v61rg1hl!19sChIJy0Zu9XfdQIYRZBl3umibGp0?authuser=0&hl=en&rclk=1,Restaurant,,3.9,22,,"ube cheesecake, pancit, chicken adobo, lumpia, choice, dessert, pork",
Manila FOOD Market,1017 N 8th St,Killeen,TX,76541,US,(254) 702-9393,,https://www.google.com/maps/place/Manila+FOOD+Market/data=!4m7!3m6!1s0x86454dc6a6b5e437:0x6b0070d809c97f79!8m2!3d31.1262391!4d-97.7249941!16s%2Fg%2F11lp74x68d!19sChIJN-S1psZNRYYReX_JCdhwAGs?authuser=0&hl=en&rclk=1,Supermarket & Grocery,,4.8,18,9 AM-6 PM,"ingredients, price",
Marie's Kitchen,11910 Greenville Ave #103,Dallas,TX,75243,US,(972) 234-8383,http://www.marieskitchentx.com/,https://www.google.com/maps/place/Marie%27s+Kitchen/data=!4m7!3m6!1s0x864c1f8f6dc46471:0xdc97aa1b58336d40!8m2!3d32.9114044!4d-96.7457406!16s%2Fg%2F11hzsvm8q9!19sChIJcWTEbY8fTIYRQG0zWBuql9w?authuser=0&hl=en&rclk=1,Restaurant,,4.9,189,7:30 AM-4:30 PM,"ube pancakes, breakfast, office building, silog, gem, catering, lumpia, pork, lechon kawali, bangus",
Mauro's Grill and Cafe - Filipino Cuisine,2719 W 15th St,Plano,TX,75075,US,(972) 599-0899,http://maurosgrillandcafe.com/,https://www.google.com/maps/place/Mauro%27s+Grill+and+Caf%C3%A9+-+Filipino+Cuisine/data=!4m7!3m6!1s0x864c197f6d529c5f:0x9f6a58e9ad2c11d0!8m2!3d33.0200747!4d-96.7467615!16s%2Fg%2F11fl21lbst!19sChIJX5xSbX8ZTIYR0BEsrelYap8?authuser=0&hl=en&rclk=1,Restaurant,,4.2,283,11 AM-9 PM,"halo halo, pork, lechon kawali, crispy pata, bbq chicken, Spring rolls, lumpia, chicken inasal, karekare, snacks",
Mayeth's Kitchen (authentic home cooked Filipino Food and dessert),703 S College St,Waxahachie,TX,75165,US,(903) 467-6443,,https://www.google.com/maps/place/Mayeth%27s+Kitchen+%28authentic+home+cooked+Filipino+Food+and+dessert%29/data=!4m7!3m6!1s0x864eefed93a007c9:0xe278e74b49513!8m2!3d32.3783184!4d-96.8536316!16s%2Fg%2F11pcry50s3!19sChIJyQegk-3vToYRE5W0dI4nDgA?authuser=0&hl=en&rclk=1,Restaurant,"Bakery, Dessert & Cafe",5,12,8 AM-5 PM,"pansit, egg rolls, rice, filipino dishes, lumpia, skewers, pork",
Midland Filipino Bakery and Cafe,"Office Depot, 2326 W Loop 250 N",Midland,TX,79705,US,(432) 416-2476,,"https://www.google.com/maps/place/Midland+Filipino+Bakery+and+Cafe/@32.0383606,-102.1161716,17z/data=!3m1!4b1!4m6!3m5!1s0x86fbd90071087a2b:0x26887ee738224236!8m2!3d32.0383606!4d-102.1161716!16s%2Fg%2F11tnty7qc5?authuser=0&hl=en&entry=ttu&g_ep=EgoyMDI1MDgyNS4wIKXMDSoASAFQAw%3D%3D","Bakery, Dessert & Cafe",,4.5,13,,"noodles, pork belly, FB, parking",
M.Y. Chockdee Oriental Market & Restaurant,119 E Lindbergh Blvd,Universal City,TX,78148,US,(210) 566-2210,,https://www.google.com/maps/place/M.Y.+Chockdee+Oriental+Market+%26+Restaurant/data=!4m7!3m6!1s0x865c92b8c003c2c7:0x6735fc3ab7e95f03!8m2!3d29.5462183!4d-98.2881023!16s%2Fg%2F1tnplf3x!19sChIJx8IDwLiSXIYRA1_ptzr8NWc?authuser=0&hl=en&rclk=1,Supermarket & Grocery,,4.5,1548,10 AM-8 PM,"filipino food, buffet, lumpia, pancit, plate, fresh, dinuguan, adobo, lechon, siopao",
Nanay's Kitchenette,2833 S Padre Island Dr,Corpus Christi,TX,78415,US,,https://usmaperx.org/details/nanay-s-kitchenette-ChIJm3X,https://www.google.com/maps/place/Nanay%27s+Kitchenette/data=!4m7!3m6!1s0x86685f6286db759b:0x6e2fc6a95573bf66!8m2!3d27.7305959!4d-97.4193777!16s%2Fg%2F11q9rpxg5c!19sChIJm3XbhmJfaIYRZr9zVanGL24?authuser=0&hl=en&rclk=1,Restaurant,,3.7,3,10 AM-6 PM,,
Ober Here Filipino Rice Bowls,1229 8th Ave suite 125,Fort Worth,TX,76104,US,(682) 760-3904,,https://www.google.com/maps/place/Ober+Here+Filipino+Rice+Bowls/data=!4m7!3m6!1s0x864e71da0f7755f7:0x98b16c1ba2852176!8m2!3d32.7314528!4d-97.3434562!16s%2Fg%2F11pxbqv2k1!19sChIJ91V3D9pxToYRdiGFohtssZg?authuser=0&hl=en&rclk=1,Restaurant,,4.6,178,,"filipino food, food truck, pork bbq, spam, egg rolls, papaya salad, bbq pork, shrimp, honey, coffee",
Pampanga's Country Cookin,4219 S Clear Creek Rd,Killeen,TX,76549,US,(254) 332-0003,,https://www.google.com/maps/place/Pampanga%E2%80%99s+Country+Cookin/data=!4m7!3m6!1s0x865ab5002b3b466d:0xbef985ae32ec78fc!8m2!3d31.0964153!4d-97.8066832!16s%2Fg%2F11vqmvf76r!19sChIJbUY7KwC1WoYR_HjsMq6F-b4?authuser=0&hl=en&rclk=1,Restaurant,,3,13,11 AM-6 PM,"lumpia, pancit, bicol express, sisig tacos, chicken adobo, fried rice",
Pancit Wagon,10308 Dyer St,El Paso,TX,79924,US,(915) 373-4627,https://pancit-wagon.square.site/,https://www.google.com/maps/place/Pancit+Wagon/data=!4m7!3m6!1s0x86e751e8f23e7469:0x6ddaf82e996bb532!8m2!3d31.9110408!4d-106.4004491!16s%2Fg%2F11fvh8d8xv!19sChIJaXQ-8uhR54YRMrVrmS742m0?authuser=0&hl=en&rclk=1,Quick Bites & Turo-Turo,Food Truck & Pop-Up,3,19,6-10 PM,"price, portion size, food truck, overcooked, chicken, menu",
Para Po (Food Truck),2920 W Bay Area Blvd,Webster,TX,77598,US,(281) 884-2584,https://www.facebook.com/profile.php?id=100090308594905&mibextid=LQQJ4d,"https://www.google.com/maps/place/Para+Po+(Food+Truck)/@29.5235384,-95.1624682,17z/data=!3m1!4b1!4m6!3m5!1s0x86409bb64f59a75b:0x35bad794eae8fdbe!8m2!3d29.5235384!4d-95.1624682!16s%2Fg%2F11v6xxsxd2?authuser=0&hl=en&entry=ttu&g_ep=EgoyMDI1MDgyNS4wIKXMDSoASAFQAw%3D%3D",Restaurant,,4.8,32,,"pancit, lumpia, halo halo, filipino bbq, catering, bilo-bilo, siomay, chili sauce, ground beef, trays",
Pasayahan Sa Nayon,8282 Bellaire Blvd #126,Houston,TX,77036,US,(713) 670-4007,,https://www.google.com/maps/place/Pasayahan+Sa+Nayon/data=!4m7!3m6!1s0x8640c2b31ae779f7:0x4eb36665bd5bcb10!8m2!3d29.7059434!4d-95.5321196!16s%2Fg%2F11c0pmk_yb!19sChIJ93nnGrPCQIYREMtbvWVms04?authuser=0&hl=en&rclk=1,Restaurant,,4.8,221,7 AM-12 AM,"sisig, karaoke, goat, concert, bbq skewers, kaldereta, crispy pata, party, chicken adobo, grilled",
Patis & Toyo,23220 Grand Cir Blvd #160,Katy,TX,77449,US,(281) 665-8106,https://www.patistoyorestaurant.com/,https://www.google.com/maps/place/Patis+%26+Toyo/data=!4m7!3m6!1s0x864127c30b59b525:0xecdca20b7f1c15bd!8m2!3d29.7882093!4d-95.7723669!16s%2Fg%2F11tg6bkbf4!19sChIJJbVZC8MnQYYRvRUcfwui3Ow?authuser=0&hl=en&rclk=1,Restaurant,,4.6,956,10 AM-9 PM,"pork sisig, decor, bistek tagalog, cocktails, shrimp crackers, chicharon bulaklak, creme brulee, pancit sotanghon, bbq chicken skewers, family owned",
Peace.Love.Lumpia,820 W Nacogdoches St,New Braunfels,TX,78130,US,(830) 222-6005,https://www.peacelovelumpia.com/,"https://www.google.com/maps/place/Peace.Love.Lumpia/@29.691697,-98.124309,17z/data=!3m1!4b1!4m6!3m5!1s0x865cbd012c965aff:0x33b3ac6e882e4193!8m2!3d29.691697!4d-98.124309!16s%2Fg%2F11x5tcfq86?authuser=0&hl=en&entry=ttu&g_ep=EgoyMDI1MDgyNS4wIKXMDSoASAFQAw%3D%3D",Restaurant,,5,20,12-6 PM,"pancit, food truck, adobo, dessert",
Philippine Food Store,3501 E Veterans Memorial Blvd,Killeen,TX,76543,US,(254) 699-5663,,https://www.google.com/maps/place/Philippine+Food+Store/data=!4m7!3m6!1s0x86454be0c237f577:0x384cc786593397c3!8m2!3d31.1030234!4d-97.7024008!16s%2Fg%2F12lsjh726!19sChIJd_U3wuBLRYYRw5czWYbHTDg?authuser=0&hl=en&rclk=1,Supermarket & Grocery,Quick Bites & Turo-Turo,4.4,199,10 AM-7 PM,"o mart, snacks, ingredients, filipino food, food truck, mochi, pancit, asian food, lumpia, frozen",
Philippine House Restaurant,3110 Midwestern Pkwy,Wichita Falls,TX,76308,US,(940) 386-1600,https://www.facebook.com/PhilippineHouseRestaurantWFTX/,"https://www.google.com/maps/place/Philippine+House+Restaurant/@33.870923,-98.5334597,17z/data=!3m1!4b1!4m6!3m5!1s0x865321e0541f67a9:0x283156e522210526!8m2!3d33.870923!4d-98.5334597!16s%2Fg%2F11fmgrntp9?authuser=0&hl=en&entry=ttu&g_ep=EgoyMDI1MDgyNS4wIKXMDSoASAFQAw%3D%3D",Restaurant,,4.4,39,,"pork, skewers, fried rice, adobo, spring rolls, prices, halo halo, dessert",
PINAS ASIAN STORE,804 Gladstell St,Conroe,TX,77304,US,(936) 363-1021,,https://www.google.com/maps/place/PINAS+ASIAN+STORE/data=!4m7!3m6!1s0x8647392c6c9dffaf:0xcec11b8aad613fbd!8m2!3d30.2921987!4d-95.4692914!16s%2Fg%2F11k9kf4svt!19sChIJr_-dbCw5R4YRvT9hrYobwc4?authuser=0&hl=en&rclk=1,Supermarket & Grocery,,4.7,63,9 AM-7 PM,"selection, snacks, filipino food, driving, prices, asian market, seasoning, pork belly, lumpia, BBQ",
Pinay Kitchen,4621 S 14th St,Abilene,TX,79605,US,,,https://www.google.com/maps/place/Pinay+Kitchen/data=!4m7!3m6!1s0x86568fee593565ed:0xfc0a76698557d01a!8m2!3d32.4295372!4d-99.7826392!16s%2Fg%2F11gjq1vbhg!19sChIJ7WU1We6PVoYRGtBXhWl2Cvw?authuser=0&hl=en&rclk=1,Restaurant,,5,13,,,
Pinoy,3700 SW 6th Ave,Amarillo,TX,79106,US,,,https://www.google.com/maps/place/Pinoy/data=!4m7!3m6!1s0x87014e252c2ca54b:0xb571c51e963adc66!8m2!3d35.2114465!4d-101.8783898!16s%2Fg%2F11h5ndr5h9!19sChIJS6UsLCVOAYcRZtw6lh7FcbU?authuser=0&hl=en&rclk=1,Restaurant,,0,0,,,
Pinoy Bread & Better,217 Stable Dr,Waxahachie,TX,75165,US,(214) 980-4888,https://sites.google.com/view/pinoy-bread-and-better/home,"https://www.google.com/maps/place/Pinoy+Bread+%26+Better/@32.4209542,-96.8292169,17z/data=!3m1!4b1!4m6!3m5!1s0x864ee9df585640c3:0xe2ea23b56e0d8ee7!8m2!3d32.4209542!4d-96.8292169!16s%2Fg%2F11nwcydc8q?authuser=0&hl=en&entry=ttu&g_ep=EgoyMDI1MDgyNS4wIKXMDSoASAFQAw%3D%3D","Bakery, Dessert & Cafe",,4.7,14,8 AM-3 PM,"filipino, lumpia, spanish bread, mango cake, flan, ube cake, pan de coco, pandesal, cooks, sweet",
Pinoy Fiesta Asian Store LLC,1101 W Main St d,League City,TX,77573,US,(346) 593-0640,https://pinoyfiestaonline.com/,https://www.google.com/maps/place/Pinoy+Fiesta+Asian+Store+LLC/data=!4m7!3m6!1s0x8640835364b27239:0x13ee4f1ff321f7c3!8m2!3d29.5045348!4d-95.1063367!16s%2Fg%2F11l2cyyt0n!19sChIJOXKyZFODQIYRw_ch8x9P7hM?authuser=0&hl=en&rclk=1,Supermarket & Grocery,,4.2,33,10 AM-7 PM,"cooking, spices, fresh produce, cup, selection",
Pinoy Gourmet,4899 Hwy 6 Suite 107-B,Missouri City,TX,77459,US,(281) 969-8496,http://www.pinoygourmet.com/,https://www.google.com/maps/place/Pinoy+Gourmet/data=!4m7!3m6!1s0x8640e74bf7f1eb01:0x4c574d7b495dec99!8m2!3d29.5802458!4d-95.5781381!16s%2Fg%2F11jh3kbt4t!19sChIJAevx90vnQIYRmexdSXtNV0w?authuser=0&hl=en&rclk=1,Restaurant,,4.4,150,9:30 AM-7 PM,"halo halo, pancit, lomi, grilled, squid, crispy pata, dipping sauce, dessert, management, dinuguan",
Pinoy Store Atbp,2817 Miller Ranch Rd #313,Pearland,TX,77584,US,(713) 436-6448,https://www.pinoystoreatbp.com/,https://www.google.com/maps/place/Pinoy+Store+Atbp/data=!4m7!3m6!1s0x8640933e260f5007:0xd3caa24960b6f73!8m2!3d29.5583798!4d-95.3725381!16s%2Fg%2F1th5jvd8!19sChIJB1APJj6TQIYRc28LliSqPA0?authuser=0&hl=en&rclk=1,Supermarket & Grocery,,4.6,58,10 AM-8 PM,"ice cream, filipino food, ingredients, fair",
Pinoy's Best Oriental Market,3401 Altamesa Blvd,Fort Worth,TX,76133,US,(682) 499-5561,,https://www.google.com/maps/place/Pinoy%27s+Best+Oriental+Market/data=!4m7!3m6!1s0x864e6dc8ccf763b1:0xf69353c79a52dc28!8m2!3d32.6482714!4d-97.3663925!16s%2Fg%2F11f1265b46!19sChIJsWP3zMhtToYRKNxSmsdTk_Y?authuser=0&hl=en&rclk=1,Supermarket & Grocery,,4.2,101,10 AM-7 PM,"selection, prices, clean, longaniza, inventory",
Rocsi Filipino Cuisine,907 E Rancier Ave,Killeen,TX,76541,US,(254) 432-4044,http://rocsifilipinocuisine.dine.online/,https://www.google.com/maps/place/Rocsi+Filipino+Cuisine/data=!4m7!3m6!1s0x86454decc259e675:0xec9ccb3059fce745!8m2!3d31.1242339!4d-97.7195669!16s%2Fg%2F11wmtl8www!19sChIJdeZZwuxNRYYRRef8WTDLnOw?authuser=0&hl=en&rclk=1,Restaurant,,5,47,11 AM-6 PM,"filipino food, adobo, lumpia, hospitality, atmosphere, ube, comfort food, pork, ginataang, sago",
Rose's Filipino Cuisine,3560 TX-202,Beeville,TX,78102,US,(361) 350-6664,https://www.facebook.com/Roses-Filipino-Cuisine-106690675437399,https://www.google.com/maps/place/Rose%27s+Filipino+Cuisine/data=!4m7!3m6!1s0x86680325eb920a29:0xd3b24a58fe169822!8m2!3d28.3794224!4d-97.6892776!16s%2Fg%2F11t7j02559!19sChIJKQqS6yUDaIYRIpgW_lhKstM?authuser=0&hl=en&rclk=1,Restaurant,,4.9,20,11 AM-6 PM,"pancit, lumpia",
RR Pinoy & Thai Asian Cuisine,4345 Wellborn Rd,Bryan,TX,77801,US,(979) 450-7863,,https://www.google.com/maps/place/RR+Pinoy+%26+Thai+Asian+Cuisine/data=!4m7!3m6!1s0x864683656609f96f:0xd64aa6773b148b45!8m2!3d30.6210774!4d-96.3527231!16s%2Fg%2F11pzfw629d!19sChIJb_kJZmWDRoYRRYsUO3emStY?authuser=0&hl=en&rclk=1,Restaurant,,4.5,176,10:30 AM-8:30 PM,"prices, spicy, filipino food, curry, pad thai, lechon, wall, dinner, lumpia, adobo",
Sana All Authentic Filipino Cuisine,9501 Computer Dr,San Antonio,TX,78229,US,(210) 549-6897,https://facebook.com/sanaallAFC,https://www.google.com/maps/place/Sana+All+Authentic+Filipino+Cuisine/data=!4m7!3m6!1s0x865c617af1061399:0xd6d6d5814942b0a4!8m2!3d29.5289194!4d-98.5625469!16s%2Fg%2F11shw_fd4r!19sChIJmRMG8XphXIYRpLBCSYHV1tY?authuser=0&hl=en&rclk=1,Restaurant,,4.4,53,11 AM-8 PM,"pancit, lumpia, food truck, bbq skewers, area, adobo, skillet, karaoke, bbq pork, pork bbq",
Sarap Pinoy,"19333, 295 US-59",Humble,TX,77338,US,(281) 446-5080,,https://www.google.com/maps/place/Sarap+Pinoy/data=!4m7!3m6!1s0x8640b3ace33c5465:0xe824c634a9c52cea!8m2!3d29.9995623!4d-95.2717316!16s%2Fg%2F1tfctlsv!19sChIJZVQ846yzQIYR6izFqTTGJOg?authuser=0&hl=en&rclk=1,Restaurant,Supermarket & Grocery,4.5,146,9 AM-5 PM,"price, home, pansit, grocery, pork, BBQ, chicken adobo, egg rolls, feel, ube turon",
"Sari-Sari Filipino Restaurant, Market, & Bakery",5700 Wurzbach Rd,San Antonio,TX,78238,US,(210) 647-7274,http://www.sari-sari-satx.com/,"https://www.google.com/maps/place/Sari-Sari+Filipino+Restaurant,+Market,+%26+Bakery/data=!4m7!3m6!1s0x865c5dbd72812cb9:0x1d1b2655001daec!8m2!3d29.485785!4d-98.60297!16s%2Fg%2F1tdr3r1b!19sChIJuSyBcr1dXIYR7NoBUGWy0QE?authuser=0&hl=en&rclk=1",Supermarket & Grocery,Restaurant,4.5,1541,11 AM-8 PM,"grocery store, snacks, chicken adobo, playground, pork adobo, horchata, fried pork belly, pandesal, baked goods, sari-sari store",
Sari-Sari Store,18720 Stone Oak Pkwy # 115,San Antonio,TX,78258,US,(210) 580-3968,http://sari-sari-satx.com/,https://www.google.com/maps/place/Sari-Sari+Store/data=!4m7!3m6!1s0x865c6344060618c3:0x90eb3cb43afe4a88!8m2!3d29.6102848!4d-98.4913635!16s%2Fg%2F11n08yxf79!19sChIJwxgGBkRjXIYRiEr-OrQ865A?authuser=0&hl=en&rclk=1,Supermarket & Grocery,,4.7,68,10 AM-8 PM,"halo halo, asian market, tea, filipino, sales, siopao, eggplant, ginger, asian food, desserts",
SB Food Depot,2125 E Division St,Arlington,TX,76011,US,(817) 460-9998,,https://www.google.com/maps/place/SB+Food+Depot/data=!4m7!3m6!1s0x864e879e2939c80d:0x1e7dafb30f0ddb86!8m2!3d32.7437731!4d-97.0745751!16s%2Fg%2F11b724jxvz!19sChIJDcg5KZ6HToYRhtsND7OvfR4?authuser=0&hl=en&rclk=1,Supermarket & Grocery,,4,259,9 AM-8 PM,"prices, asian food, seafood, selection, wholesale, supply, egg rolls, asian market, mexican, frozen",
"Seafood City Supermarket Sugar Land, TX",15237 Southwest Fwy,Sugar Land,TX,77478,US,(346) 279-2910,https://www.seafoodcity.com/,"https://www.google.com/maps/place/Seafood+City+Supermarket+Sugar+Land,+TX/data=!4m7!3m6!1s0x8640e717941009ad:0x62ff2dd74d77bda8!8m2!3d29.6031034!4d-95.6117515!16s%2Fg%2F11vhxcmcwp!19sChIJrQkQlBfnQIYRqL13Tdct_2I?authuser=0&hl=en&rclk=1",Supermarket & Grocery,,4.2,707,8 AM-9 PM,"filipino food, food court, grill, bakery, fish, BBQ, halo halo, pandesal, lechon, pork bbq",
SnD Ating Inasal Foodtruck,14215 Bissonnet St,Houston,TX,77083,US,(512) 216-7849,https://www.facebook.com/SnDAtingInasal,https://www.google.com/maps/place/SnD+Ating+Inasal+Foodtruck/data=!4m7!3m6!1s0x8640ddbe8f26d287:0x939789901c3c2837!8m2!3d29.6803423!4d-95.6346844!16s%2Fg%2F11yd0b4m3s!19sChIJh9Imj77dQIYRNyg8HJCJl5M?authuser=0&hl=en&rclk=1,Quick Bites & Turo-Turo,,5,15,12-11 PM,"filipino, pineapple smoothie, pork belly, skewers, grilled, rice",
SO PINOY HTX (Food Trailer),12922 Cutten Rd Unit F,Houston,TX,77066,US,(832) 303-0888,https://www.instagram.com/sopinoyhtx/,https://www.google.com/maps/place/SO+PINOY+HTX+%28Food+Trailer%29/data=!4m7!3m6!1s0x8640d1001557e3a5:0xedeeb25d19eddd15!8m2!3d29.9666229!4d-95.5308545!16s%2Fg%2F11x0gf0t94!19sChIJpeNXFQDRQIYRFd3tGV2y7u0?authuser=0&hl=en&rclk=1,Restaurant,,5,50,"11:30 AM-2 PM, 4:30-7 PM","lumpia, filipino food, skewers, filipino bbq, mac salad, pork belly, pancit, horchata, garlic fried rice, shrimp tempura",
Soy Pinoy,401 Franklin St Suite 1230,Houston,TX,77201,US,(713) 502-0522,,https://www.google.com/maps/place/Soy+Pinoy/data=!4m7!3m6!1s0x8640bfe65c4471a7:0x9820e759db3b19b9!8m2!3d29.7662149!4d-95.3648839!16s%2Fg%2F11rs0p9cqc!19sChIJp3FEXOa_QIYRuRk721nnIJg?authuser=0&hl=en&rclk=1,Restaurant,,3.9,174,11 AM-9 PM,"lechon, bbq pork, pancit, dipping sauce, chef, qr code, vegetable lumpia, pork skin, cashier, plate",
Susie's Lumpia House,7914 Culebra Rd STE 109,San Antonio,TX,78251,US,(210) 616-4354,https://www.facebook.com/Susies-Lumpia-House-911172882335752/info?tab=overview,https://www.google.com/maps/place/Susie%27s+Lumpia+House/data=!4m7!3m6!1s0x865c42cb977a13cb:0xb9e36bff14a78ed1!8m2!3d29.4636257!4d-98.6452408!16s%2Fg%2F11clwpnrv2!19sChIJyxN6l8tCXIYR0Y6nFP9r47k?authuser=0&hl=en&rclk=1,Restaurant,Supermarket & Grocery,4.4,443,11 AM-7 PM,"buffet, pancit, home, groceries, atmosphere, to go, plates, mom, lechon kawali, oil",
Taste of Philippines,565 W Oates Rd #110,Garland,TX,75043,US,(972) 682-7822,,https://www.google.com/maps/place/Taste+of+Philippines/data=!4m7!3m6!1s0x864ea761731fd729:0x57e752d25225b431!8m2!3d32.8471193!4d-96.6188491!16s%2Fg%2F11jmw6d8f2!19sChIJKdcfc2GnToYRMbQlUtJS51c?authuser=0&hl=en&rclk=1,Restaurant,,4.6,314,11 AM-8 PM,"halo halo, pancit bihon, dessert, kare kare, lechon kawali, job, oxtail, fish ball, egg rolls, shrimp",
Tea Town,2731 W 15th St,Plano,TX,75075,US,(469) 814-0061,http://www.teatowntreats.com/,https://www.google.com/maps/place/Tea+Town/data=!4m7!3m6!1s0x864c19647d6afd37:0xfba3b09d903fcb56!8m2!3d33.0200154!4d-96.7469355!16s%2Fg%2F11j025k0n4!19sChIJN_1qfWQZTIYRVss_kJ2wo_s?authuser=0&hl=en&rclk=1,"Bakery, Dessert & Cafe",,4.3,228,12-9 PM,"taho, filipino, halo halo, atmosphere, milkshake, street food, popcorn chicken, leche flan, buko pandan, fish balls",
The Baker's Son,8025 Main St suite a,Houston,TX,77025,US,(832) 474-9688,https://thebakersonusa.com/,https://www.google.com/maps/place/The+Baker%27s+Son/data=!4m7!3m6!1s0x8640c11d5d779fa1:0x2de38be1ae944e50!8m2!3d29.6928966!4d-95.4147162!16s%2Fg%2F11t17qs7j0!19sChIJoZ93XR3BQIYRUE6UruGL4y0?authuser=0&hl=en&rclk=1,"Bakery, Dessert & Cafe",,4.6,310,7 AM-8 PM,"ube, halo halo, filipino, siopao, pandesal, cheese rolls, shakes, biko, puto, ensaymada",
"The Baker's Son Sugar Land, TX",15235 Southwest Fwy,Sugar Land,TX,77478,US,(346) 901-7429,,"https://www.google.com/maps/place/The+Baker%27s+Son+Sugar+Land,+TX/data=!4m7!3m6!1s0x8640e7002edabf15:0xd79898abbb4c2f49!8m2!3d29.603472!4d-95.6118515!16s%2Fg%2F11y9dqx3mv!19sChIJFb_aLgDnQIYRSS9Mu6uYmNc?authuser=0&hl=en&rclk=1","Bakery, Dessert & Cafe",,4.1,41,7 AM-8 PM,"ube, ensaymada, croissant, puto, knafeh, bread and pastries, area, empanada, rolls, drinks",
Tinda Filipino Store,3810 N Mason Rd,Katy,TX,77449,US,(346) 758-4328,https://www.facebook.com/tindafilipinostore,https://www.google.com/maps/place/Tinda+Filipino+Store/data=!4m7!3m6!1s0x864127182c472ff3:0x1bc0182678ae6b72!8m2!3d29.8295013!4d-95.7537952!16s%2Fg%2F11svzxqgwx!19sChIJ8y9HLBgnQYYRcmuueCYYwBs?authuser=0&hl=en&rclk=1,Supermarket & Grocery,,4.7,22,9:30 AM-8 PM,"selection, shelves",
Tindahan Filipino Store,504 N 10th St Suite B12,McAllen,TX,78501,US,(956) 540-7327,,https://www.google.com/maps/place/Tindahan+Filipino+Store/data=!4m7!3m6!1s0x8665a736309dbd0b:0x4316f8b5757ac5d2!8m2!3d26.2083305!4d-98.2287511!16s%2Fg%2F12639h11w!19sChIJC72dMDanZYYR0sV6dbX4FkM?authuser=0&hl=en&rclk=1,Supermarket & Grocery,,4.4,12,8 AM-5 PM,,
TJ Filipino Cuisine,1826 Country Pl Pkwy #102,Pearland,TX,77584,US,(713) 436-5030,https://luevs.com/tj-filipino-cuisine,https://www.google.com/maps/place/TJ+Filipino+Cuisine/data=!4m7!3m6!1s0x8640935a627f786b:0xb2cc08ee18fa5fd2!8m2!3d29.5791247!4d-95.3828928!16s%2Fg%2F1tdgkmx7!19sChIJa3h_YlqTQIYR0l_6GO4IzLI?authuser=0&hl=en&rclk=1,Restaurant,,4.4,554,7:30 AM-7 PM,"buffet, karaoke, breakfast, choices, halo halo, home, lumpia, singer, live music, party",
To Go Cafe,14498 Bellaire Blvd,Houston,TX,77083,US,(281) 530-8646,http://www.togocafe.net/,https://www.google.com/maps/place/To+Go+Cafe/data=!4m7!3m6!1s0x8640ddd7f47510f9:0xf3c5f5241a1d9b96!8m2!3d29.705518!4d-95.6417054!16s%2Fg%2F1tfm70xj!19sChIJ-RB19NfdQIYRlpsdGiT1xfM?authuser=0&hl=en&rclk=1,Restaurant,,4.1,206,8 AM-6 PM,"price, breakfast, money, lechon, halo halo, dining, pork, fat, people, party trays",
Tri.Mo LLC,2655 FM 1488,Conroe,TX,77384,US,(832) 508-9804,,https://www.google.com/maps/place/Tri.Mo+LLC/data=!4m7!3m6!1s0x6184761849009bef:0x23ab85050a218f4c!8m2!3d30.2299064!4d-95.5042526!16s%2Fg%2F11tcskngxb!19sChIJ75sASRh2hGERTI8hCgWFqyM?authuser=0&hl=en&rclk=1,Food Truck & Pop-Up,,5,1,,,
Tsibog,9292 Warren Pkwy Ste 200 Unit 104,Frisco,TX,75035,US,(214) 392-3671,https://www.toasttab.com/tsibogsarap,https://www.google.com/maps/place/Tsibog/data=!4m7!3m6!1s0x864c3df4d8d43f53:0x425756d6c27c584b!8m2!3d33.1099472!4d-96.8026795!16s%2Fg%2F11y2n_pcvh!19sChIJUz_U2PQ9TIYRS1h8wtZWV0I?authuser=0&hl=en&rclk=1,Restaurant,Food Truck & Pop-Up,4.6,28,,"food court, crispy kare-kare, pork skewers, creamy, the menu, kare kare, chicken inasal, bbq chicken skewers, grocery store, bone",
Van Tran Pinoy Pantry Market,8201 N Beach St Suite 105,Fort Worth,TX,76244,US,(817) 562-8885,https://www.facebook.com/vantranorientalmarket/,https://www.google.com/maps/place/Van+Tran+Pinoy+Pantry+Market/data=!4m7!3m6!1s0x864dd873f7898861:0xe533a68c94e441ac!8m2!3d32.8911356!4d-97.2903673!16s%2Fg%2F11ck15j3x2!19sChIJYYiJ93PYTYYRrEHklIymM-U?authuser=0&hl=en&rclk=1,Supermarket & Grocery,,4.7,714,10 AM-7 PM,"halo halo, selection, ingredients, produce, convenient, filipino, pho, boba, kimchi, pastries",
Yammy's Filipino Letchon,4257 Gattis School Rd,Round Rock,TX,78664,US,(512) 796-7983,https://www.facebook.com/profile.php?id=100063628541006&mibextid=ZbWKwL,https://www.google.com/maps/place/Yammy%27s+Filipino+Letchon/data=!4m7!3m6!1s0x8644dbcba95d4301:0xd5207c0ca05c8db!8m2!3d30.4964133!4d-97.5943453!16s%2Fg%2F11v4j7n2q8!19sChIJAUNdqcvbRIYR28gFysAHUg0?authuser=0&hl=en&rclk=1,Restaurant,,4.5,120,12:30-7:30 PM,"lechon, halo halo, food truck, skin, lumpia, pork bbq, dessert, empanadas, facebook, cassava cake",
AJ's 'Ohana Kitchen (OLD SEWARD),2477 Arctic Blvd,Anchorage,AK,99503,US,(907) 375-2030,,https://www.google.com/maps/place/AJ%27s+%27Ohana+Kitchen+%28OLD+SEWARD%29/data=!4m7!3m6!1s0x56c8993bb45156ad:0xbef4b451bafcb1f!8m2!3d61.1980759!4d-149.8974226!16s%2Fg%2F11qp0v2zsh!19sChIJrVZRtDuZyFYRH8uvG0VL7ws?authuser=0&hl=en&rclk=1,Restaurant,,4.1,84,"11 AM-3 PM, 4-8 PM","pancit, pork, rice, keto, kalbi, mochiko chicken, huli huli chicken, mac salad, adobo, poke",
Bahay Kubo,3020 Minnesota Dr # 13,Anchorage,AK,99517,US,(907) 891-1278,,https://www.google.com/maps/place/Bahay+Kubo/data=!4m7!3m6!1s0x56c897aa943ce3bd:0x6ba11eda584e11bf!8m2!3d61.1925934!4d-149.9150274!16s%2Fg%2F11g2xc9fss!19sChIJveM8lKqXyFYRvxFOWNoeoWs?authuser=0&hl=en&rclk=1,Restaurant,,3.7,78,11 AM-8 PM,"price, to go, adobo, greeting, management, questions, shrimp, party, halo-halo, fried",
Gemma's Filipino 2 Go,3611 Spenard Rd,Anchorage,AK,99503,US,(907) 942-1961,https://m.facebook.com/gemmasfilipinofood2go/,https://www.google.com/maps/place/Gemma%27s+Filipino+2+Go/data=!4m7!3m6!1s0x56c8979b8ffb1bfd:0xeee3a3ce2c4a1121!8m2!3d61.1869106!4d-149.9095206!16s%2Fg%2F11ggz8zthx!19sChIJ_Rv7j5uXyFYRIRFKLM6j4-4?authuser=0&hl=en&rclk=1,Restaurant,,4.6,64,12-7 PM,"price, garlic chicken, food truck, fried, pancit, pork adobo, lumpia, lechon kawali, money",
Jeepney Filipino Hawaiian Fusion Food,1336 Hyder St,Anchorage,AK,99501,US,(907) 602-2689,,https://www.google.com/maps/place/Jeepney+Filipino+Hawaiian+Fusion+Food/data=!4m7!3m6!1s0x56c895590ba8d2f5:0x6590cbef10eb79f!8m2!3d61.2089676!4d-149.8694325!16s%2Fg%2F11r9p8kzxv!19sChIJ9dKoC1mVyFYRn7cO8b4MWQY?authuser=0&hl=en&rclk=1,Restaurant,,3.9,68,11 AM-6 PM,"price, pancit, poke, cost, portion sizes, musubi, cash register, mac salad, gentleman, phone number",
Flippin Filipino,2827 US-72,Huntsville,AL,35811,US,(256) 202-4791,https://www.facebook.com/flippinfilipino/,https://www.google.com/maps/place/Flippin+Filipino/data=!4m7!3m6!1s0x8862170aafdad6d1:0xcf45a12cda60e58c!8m2!3d34.7658182!4d-86.4865003!16s%2Fg%2F11sh2fbf7c!19sChIJ0dbarwoXYogRjOVg2iyhRc8?authuser=0&hl=en&rclk=1,Restaurant,,4.6,16,8 AM-3 PM,"food truck, filipino food, chicken adobo, pancit, lumpias, inihaw, caldereta, turon, skewer, soy sauce",
M C Sari Sari Filipino Groceries,104 Fencepost Ln,Dothan,AL,36303,US,(334) 803-4084,,"https://www.google.com/maps/place/M+C+Sari+Sari+Filipino+Groceries/@31.2607672,-85.4558106,17z/data=!3m1!4b1!4m6!3m5!1s0x88928de8593deee7:0x7ecfb470cfe618f0!8m2!3d31.2607672!4d-85.4558106!16s%2Fg%2F11f10fg0f5?authuser=0&hl=en&entry=ttu&g_ep=EgoyMDI1MDgyNS4wIKXMDSoASAFQAw%3D%3D",Supermarket & Grocery,,5,4,,,
Filipino Food Cravings,Madison Pl,Benton,AR,72015,US,,https://filipino-food-cravings.ueniweb.com/?utm_campaign=gmb,https://www.google.com/maps/place/Filipino+Food+Cravings/data=!4m7!3m6!1s0x87cd530737178353:0x83ae29bb64a21edb!8m2!3d34.5597004!4d-92.5425938!16s%2Fg%2F11rg32y00v!19sChIJU4MXNwdTzYcR2x6iZLsproM?authuser=0&hl=en&rclk=1,Supermarket & Grocery,Quick Bites & Turo-Turo,0,0,,,
Kusina Cuisine,500 W Hickory St,Jacksonville,AR,72076,US,(501) 392-2654,https://microsite.talech.com/ordering/KUSINA-CUISINE-JACKSONVILLE-AR/lRzV8wqnG74NE3Q7,https://www.google.com/maps/place/Kusina+Cuisine/data=!4m7!3m6!1s0x87d2eb3bb664b621:0x7b7cc3dd2c2b1519!8m2!3d34.8683775!4d-92.1146945!16s%2Fg%2F11vs_73hp3!19sChIJIbZktjvr0ocRGRUrLN3DfHs?authuser=0&hl=en&rclk=1,Restaurant,,4.9,78,"11 AM-2 PM, 5-8 PM","filipino food, atmosphere, pork, food, service, rice, lumpia, appetizer, pancit, loco moco, adobo",
PinoyLicious Filipino Kitchen,700 SW 16th St,Bentonville,AR,72712,US,(479) 957-3466,https://usmapin.org/details/pinoylicious-filipino-kitchen-ChIJC7F,https://www.google.com/maps/place/PinoyLicious+Filipino+Kitchen/data=!4m7!3m6!1s0x87c9173b7d72b10b:0x2ecb316b46c9923!8m2!3d36.3549508!4d-94.2160791!16s%2Fg%2F11p0s86td1!19sChIJC7FyfTsXyYcRI5lstBaz7AI?authuser=0&hl=en&rclk=1,Restaurant,,4.7,92,,"pork sisig, food truck, park, lumpia, pancit, garlic rice, 30 minutes, walking, couple, siopao",
Son's Cuisine,623 W Walnut St,Rogers,AR,72756,US,(479) 657-5448,http://sonscuisine.com/,https://www.google.com/maps/place/Son%27s+Cuisine/data=!4m7!3m6!1s0x87c9178b418f3307:0x34b97dd6c3ec5207!8m2!3d36.3337554!4d-94.1234912!16s%2Fg%2F11rhqjsnt2!19sChIJBzOPQYsXyYcRB1Lsw9Z9uTQ?authuser=0&hl=en&rclk=1,Restaurant,,4.9,341,12-8 PM,"food truck, pancit, filipino food, NWA, garlic rice, pork adobo, free samples, bicol express, lumpia, pork sisig",
The Sweet Spot,3321 John F Kennedy Blvd,North Little Rock,AR,72116,US,(501) 554-0705,,https://www.google.com/maps/place/The+Sweet+Spot/data=!4m7!3m6!1s0x87d2bdbbb6374f19:0x73f036ea8af7d909!8m2!3d34.7857983!4d-92.2608608!16s%2Fg%2F11y1gqctvd!19sChIJGU83tru90ocRCdn3iuo28HM?authuser=0&hl=en&rclk=1,"Bakery, Dessert & Cafe",,5,50,9 AM-6 PM,"dessert, ube cheesecake, halo-halo, pork bun, filipino, ensaymada, steamed, leche flan, buns, siopao",
Whilma's Filipino Restaurant,601 E Race Ave,Searcy,AR,72143,US,(501) 268-1288,https://www.whilmasfilipinorestaurant.com/,"https://www.google.com/maps/place/Whilma's+Filipino+Restaurant/@35.2504641,-91.7314943,17z/data=!3m1!4b1!4m6!3m5!1s0x87d3a9095e7ae337:0x6d185550e9e1a9b!8m2!3d35.2504641!4d-91.7314943!16s%2Fg%2F1tz76j0_?authuser=0&hl=en&entry=ttu&g_ep=EgoyMDI1MDgyNS4wIKXMDSoASAFQAw%3D%3D",Restaurant,,4.6,410,11 AM-7 PM,"lumpia, spice, dumplings, lemon, egg rolls, siopao, tapsilog, adobo, asian food, yellow curry",
H & K Filipino Variety Store,345 Main St,Danbury,CT,6810,US,(203) 743-3175,,https://www.google.com/maps/place/H+%26+K+Filipino+Variety+Store/data=!4m7!3m6!1s0x89e7ff6452d4dea5:0x10061847a57437c5!8m2!3d41.3985306!4d-73.4564556!16s%2Fg%2F1yg57vhlz!19sChIJpd7UUmT_54kRxTd0pUcYBhA?authuser=0&hl=en&rclk=1,Supermarket & Grocery,,4.9,28,9:30 AM-7:30 PM,,
Kayumangi,69 N Turnpike Rd,Wallingford,CT,6492,US,(203) 294-4694,http://www.facebook.com/kayumangict,https://www.google.com/maps/place/Kayumangi/data=!4m7!3m6!1s0x89e7cec6c39c5025:0x6db948ab1114e83f!8m2!3d41.4729803!4d-72.8318063!16s%2Fg%2F11bzwjjzz2!19sChIJJVCcw8bO54kRP-gUEatIuW0?authuser=0&hl=en&rclk=1,Restaurant,Supermarket & Grocery,4.5,44,10 AM-7 PM,"prices, feel, home, lumpia, pancit",
Tindahan City,544 Deming Rd,Berlin,CT,6037,US,(860) 357-3692,,https://www.google.com/maps/place/Tindahan+City/data=!4m7!3m6!1s0x89e7b33240a92d2b:0x9cbc5f395836be43!8m2!3d41.6413663!4d-72.729974!16s%2Fg%2F11h191_cg9!19sChIJKy2pQDKz54kRQ742WDlfvJw?authuser=0&hl=en&rclk=1,Supermarket & Grocery,,4.7,106,10 AM-7 PM,"filipino food, prices, halo halo, door, parking, ube, dessert, frozen food, sale, home",
Tindahan City Food & Catering,544 Deming Rd Unit B,Berlin,CT,6037,US,(860) 357-2371,,https://www.google.com/maps/place/Tindahan+City+Food+%26+Catering/data=!4m7!3m6!1s0x89e7b36922b8fc8b:0xe35c8f2c021d2403!8m2!3d41.6413823!4d-72.7297727!16s%2Fg%2F11tjcdj2hm!19sChIJi_y4Immz54kRAyQdAiyPXOM?authuser=0&hl=en&rclk=1,Restaurant,,4.8,23,10 AM-7 PM,"price, guitar, comfort food, music, home, feel",
Zul Cafe and Grill,"268 1/2, 268 Main Ave",Norwalk,CT,6851,US,(203) 286-6080,http://zulcafeandgrill.com/,https://www.google.com/maps/place/Zul+Cafe+and+Grill/data=!4m7!3m6!1s0x89e81dba2babf4a3:0xecbbc95898183da0!8m2!3d41.1323084!4d-73.423615!16s%2Fg%2F11jmckchcq!19sChIJo_SrK7od6IkRoD0YmFjJu-w?authuser=0&hl=en&rclk=1,Restaurant,,4.6,166,10:30 AM-7:30 PM,"take out, bubble tea, area, sisig, lumpia, bangus, home, bbq chicken, pork belly, palabok",
Magandia,703 Edgewood St NE,Washington,DC,20017,US,,http://www.magandia.com/,https://www.google.com/maps/place/Magandia/data=!4m7!3m6!1s0x89b7c7f4c5ac4ec5:0x3a2f5e006c41fe31!8m2!3d38.9250602!4d-76.9958522!16s%2Fg%2F11y8s1gpsf!19sChIJxU6sxfTHt4kRMf5BbABeLzo?authuser=0&hl=en&rclk=1,Restaurant,"Bakery, Dessert & Cafe",5,7,9 AM-3 PM,"concha, bun, ube, longanisa, lumpia, muffin, pupusas, pandan, elote, horchata",
Oriental Spanish Food Mart,1150 S Bay Rd,Dover,DE,19901,US,(302) 734-5195,,https://www.google.com/maps/place/Oriental+Spanish+Food+Mart/data=!4m7!3m6!1s0x89c7636e588e0db9:0x2dc3fb169eb775e9!8m2!3d39.1381722!4d-75.4963525!16s%2Fg%2F1tjxgm99!19sChIJuQ2OWG5jx4kR6XW3nhb7wy0?authuser=0&hl=en&rclk=1,Supermarket & Grocery,,4.3,47,10 AM-6 PM,"prices, kimchi, bean sprouts, thai, trip, door, filipino, asian food, curry",
Philippine Restaurant,3317-D Old Capitol Trl,Wilmington,DE,19808,US,(302) 998-4740,,https://www.google.com/maps/place/Philippine+Restaurant/data=!4m7!3m6!1s0x89c701fe9f3e562f:0x75c7997b1caa46bf!8m2!3d39.7327504!4d-75.6261548!16s%2Fg%2F11fj864qjp!19sChIJL1Y-n_4Bx4kRv0aqHHuZx3U?authuser=0&hl=en&rclk=1,Restaurant,,4.2,46,11 AM-6 PM,"price, bread, pork adobo, beef caldereta, photos, buffet, fridge, steak, healthy, stew",
Filipino Store,1300 Cummins Rd #110,Des Moines,IA,50315,US,(515) 285-3894,http://filipino-store.com/,"https://www.google.com/maps/place/Filipino+Store/@41.5292496,-93.59819,17z/data=!3m1!4b1!4m6!3m5!1s0x406790d9d603a499:0xe3c8032c4bb9f207!8m2!3d41.5292496!4d-93.59819!16s%2Fg%2F11b5wl00mh?authuser=0&hl=en&entry=ttu&g_ep=EgoyMDI1MDgyNS4wIKXMDSoASAFQAw%3D%3D",Supermarket & Grocery,,4.6,133,10 AM-2 PM,"filipino food, prices, halo halo, home, selection",
Lola's Fine Kitchen,1615 SW Main St #106,Ankeny,IA,50023,US,(515) 289-9302,,https://www.google.com/maps/place/Lola%27s+Fine+Kitchen/data=!4m7!3m6!1s0x87ee8527fe4091b9:0x62ae946c3a0d6e1e!8m2!3d41.7129769!4d-93.6173901!16s%2Fg%2F11ghpc8c0s!19sChIJuZFA_ieF7ocRHm4NOmyUrmI?authuser=0&hl=en&rclk=1,Restaurant,,4.3,354,,"bowl, vegan, hot sauce, gluten free, tacos, appetizer, green beans, crispy, combination, bubble tea",
Mateo Kitchen and Catering LLC,300 1st St Suite A,Sergeant Bluff,IA,51054,US,(712) 943-1551,,https://www.google.com/maps/place/Mateo+Kitchen+and+Catering+LLC/data=!4m7!3m6!1s0x878dff8adac5b873:0x1040634b027af657!8m2!3d42.3998907!4d-96.3619363!16s%2Fg%2F11gtbsqqvt!19sChIJc7jF2or_jYcRV_Z6AktjQBA?authuser=0&hl=en&rclk=1,Restaurant,,4.7,119,11 AM-8 PM,"prices, korean bbq, pancit, boba tea, atmosphere, tacos, kimchi, dumplings, eggplant, stars",
Pinoy Asian Market,1913 4th St SW,Mason City,IA,50401,US,(641) 903-6487,http://pinoyasianmarket.com/,https://www.google.com/maps/place/Pinoy+Asian+Market/data=!4m7!3m6!1s0x87f107985969f539:0xfeaa8db07132086b!8m2!3d43.1474086!4d-93.2311393!16s%2Fg%2F11dz57drhn!19sChIJOfVpWZgH8YcRawgycbCNqv4?authuser=0&hl=en&rclk=1,Supermarket & Grocery,,4.4,79,11 AM-8 PM,"filipino food, mall, price",
Pinoy Cafe,"New Bo Market, 1100 3rd St SE",Cedar Rapids,IA,52401,US,(319) 343-8081,https://www.facebook.com/pinoycafe.cr,"https://www.google.com/maps/place/Pinoy+Cafe/@41.9710588,-91.6577381,17z/data=!3m1!4b1!4m6!3m5!1s0x87e4f74f5fc453f9:0xa731c2682245c0a6!8m2!3d41.9710588!4d-91.6577381!16s%2Fg%2F11fpjqt6_z?authuser=0&hl=en&entry=ttu&g_ep=EgoyMDI1MDgyNS4wIKXMDSoASAFQAw%3D%3D","Bakery, Dessert & Cafe",Restaurant,4.7,46,,"filipino cuisine, lumpia, pancit, adobo, boba, pork, ube ice cream, halo halo, bbq, taro",
Poimen Bosko Foods,1363 Hwy 965 NW Suite 204,Swisher,IA,52338,US,(319) 654-3945,https://www.facebook.com/poimenbosko,https://www.google.com/maps/place/Poimen+Bosko+Foods/data=!4m7!3m6!1s0x87e45792eb4dd381:0xd28dddf054c21aaa!8m2!3d41.8360088!4d-91.6763821!16s%2Fg%2F11x7j0f55m!19sChIJgdNN65JX5IcRqhrCVPDdjdI?authuser=0&hl=en&rclk=1,Food Truck & Pop-Up,Restaurant,0,0,4 AM-6 PM,,
Yoshi's Coffee Bar & Filipino Canteen,831 W 3rd St,Davenport,IA,52802,US,(563) 214-5244,http://fb.me/yoshisbafc,https://www.google.com/maps/place/Yoshi%27s+Coffee+Bar+%26+Filipino+Canteen/data=!4m7!3m6!1s0x87e235c93b008e75:0x7662c78b3b609a48!8m2!3d41.5222285!4d-90.5857344!16s%2Fg%2F11q464hrc5!19sChIJdY4AO8k14ocRSJpgO4vHYnY?authuser=0&hl=en&rclk=1,"Bakery, Dessert & Cafe",,4.4,166,10 AM-6 PM,"filipino food, bartenders, prices, pool tables, chef, pancit, lumpia, video games, menudo, adobo",
Authentic Taste of The Philippines,433 Caldwell Blvd,Nampa,ID,83651,US,(208) 250-7630,,https://www.google.com/maps/place/Authentic+Taste+of+The+Philippines/data=!4m7!3m6!1s0x54ae4d002372ef2b:0xb02ff7ca70eab39c!8m2!3d43.5927726!4d-116.5855758!16s%2Fg%2F11wj0bvlnx!19sChIJK-9yIwBNrlQRnLPqcMr3L7A?authuser=0&hl=en&rclk=1,Restaurant,,5,58,11 AM-6 PM,"pancit, food truck, lumpia, prices, sisig, turon, island, ube shake, ginataang, traditional food",
Filipino Cuisine,465 Yellowstone Ave,Pocatello,ID,83201,US,(208) 232-5948,,https://www.google.com/maps/place/Filipino+Cuisine/data=!4m7!3m6!1s0x53554f4336236deb:0xd58d3b41390dd8a3!8m2!3d42.8834621!4d-112.4516859!16s%2Fg%2F11cs6cyxcs!19sChIJ620jNkNPVVMRo9gNOUE7jdU?authuser=0&hl=en&rclk=1,Restaurant,,4.6,34,,"price, buffet",
Filipino Foodies,545 Minidoka Ave,Burley,ID,83318,US,(208) 312-9601,http://filipino-foodies.com/,https://www.google.com/maps/place/Filipino+Foodies/data=!4m7!3m6!1s0x54ab3708e5111309:0xb8dd3154bd6cf833!8m2!3d42.5625096!4d-113.7883511!16s%2Fg%2F11rq2c636f!19sChIJCRMR5Qg3q1QRM_hsvVQx3bg?authuser=0&hl=en&rclk=1,Restaurant,,4.8,11,,"boba, pork",
Little P.I.,510 E Best Ave,Coeur d'Alene,ID,83814,US,(208) 819-9124,,https://www.google.com/maps/place/Little+P.I./data=!4m7!3m6!1s0x5361c72c4acd3fe9:0x95d0fc08964094dd!8m2!3d47.7004454!4d-116.7782142!16s%2Fg%2F11pzdxv8kh!19sChIJ6T_NSizHYVMR3ZRAlgj80JU?authuser=0&hl=en&rclk=1,Restaurant,,4,15,,"lumpia, pork belly, price, food truck, adobo, sisig, green curry, disappointed",
Lot's Filipino Food Restaurant & Bakery,365b N 3rd E St,Mountain Home,ID,83647,US,(208) 580-0478,,https://www.google.com/maps/place/Lot%27s+Filipino+Food+Restaurant+%26+Bakery/data=!4m7!3m6!1s0x54ac2d74f8d21ef7:0x56e95bb5108719b8!8m2!3d43.133826!4d-115.694191!16s%2Fg%2F11h04l4q55!19sChIJ9x7S-HQtrFQRuBmHELVb6VY?authuser=0&hl=en&rclk=1,Restaurant,,4.6,94,,"lumpia, pancit, prices, chicken adobo, home, baked, take out, pork belly, garlic, torta",
Mekeni Liezel's Kitchen Filipino Food,105 3rd St,Wilder,ID,83676,US,(208) 813-4624,https://mekenifilipinofood.com/,https://www.google.com/maps/place/Mekeni+Liezel%27s+Kitchen+Filipino+Food/data=!4m7!3m6!1s0x54afc929a9ac5507:0x83a32fd65e8e37f8!8m2!3d43.6765067!4d-116.9099675!16s%2Fg%2F11xglxbypr!19sChIJB1WsqSnJr1QR-DeOXtYvo4M?authuser=0&hl=en&rclk=1,Restaurant,,5,11,10 AM-8 PM,"lumpia, adobo chicken, bone, pancit",
PINOY EAGLE FILIPINO KITCHEN,3575 Dempsey Rd,Manhattan,KS,66502,US,(785) 323-8200,http://www.pinoyeagle.com/,https://www.google.com/maps/place/PINOY+EAGLE+FILIPINO+KITCHEN/data=!4m7!3m6!1s0x87bdd33a9156f4e7:0xc53bdb3aa5876c2a!8m2!3d39.1957972!4d-96.5104098!16s%2Fg%2F11wj8s_zzk!19sChIJ5_RWkTrTvYcRKmyHpTrbO8U?authuser=0&hl=en&rclk=1,Restaurant,,5,8,4-8 PM,"food truck, pork",
PINOY EAGLE FILIPINO KITCHEN,1930 SW Wanamaker Rd,Topeka,KS,66604,US,,http://www.pinoyeagle.com/,https://www.google.com/maps/place/PINOY+EAGLE+FILIPINO+KITCHEN/data=!4m7!3m6!1s0x87befd209c57092b:0xaaf46a7d955c360f!8m2!3d39.0306193!4d-95.7617344!16s%2Fg%2F11ltwbt7y6!19sChIJKwlXnCD9vocRDzZclX1q9Ko?authuser=0&hl=en&rclk=1,Restaurant,,5,5,11 AM-3 PM,,
Ala Eh Eats Filipino Food and Sushi LLC,9407 Westport Rd #118,Louisville,KY,40241,US,(502) 290-0211,http://alaeheatsfilipinofoodsushi.hrpos.heartland.us/,https://www.google.com/maps/place/Ala+Eh+Eats+Filipino+Food+and+Sushi+LLC/data=!4m7!3m6!1s0x88699fef2c568627:0x1e8674b5e1169b68!8m2!3d38.2872567!4d-85.5768803!16s%2Fg%2F11l364qdjy!19sChIJJ4ZWLO-faYgRaJsW4bV0hh4?authuser=0&hl=en&rclk=1,Restaurant,,4.9,139,11:30 AM-8 PM,"filipino cuisine, lechon kawali, pancit, lumpia, hospitality, BBQ, garlic fried rice, pork, lomi, culture",
Bamba Eggroll Co. Food Truck & Catering,240 Adams St,Louisville,KY,40206,US,,http://www.bambaeggrolls.com/,https://www.google.com/maps/place/Bamba+Eggroll+Co.+Food+Truck+%26+Catering/data=!4m7!3m6!1s0x886973a19a4c8a41:0xeb18ddee711b7d51!8m2!3d38.2595269!4d-85.7270823!16s%2Fg%2F11mtjqmwfg!19sChIJQYpMmqFzaYgRUX0bce7dGOs?authuser=0&hl=en&rclk=1,Restaurant,Food Truck & Pop-Up,4.2,28,11 AM-8 PM,"egg rolls, fried rice, price, crab rangoon, bowl, stew, seasoned, adobo, pork belly, pancit",
My Tindahan,2240 Taylorsville Rd #103,Louisville,KY,40205,US,(502) 533-0831,http://shopmytindahan.com/,https://www.google.com/maps/place/My+Tindahan/data=!4m7!3m6!1s0x88690b8d6bf1da41:0x63d964a7bbcd4ec8!8m2!3d38.2231906!4d-85.6828436!16s%2Fg%2F11qn1hptvp!19sChIJQdrxa40LaYgRyE7Nu6dk2WM?authuser=0&hl=en&rclk=1,Supermarket & Grocery,,4.9,74,11 AM-6 PM,"prices, sunday",
Filipino Bakery Cafe & Market,11654 Dorsett Rd,Maryland Heights,MO,63043,US,(314) 710-6335,https://thefilipinocafe.com/?utm_source=google,https://www.google.com/maps/place/Filipino+Bakery+Cafe+%26+Market/data=!4m7!3m6!1s0x87df336b9def744d:0xff58212777067163!8m2!3d38.7141605!4d-90.4267975!16s%2Fg%2F11jgd448jx!19sChIJTXTvnWsz34cRY3EGdychWP8?authuser=0&hl=en&rclk=1,Restaurant,,4.7,250,11 AM-6 PM,"halo halo, karaoke, pancit, pandesal, baked goods, cheese, chicken adobo, pork barbecue, ube cake, music",
Filipino Favorites,11080 Emerald Ridge St,Rolla,MO,65401,US,(573) 201-0652,,https://www.google.com/maps/place/Filipino+Favorites/data=!4m7!3m6!1s0x87da53895afec151:0x463cadc1904ea407!8m2!3d37.9353742!4d-91.7168102!16s%2Fg%2F11x38vvkft!19sChIJUcH-WolT2ocRB6ROkMGtPEY?authuser=0&hl=en&rclk=1,Restaurant,,5,39,,"food truck, lumpia, adobo, pancit, filipino food, sauce",
Filipino Market,3448 S Campbell Ave,Springfield,MO,65807,US,(417) 368-0219,http://www.filipinomarketllc.com/,https://www.google.com/maps/place/Filipino+Market/data=!4m7!3m6!1s0x87cf655a33640a05:0x39439b7abfbbb846!8m2!3d37.151467!4d-93.2945965!16s%2Fg%2F11qplz36sd!19sChIJBQpkM1plz4cRRri7v3qbQzk?authuser=0&hl=en&rclk=1,Supermarket & Grocery,,4.8,148,10 AM-8 PM,"prices, selection, beer, filipino food, snacks, balikbayan box, owner, organized, ship, bakery",
Filipino Market Boba Bakery,3448 S Campbell Ave,Springfield,MO,65807,US,(417) 319-0000,,https://www.google.com/maps/place/Filipino+Market+Boba+Bakery/data=!4m7!3m6!1s0x87cf6538c462d08f:0x97029bb743e88ad6!8m2!3d37.1515975!4d-93.2948058!16s%2Fg%2F11kqmyvmmv!19sChIJj9BixDhlz4cR1oroQ7ebApc?authuser=0&hl=en&rclk=1,"Bakery, Dessert & Cafe",Supermarket & Grocery,5,5,,ube,
KC Pinoy,1623 Genessee St,Kansas City,MO,64102,US,(816) 868-1293,https://www.kcpinoy.com/,https://www.google.com/maps/place/KC+Pinoy/data=!4m7!3m6!1s0x87c0f1701a35e9cd:0x26c2a73dba0a524!8m2!3d39.0937709!4d-94.6048337!16s%2Fg%2F11gnp4g267!19sChIJzek1GnDxwIcRJKWg23MqbAI?authuser=0&hl=en&rclk=1,Restaurant,,4.4,77,,"filipino food, dessert, halo halo, sisig, garlic fried rice, vinegar, coconut, pork belly, food truck, brunch",
Kain Tayo Filipino Cuisine Restaurant,2700 Locust St,St. Louis,MO,63103,US,(314) 396-2110,https://kaintayostl.com/,https://www.google.com/maps/place/Kain+Tayo+Filipino+Cuisine+Restaurant/data=!4m7!3m6!1s0x87d8b33008351237:0xfa0f33e88b753c43!8m2!3d38.6343912!4d-90.2164356!16s%2Fg%2F11scdt0syb!19sChIJNxI1CDCz2IcRQzx1i-gzD_o?authuser=0&hl=en&rclk=1,Restaurant,,4.8,493,11 AM-8 PM,"karaoke, chicken adobo, the menu, lechon kawali, ube ice cream, hospitality, bicol express, bistek, ube flan cake, calamansi",
Kusina Filipino,1051 E 18th St Unit F,Rolla,MO,65401,US,(573) 586-9389,,https://www.google.com/maps/place/Kusina+Filipino/data=!4m7!3m6!1s0x87da5543b313fa11:0x6e03c907cb268338!8m2!3d37.9585665!4d-91.7563976!16s%2Fg%2F11svhm_xfn!19sChIJEfoTs0NV2ocROIMmywfJA24?authuser=0&hl=en&rclk=1,Restaurant,,4.6,56,,"filipino food, price, chicken sisig, fried pork belly, pancit, travel, pork adobo, lumpia, shrimp, halo-halo",
Liz's Filipino Desserts,1215 Jungermann Rd,St Peters,MO,63376,US,(314) 370-2590,https://lizsfilipinodesserts.com/contact-us,https://www.google.com/maps/place/Liz%27s+Filipino+Desserts/data=!4m7!3m6!1s0x87ded1e9b6e6aaab:0xc846686959b54e59!8m2!3d38.7604965!4d-90.5851247!16s%2Fg%2F11fm3v0124!19sChIJq6rmtunR3ocRWU61WWloRsg?authuser=0&hl=en&rclk=1,"Bakery, Dessert & Cafe",,5,92,11 AM-5 PM,"filipino food, bibingka, lunch, ube cheese, pancit, lechon kawali, binangkal, ube cake, bangus, sapin-sapin",
The Fattened Caf.,3405 S Jefferson Ave,St. Louis,MO,63118,US,(314) 899-0088,http://thefattenedcaf.com/,https://www.google.com/maps/place/The+Fattened+Caf./data=!4m7!3m6!1s0x87d8b51bbd51767b:0x97dbf344de5f3bed!8m2!3d38.5930908!4d-90.2256964!16s%2Fg%2F11kc5hdqck!19sChIJe3ZRvRu12IcR7Ttf3kTz25c?authuser=0&hl=en&rclk=1,Restaurant,,4.9,188,11 AM-8 PM,"filipino, ube, pork steak, chicken adobo, banana pudding, garlic rice, piyanggang, java rice, filipino bbq, kamayan",
Ting's Filipino Bistro,405 Main St,Kansas City,MO,64105,US,(816) 602-6594,https://www.tingsbistrokc.com/,https://www.google.com/maps/place/Ting%E2%80%99s+Filipino+Bistro/data=!4m7!3m6!1s0x87c0f12228a509f7:0x184e236e689603be!8m2!3d39.1091481!4d-94.5829591!16s%2Fg%2F11tc3y91w2!19sChIJ9wmlKCLxwIcRvgOWaG4jThg?authuser=0&hl=en&rclk=1,Restaurant,,3.8,182,11 AM-7 PM,"chicken adobo, garlic fried rice, pork adobo, lumpia, empanada, money, culture, market, bbq skewers, plate",
Kainan Filipino Restaurant,1412 2nd Ave SW,Minot,ND,58701,US,(701) 509-0621,https://kainanfilipinorest.wixsite.com/kainanfilipino,https://www.google.com/maps/place/Kainan+Filipino+Restaurant/data=!4m7!3m6!1s0x52df2be904c6d2e1:0x60fdb67f405fb84!8m2!3d48.2352073!4d-101.3155723!16s%2Fg%2F11wy3x8hf9!19sChIJ4dLGBOkr31IRhPsF9GfbDwY?authuser=0&hl=en&rclk=1,Restaurant,,4.8,55,11 AM-9 PM,"pork sisig, lumpia, okoy, fritters, ube flan, siomai, leftovers, adobo chicken, soy sauce, spicy",
Filipino Bakery,9485 Spencer St,Omaha,NE,68134,US,(402) 281-5226,https://filipino-bakery.com/,https://www.google.com/maps/place/Filipino+Bakery/data=!4m7!3m6!1s0x8793933026d0d975:0x98d60c10f46f15f9!8m2!3d41.2875101!4d-96.0605432!16s%2Fg%2F11m8588ycr!19sChIJddnQJjCTk4cR-RVv9BAM1pg?authuser=0&hl=en&rclk=1,"Bakery, Dessert & Cafe",,4.4,20,8 AM-9 PM,"filipino food, price, spring rolls, dessert",
Barkadas ABQ,10000 Coors Bypass NW,Albuquerque,NM,87114,US,(505) 738-3505,https://barkadasabq.com/,https://www.google.com/maps/place/Barkadas+ABQ/data=!4m7!3m6!1s0x87220d00029089a1:0x6bba8d925e394329!8m2!3d35.1982569!4d-106.6569471!16s%2Fg%2F11wbzj5pzk!19sChIJoYmQAgANIocRKUM5XpKNums?authuser=0&hl=en&rclk=1,Restaurant,,4.5,20,12-7 PM,"spring rolls, chicken adobo, cheese, catering, garlic rice, take out",
Mini Filipino Sari Sari Store,2003 Southern Blvd SE #102,Rio Rancho,NM,87124,US,(505) 891-0375,,https://www.google.com/maps/place/Mini+Filipino+Sari+Sari+Store/data=!4m7!3m6!1s0x872271e3fe13c61d:0x7e13097676ba238!8m2!3d35.2432468!4d-106.6963945!16s%2Fg%2F11ygjfcgsl!19sChIJHcYT_uNxIocROKJrZ5cw4Qc?authuser=0&hl=en&rclk=1,Supermarket & Grocery,,1,1,9 AM-6 PM,,
My Lumpia Place Food Truck,227 W New Mexico Ave,Holloman AFB,NM,88330,US,,https://busidirect.org/details/my-lumpia-place-food-truck-ChIJP2b,https://www.google.com/maps/place/My+Lumpia+Place+Food+Truck/data=!4m7!3m6!1s0x86e05d8310e1663f:0xfc16e71509723a97!8m2!3d32.8397052!4d-106.0824636!16s%2Fg%2F11twkt571n!19sChIJP2bhEINd4IYRlzpyCRXnFvw?authuser=0&hl=en&rclk=1,Restaurant,,3.9,12,10:30 AM-2:30 PM,spicy,
TeamBahay Eatery,6901B San Antonio Dr NE,Albuquerque,NM,87109,US,(505) 300-9241,,https://www.google.com/maps/place/TeamBahay+Eatery/data=!4m7!3m6!1s0x87227500291d0955:0xb31afc13a489c1dd!8m2!3d35.1610742!4d-106.5691932!16s%2Fg%2F11x8k22wf_!19sChIJVQkdKQB1IocR3cGJpBP8GrM?authuser=0&hl=en&rclk=1,Restaurant,,5,4,11 AM-2 PM,lumpia,
Marco Panlasang Filipino,1138 E Charles Page Blvd,Sand Springs,OK,74020,US,(918) 519-2862,,https://www.google.com/maps/place/Marco+Panlasang+Filipino/data=!4m7!3m6!1s0x87b6cd17e7cbd71b:0x1d8fd4affd80df03!8m2!3d36.1526321!4d-96.2255637!16s%2Fg%2F11v9_y685h!19sChIJG9fL5xfNtocRA9-A_a_Ujx0?authuser=0&hl=en&rclk=1,Food Truck & Pop-Up,,4.9,7,,"skewers, to cook",
NaGemmas Filipino Cuisine,4745 SE 29th St b,Del City,OK,73115,US,(405) 493-9518,https://www.facebook.com/profile.php?id=61557752108818&mibextid=ZbWKwL,https://www.google.com/maps/place/NaGemmas+Filipino+Cuisine/data=!4m7!3m6!1s0x87b23d007545b5f5:0x628b5428019b8106!8m2!3d35.4356282!4d-97.4300071!16s%2Fg%2F11y4b5sgdr!19sChIJ9bVFdQA9socRBoGbAShUi2I?authuser=0&hl=en&rclk=1,Restaurant,,4.6,78,11 AM-9 PM,"lumpia, filipino food, pancit, dinuguan, pork adobo, sisig, halo halo, chicken adobo, price, leche flan",
Rene International Filipino Food,4727 SE 29th St,Del City,OK,73115,US,(405) 209-7564,,https://www.google.com/maps/place/Rene+International+Filipino+Food/data=!4m7!3m6!1s0x87b23dfa73f5b017:0xb204827a43ecbbcb!8m2!3d35.4356199!4d-97.4310998!16s%2Fg%2F11cs1vttfq!19sChIJF7D1c_o9socRy7vsQ3qCBLI?authuser=0&hl=en&rclk=1,Restaurant,,4.1,24,,,
Rezzy's Lumpia Express,11 NE 6th St,Oklahoma City,OK,73104,US,,,https://www.google.com/maps/place/Rezzy%27s+Lumpia+Express/data=!4m7!3m6!1s0x87b2174a805a9a65:0xc0554a9fef970445!8m2!3d35.4742606!4d-97.5115683!16s%2Fg%2F11yhrv_8t1!19sChIJZZpagEoXsocRRQSX759KVcA?authuser=0&hl=en&rclk=1,Restaurant,,5,4,11 AM-10 PM,,
Pinoy Lane Food Mart/ Pinoy Lane TO-GO,24 Quaker Ln Unit C,Warwick,RI,2886,US,(401) 821-3000,https://www.facebook.com/pinoylane,"https://www.google.com/maps/place/Pinoy+Lane+Food+Mart%2F+Pinoy+Lane+TO-GO/@41.6956628,-71.5011709,17z/data=!3m1!4b1!4m6!3m5!1s0x89e44b74b2d3d215:0x667fd2a70b150775!8m2!3d41.6956628!4d-71.5011709!16s%2Fg%2F11hbg8tdct?authuser=0&hl=en&entry=ttu&g_ep=EgoyMDI1MDgyNS4wIKXMDSoASAFQAw%3D%3D",Restaurant,,4.6,53,11 AM-5 PM,"halo-halo, lumpia, ube, dessert, grocery store, summer, lechon, adobo, leche flan, dinuguan",
Kainan Filipino Eatery,330 N Main St,Conway,SC,29526,US,(843) 915-0126,https://www.kainanconway.com/,https://www.google.com/maps/place/Kainan+Filipino+Eatery/data=!4m7!3m6!1s0x8900136899212731:0x12354b4a5bcfd7cd!8m2!3d33.8363305!4d-79.0466334!16s%2Fg%2F11rz2zppc9!19sChIJMSchmWgTAIkRzdfPW0pLNRI?authuser=0&hl=en&rclk=1,Restaurant,,4.8,152,,"lumpia, halo halo, pork, people, atmosphere, chicken adobo, beef caldereta, ice cream, pancit, sisig",
Kusina Filipina,1232 Decker Blvd,Columbia,SC,29206,US,,,https://www.google.com/maps/place/Kusina+Filipina/data=!4m7!3m6!1s0x88f8af002a93398d:0xf18ea90b17a2d0ad!8m2!3d34.0418826!4d-80.9379872!16s%2Fg%2F11vt08kmzy!19sChIJjTmTKgCv-IgRrdCiFwupjvE?authuser=0&hl=en&rclk=1,Food Truck & Pop-Up,,3.6,8,,"pancit, lumpia, filipino food, fried, menu, food truck",
Lola's Lumpia Food Truck,4831 Mixson Ave,North Charleston,SC,29405,US,(843) 619-1461,http://lolaslumpiafoodtruck.com/,https://www.google.com/maps/place/Lola%E2%80%99s+Lumpia+Food+Truck/data=!4m7!3m6!1s0x88fe6539038838db:0xd389010892cf622c!8m2!3d32.8830131!4d-79.9931837!16s%2Fg%2F11h100w295!19sChIJ2ziIAzll_ogRLGLPkggBidM?authuser=0&hl=en&rclk=1,Restaurant,,4.7,70,4-8 PM,"pancit, fried rice, lunch, filipino food, pork, adobo, festival, beef lumpia, chicken lumpia, turon",
Lumpia House,100B Central Ave Ste 5,Goose Creek,SC,29445,US,(854) 999-1359,https://lumpiahouse.co/?utm_source=google,https://www.google.com/maps/place/Lumpia+House/data=!4m7!3m6!1s0x88fe61433831c74d:0x36a5e1d75c8050b9!8m2!3d33.0080179!4d-80.0426216!16s%2Fg%2F11k0q3_r6v!19sChIJTccxOENh_ogRuVCAXNfhpTY?authuser=0&hl=en&rclk=1,Restaurant,,4.5,93,10 AM-7 PM,"price, chicken adobo, pancit, grocery store, lechon, boba, gem, picnic tables, wall, bag",
MAE'S FAMOUS ASIAN FOOD (GROCERY) MAE'S FILIPINO CUISINE (BUFFET & CATERING),5325 Park Forest Pkwy Unit-B & Unit-A,North Charleston,SC,29418,US,(843) 822-3451,http://www.maesfamousasianfood.com/,https://www.google.com/maps/place/MAE%E2%80%99S+FAMOUS+ASIAN+FOOD+%28GROCERY%29+MAE%E2%80%99S+FILIPINO+CUISINE+%28BUFFET+%26+CATERING%29/data=!4m7!3m6!1s0x88fe89aec8a72bdf:0x1a0938eb2cd789f4!8m2!3d32.9123868!4d-80.1082771!16s%2Fg%2F11kpppt1vj!19sChIJ3yunyK6J_ogR9InXLOs4CRo?authuser=0&hl=en&rclk=1,Supermarket & Grocery,,4.6,130,9 AM-8 PM,"pancit, filipino food, selection, halo-halo, lumpia, prices, ingredients, palate, caldereta, pork sisig",
MAE'S FILIPINO CUISINE,5325 Park Forest Pkwy A,North Charleston,SC,29418,US,(843) 304-4096,https://maesfamousasianfood.com/,https://www.google.com/maps/place/MAE%E2%80%99S+FILIPINO+CUISINE/data=!4m7!3m6!1s0x88fe89680c12135b:0x96f2d7f4b76616c!8m2!3d32.9123868!4d-80.1082771!16s%2Fg%2F11xcj_k5zb!19sChIJWxMSDGiJ_ogRbGF2S38tbwk?authuser=0&hl=en&rclk=1,Restaurant,,4,4,10 AM-8:30 PM,,
The Manila Grille,1782 US-17 BUS,Myrtle Beach,SC,29575,US,(843) 808-9527,https://themanilagrille.com/,"https://www.google.com/maps/place/The+Manila+Grille/@33.6266168,-78.9684324,17z/data=!3m1!4b1!4m6!3m5!1s0x890041a1f89e6817:0xa6acb10d15b6cdcb!8m2!3d33.6266168!4d-78.9684324!16s%2Fg%2F11sbybyvts?authuser=0&hl=en&entry=ttu&g_ep=EgoyMDI1MDgyNS4wIKXMDSoASAFQAw%3D%3D",Restaurant,,4.7,152,2-8 PM,"filipino food, lumpia, wall, lechon kawali, skewers, pancit, adobo, sisig, egg rolls, halo halo",
Philippine Oriental Food,1105 N Minnesota Ave,Sioux Falls,SD,57104,US,(605) 271-2599,https://www.facebook.com/pages/Philippine-Oriental-Food-Store/1399291746988478,https://www.google.com/maps/place/Philippine+Oriental+Food/data=!4m7!3m6!1s0x878eb5739715daab:0xe52aef777c4f77ad!8m2!3d43.5607391!4d-96.7318112!16s%2Fg%2F1xcbq3dz!19sChIJq9oVl3O1jocRrXdPfHfvKuU?authuser=0&hl=en&rclk=1,Supermarket & Grocery,,4.1,75,,"prices, filipino food, freezer, produce, selection",
BFF Turon Pinoy Food Rocks,8860 S Redwood Rd,West Jordan,UT,84088,US,(385) 557-2909,https://bffturonpinoyfoodrocks.godaddysites.com/,https://www.google.com/maps/place/BFF+Turon+Pinoy+Food+Rocks/data=!4m7!3m6!1s0x8752893f859c7905:0x5888e43770d418bc!8m2!3d40.5903316!4d-111.9391921!16s%2Fg%2F11fhy1kw99!19sChIJBXmchT-JUocRvBjUcDfkiFg?authuser=0&hl=en&rclk=1,Restaurant,Quick Bites & Turo-Turo,4.6,403,12-7 PM,"pork, lumpia, stew, karaoke, caldereta, chicken adobo, entrees, chicken curry, bicol express, coconut",
Dakine Grindz,"Ocean Mart Food Ct, 1018 Washington Blvd",Ogden,UT,84404,US,(385) 504-6081,https://dakinegrindz.com/,https://www.google.com/maps/place/Dakine+Grindz/data=!4m7!3m6!1s0x87530f003af95887:0x570f4b975e017918!8m2!3d41.2463173!4d-111.9683154!16s%2Fg%2F11ldd9vv3h!19sChIJh1j5OgAPU4cRGHkBXpdLD1c?authuser=0&hl=en&rclk=1,Restaurant,,4.5,15,11 AM-7:30 PM,"macaroni salad, kabob, lumpia, pork",
Dearly's Authentic Filipino Goodies,2579 N Elm Dr,Lehi,UT,84043,US,,https://dearlysfilipinogoodies.com/,https://www.google.com/maps/place/Dearly%E2%80%99s+Authentic+Filipino+Goodies/data=!4m7!3m6!1s0x874d7f0003a79b63:0xc10f55c10015c195!8m2!3d40.4194792!4d-111.891622!16s%2Fg%2F11y32f5lh8!19sChIJY5unAwB_TYcRlcEVAMFVD8E?authuser=0&hl=en&rclk=1,"Bakery, Dessert & Cafe",,4,2,,,
Filipino American cuisine,20 E Telegraph St,Washington,UT,84780,US,(385) 209-7468,https://www.filipinoamericanut.com/,"https://www.google.com/maps/place/Filipino+American+cuisine/@37.1300623,-113.5095839,17z/data=!3m1!4b1!4m6!3m5!1s0x80ca5bd929016a4d:0xe41a9ea17156ae69!8m2!3d37.1300623!4d-113.5095839!16s%2Fg%2F11yc2h2c9m?authuser=0&hl=en&entry=ttu&g_ep=EgoyMDI1MDgyNS4wIKXMDSoASAFQAw%3D%3D",Restaurant,,4.7,24,11 AM-6 PM,"bbq skewers, pancit, food truck, pork adobo, egg rolls, lumpia, filipino-american cuisine, heart, halo halo, price",
Janis Filipino Cuisine,23 N 900 W,Salt Lake City,UT,84116,US,(801) 600-1226,http://filipinofoodsaltlakecity.com/,https://www.google.com/maps/place/Janis+Filipino+Cuisine/data=!4m7!3m6!1s0x8752f5ea3f753349:0xf1b648599fc705cd!8m2!3d40.7701345!4d-111.9173736!16s%2Fg%2F11tgcvk68k!19sChIJSTN1P-r1UocRzQXHn1lItvE?authuser=0&hl=en&rclk=1,Restaurant,,4.5,73,10 AM-8 PM,"pares, delivery, halo-halo, silog, garlic, kiosk, meatloaf, inihaw na liempo, website, the office",
MMK's Your New BFF Filipino Food,684 N Freedom Blvd,Provo,UT,84601,US,(801) 377-7766,https://mmksyournewbff816.godaddysites.com/,https://www.google.com/maps/place/MMK%27s+Your+New+BFF+Filipino+Food/data=!4m7!3m6!1s0x874d91be7568b281:0xbfcd078629e505c2!8m2!3d40.2428756!4d-111.6615641!16s%2Fg%2F11txl1lllr!19sChIJgbJodb6RTYcRwgXlKYYHzb8?authuser=0&hl=en&rclk=1,Restaurant,,4.8,293,11 AM-9 PM,"karaoke, pork adobo, chicken adobo, bicol express, entrees, beef caldereta, bistek, cafeteria, trip, snacks",
Mama's Cook House,5651 S 1900 W,Roy,UT,84067,US,(808) 498-1035,https://mamaskitchenut.store/,https://www.google.com/maps/place/Mama%27s+Cook+House/data=!4m7!3m6!1s0x87530538064c2419:0xcdbc4f83c9bac268!8m2!3d41.1609208!4d-112.0279208!16s%2Fg%2F11hz31mb_m!19sChIJGSRMBjgFU4cRaMK6yYNPvM0?authuser=0&hl=en&rclk=1,Restaurant,,4.7,117,11 AM-7 PM,"lechon kawali, pork, lumpia, BBQ, prices, kitchen, adobo, pancit, sisig, home",
Pinky's Food Hauz,1018 Washington Blvd,Ogden,UT,84404,US,(801) 648-9705,http://orderpinkysfoodhauz.com/,https://www.google.com/maps/place/Pinky%27s+Food+Hauz/data=!4m7!3m6!1s0x87530f005880cbb7:0x220cb0638692e285!8m2!3d41.2463381!4d-111.9682132!16s%2Fg%2F11vql9phrr!19sChIJt8uAWAAPU4cRheKShmOwDCI?authuser=0&hl=en&rclk=1,Restaurant,,4.7,91,10 AM-7:30 PM,"halo halo, food court, adobo, desserts, pancit, lumpia, orange chicken, mango float, fried pork belly, mango cheesecake",
Pinoy Inasal,67 W 1700 S,Salt Lake City,UT,84115,US,(801) 597-6425,https://pinoyinasal.com/,https://www.google.com/maps/place/Pinoy+Inasal/data=!4m7!3m6!1s0x8752f555c83857bd:0x4ddf2cad1d4696a5!8m2!3d40.7333202!4d-111.8933036!16s%2Fg%2F11wjhx32qf!19sChIJvVc4yFX1UocRpZZGHa0s300?authuser=0&hl=en&rclk=1,Restaurant,,4.6,69,11 AM-8 PM,"filipino food, sisig, chicken inasal, rice, kaldereta, pork, chicken adobo, turon, bicol express, hopia ube",
Smyly Pinoy Bread,8116 S 840 W,Sandy,UT,84070,US,,,https://www.google.com/maps/place/Smyly+Pinoy+Bread/data=!4m7!3m6!1s0x875289f22c039b57:0xcb5a712f839d2eb4!8m2!3d40.5824946!4d-111.9142123!16s%2Fg%2F11wvswb7b8!19sChIJV5sDLPKJUocRtC6dgy9xWss?authuser=0&hl=en&rclk=1,"Bakery, Dessert & Cafe",,0,0,,,
The Bros Cuisine,67 W 1700 S,Salt Lake City,UT,84115,US,(619) 792-8206,https://thebroscuisine.menufy.com/,https://www.google.com/maps/place/The+Bros+Cuisine/data=!4m7!3m6!1s0x8752f5007ba5f221:0x31d6db3804d62ebe!8m2!3d40.7333202!4d-111.8933036!16s%2Fg%2F11w9c_pdd8!19sChIJIfKlewD1UocRvi7WBDjb1jE?authuser=0&hl=en&rclk=1,Restaurant,,5,24,,"pares, chef, garlic fried rice, price",
Tita Ed's Sari-Sari Treats Filipino Pastries & More,660 N Freedom Blvd,Provo,UT,84601,US,(801) 812-2888,https://titaedssarisaritreats.godaddysites.com/,https://www.google.com/maps/place/Tita+Ed%27s+Sari-Sari+Treats+Filipino+Pastries+%26+More/data=!4m7!3m6!1s0x874d9183e5dfe6cf:0xb4910af5eb722501!8m2!3d40.2425639!4d-111.6615277!16s%2Fg%2F11l6x7w1g4!19sChIJz-bf5YORTYcRASVy6_UKkbQ?authuser=0&hl=en&rclk=1,"Bakery, Dessert & Cafe",,4.9,9,"11 AM-2 PM, 5-11 PM","ensaymada, snacks",
Naguenos Filipino-American Diner,34 Park St unit 8,Essex Junction,VT,5452,US,(802) 871-5363,https://www.facebook.com/people/Nague%C3%B1os-Filipino-American-Diner/100087108025161/,https://www.google.com/maps/place/Naguenos+Filipino-American+Diner/data=!4m7!3m6!1s0x4cca790fc700b56b:0x4b7ea2a63735b9!8m2!3d44.488831!4d-73.1118703!16s%2Fg%2F11k3mpqk04!19sChIJa7UAxw95ykwRuTU3pqJ-SwA?authuser=0&hl=en&rclk=1,Restaurant,,4.9,140,,"filipino food, lollipops, chicken inasal, garlic rice, pancit, popcorn chicken, pork sisig, lumpia, bicol express, turon",
Pica-Pica Filipino Cuisine,1214 Main St,St Johnsbury,VT,5819,US,(802) 424-1585,,https://www.google.com/maps/place/Pica-Pica+Filipino+Cuisine/data=!4m7!3m6!1s0x4cb44626967d16b9:0xecc63059faddfbfe!8m2!3d44.4189584!4d-72.0206725!16s%2Fg%2F11gc7m3541!19sChIJuRZ9liZGtEwR_vvd-lkwxuw?authuser=0&hl=en&rclk=1,Restaurant,,4.6,182,,"spring rolls, chef, dinner, gem, pork, adobo, halo-halo, trip, sisig, to go",
A Taste of Manila,3737 N 6th St,Wausau,WI,54403,US,(715) 409-1072,https://www.facebook.com/ATasteOfManilaWausau,https://www.google.com/maps/place/A+Taste+of+Manila/data=!4m7!3m6!1s0x880021c6e9ebebc1:0xa1af109c8cbe9214!8m2!3d44.9934252!4d-89.6179915!16s%2Fg%2F1th7yxmz!19sChIJwevr6cYhAIgRFJK-jJwQr6E?authuser=0&hl=en&rclk=1,Restaurant,,4.3,159,,"ice cream, egg rolls, root beer, happy, skewers, lumpia, cone, garlic rice, parking, gem",
Cocina Filipina Food Truck,6505 W North Ave,Wauwatosa,WI,53213,US,(414) 581-6840,https://usrestcafe.com/wauwatosa/375431-cocina-filipina-food-truck,https://www.google.com/maps/place/Cocina+Filipina+Food+Truck/data=!4m7!3m6!1s0x88051938448d0ecb:0x178d5ba9095a1fde!8m2!3d43.0605823!4d-87.993974!16s%2Fg%2F11kq856zyq!19sChIJyw6NRDgZBYgR3h9aCalbjRc?authuser=0&hl=en&rclk=1,Restaurant,,4.6,20,11:30 AM-7 PM,"pork, bowl, lumpia",
Lumpia City,315a N Milwaukee St,Waterford,WI,53185,US,(262) 332-6136,http://www.lumpiacity.com/,https://www.google.com/maps/place/Lumpia+City/data=!4m7!3m6!1s0x88059d8e26a5a6cd:0x1a33945d6e2b7bf3!8m2!3d42.7673115!4d-88.2071218!16s%2Fg%2F11y2dwgj9j!19sChIJzaalJo6dBYgR83srbl2UMxo?authuser=0&hl=en&rclk=1,Food Truck & Pop-Up,Quick Bites & Turo-Turo,5,25,11 AM-4 PM,"lunch, korean beef, fries, sweet chili, chicken enchilada, price, dipping sauce, fair, trip",
Oriental Goodies Filipino Restaurant,2242 State Rd,La Crosse,WI,54601,US,,,"https://www.google.com/maps/place/Oriental+Goodies+Filipino+Restaurant/@43.7976076,-91.2217323,17z/data=!3m1!4b1!4m6!3m5!1s0x87f955001a87de31:0x57d9e3cc588753eb!8m2!3d43.7976076!4d-91.2217323!16s%2Fg%2F11xs36x594?authuser=0&hl=en&entry=ttu&g_ep=EgoyMDI1MDgyNS4wIKXMDSoASAFQAw%3D%3D",Restaurant,,4.8,5,11 AM-6 PM,,
